CREATE DATABASE IF NOT EXISTS shopp_app_biti;
USE shopp_app_biti;

-- MySQL dump 10.13  Distrib 8.0.34, for Win64 (x86_64)
--
-- Host: localhost    Database: shopp_app_biti
-- ------------------------------------------------------
-- Server version	8.0.34

/*!40101 SET @OLD_CHARACTER_SET_CLIENT=@@CHARACTER_SET_CLIENT */;
/*!40101 SET @OLD_CHARACTER_SET_RESULTS=@@CHARACTER_SET_RESULTS */;
/*!40101 SET @OLD_COLLATION_CONNECTION=@@COLLATION_CONNECTION */;
/*!50503 SET NAMES utf8 */;
/*!40103 SET @OLD_TIME_ZONE=@@TIME_ZONE */;
/*!40103 SET TIME_ZONE='+00:00' */;
/*!40014 SET @OLD_UNIQUE_CHECKS=@@UNIQUE_CHECKS, UNIQUE_CHECKS=0 */;
/*!40014 SET @OLD_FOREIGN_KEY_CHECKS=@@FOREIGN_KEY_CHECKS, FOREIGN_KEY_CHECKS=0 */;
/*!40101 SET @OLD_SQL_MODE=@@SQL_MODE, SQL_MODE='NO_AUTO_VALUE_ON_ZERO' */;
/*!40111 SET @OLD_SQL_NOTES=@@SQL_NOTES, SQL_NOTES=0 */;

--
-- Table structure for table `cart`
--

DROP TABLE IF EXISTS `cart`;
/*!40101 SET @saved_cs_client     = @@character_set_client */;
/*!50503 SET character_set_client = utf8mb4 */;
CREATE TABLE `cart` (
                        `id` bigint NOT NULL AUTO_INCREMENT,
                        `quantity` int NOT NULL,
                        `product_id` bigint DEFAULT NULL,
                        `user_id` bigint DEFAULT NULL,
                        PRIMARY KEY (`id`),
                        KEY `FKpu4bcbluhsxagirmbdn7dilm5` (`product_id`),
                        KEY `FKg5uhi8vpsuy0lgloxk2h4w5o6` (`user_id`),
                        CONSTRAINT `FKg5uhi8vpsuy0lgloxk2h4w5o6` FOREIGN KEY (`user_id`) REFERENCES `users` (`id`),
                        CONSTRAINT `FKpu4bcbluhsxagirmbdn7dilm5` FOREIGN KEY (`product_id`) REFERENCES `products` (`id`)
) ENGINE=InnoDB AUTO_INCREMENT=108 DEFAULT CHARSET=utf8mb4 COLLATE=utf8mb4_0900_ai_ci;
/*!40101 SET character_set_client = @saved_cs_client */;

--
-- Dumping data for table `cart`
--

LOCK TABLES `cart` WRITE;
/*!40000 ALTER TABLE `cart` DISABLE KEYS */;
INSERT INTO `cart` VALUES (91,5,1,1),(101,3,3,3),(102,5,1,3),(103,8,10,3),(105,4,4,2),(106,1,8,2),(107,4,9,2);
/*!40000 ALTER TABLE `cart` ENABLE KEYS */;
UNLOCK TABLES;

--
-- Table structure for table `categories`
--

DROP TABLE IF EXISTS `categories`;
/*!40101 SET @saved_cs_client     = @@character_set_client */;
/*!50503 SET character_set_client = utf8mb4 */;
CREATE TABLE `categories` (
                              `id` bigint NOT NULL AUTO_INCREMENT,
                              `name` varchar(255) NOT NULL,
                              PRIMARY KEY (`id`)
) ENGINE=InnoDB AUTO_INCREMENT=6 DEFAULT CHARSET=utf8mb4 COLLATE=utf8mb4_0900_ai_ci;
/*!40101 SET character_set_client = @saved_cs_client */;

--
-- Dumping data for table `categories`
--

LOCK TABLES `categories` WRITE;
/*!40000 ALTER TABLE `categories` DISABLE KEYS */;
INSERT INTO `categories` VALUES (2,'Điện thoại'),(3,'Laptop'),(4,'Tai nghe'),(5,'Chuột');
/*!40000 ALTER TABLE `categories` ENABLE KEYS */;
UNLOCK TABLES;

--
-- Table structure for table `laptop`
--

DROP TABLE IF EXISTS `laptop`;
/*!40101 SET @saved_cs_client     = @@character_set_client */;
/*!50503 SET character_set_client = utf8mb4 */;
CREATE TABLE `laptop` (
                          `id` int NOT NULL,
                          `name` varchar(100) DEFAULT NULL,
                          PRIMARY KEY (`id`)
) ENGINE=InnoDB DEFAULT CHARSET=utf8mb4 COLLATE=utf8mb4_0900_ai_ci;
/*!40101 SET character_set_client = @saved_cs_client */;

--
-- Dumping data for table `laptop`
--

LOCK TABLES `laptop` WRITE;
/*!40000 ALTER TABLE `laptop` DISABLE KEYS */;
INSERT INTO `laptop` VALUES (1,'Dell XPS 13'),(2,'MacBook Air M1'),(3,'Lenovo ThinkPad X1 Carbon'),(4,'HP Spectre x360'),(5,'ASUS ROG Zephyrus G14'),(6,'Razer Blade 15'),(7,'Microsoft Surface Laptop 4'),(8,'Acer Swift 5'),(9,'LG Gram 17'),(10,'MSI GS66 Stealth'),(11,'Gigabyte Aero 15'),(12,'Huawei MateBook X Pro'),(13,'Dell Alienware m15'),(14,'Apple MacBook Pro 16'),(15,'Lenovo Yoga C940'),(16,'HP Envy 13'),(17,'ASUS ZenBook 14'),(18,'Razer Blade Stealth'),(19,'Microsoft Surface Book 3'),(20,'Acer Predator Helios 300'),(21,'LG UltraFine'),(22,'MSI Prestige 14'),(23,'Gigabyte G5 KC'),(24,'Huawei MateBook 14'),(25,'Dell Inspiron 15'),(26,'Apple MacBook Pro 13'),(27,'Lenovo Legion 5'),(28,'HP Pavilion 15'),(29,'ASUS TUF Gaming A15'),(30,'Razer Book 13'),(31,'Microsoft Surface Go 2'),(32,'Acer Aspire 5'),(33,'LG Gram 14'),(34,'MSI Creator 15'),(35,'Gigabyte AORUS 15G'),(36,'Huawei MateBook D 15'),(37,'Dell G5 15'),(38,'Lenovo IdeaPad 5'),(39,'HP ProBook 450'),(40,'ASUS VivoBook S15'),(41,'Razer Blade Pro 17'),(42,'Microsoft Surface Pro 7'),(43,'Acer ConceptD 7'),(44,'LG Gram 15'),(45,'MSI GL65 Leopard'),(46,'Gigabyte G7'),(47,'Huawei MateBook 13'),(48,'Dell Latitude 7410'),(49,'Lenovo ThinkBook 14s'),(50,'HP EliteBook 840'),(51,'ASUS ExpertBook B9450'),(52,'Razer Blade 15 Studio Edition'),(53,'Microsoft Surface Laptop Go'),(54,'Acer Chromebook Spin 713'),(55,'LG Ultra PC 17'),(56,'MSI Alpha 15'),(57,'Gigabyte AERO 17 HDR'),(58,'Huawei MateBook E'),(59,'Dell Precision 5550'),(60,'Lenovo ThinkPad T14'),(61,'HP ZBook Create G7'),(62,'ASUS ProArt StudioBook Pro X'),(63,'Razer Blade 14'),(64,'Microsoft Surface Laptop Studio'),(65,'Acer Nitro 5'),(66,'LG Gram 16'),(67,'MSI Summit E13 Flip'),(68,'Gigabyte U4 UD'),(69,'Huawei MateBook D 14'),(70,'Dell Vostro 5510'),(71,'Lenovo Flex 5'),(72,'HP Omen 15'),(73,'ASUS Chromebook Flip C436'),(74,'Razer Blade 15 Advanced'),(75,'Microsoft Surface Laptop 3'),(76,'Acer Enduro N3'),(77,'LG Gram 2-in-1'),(78,'MSI Modern 14'),(79,'Gigabyte G5 GD'),(80,'Huawei MateBook 16'),(81,'Dell XPS 15'),(82,'Lenovo ThinkPad P1'),(83,'HP Victus 16'),(84,'ASUS ROG Flow X13'),(85,'Razer Blade 17'),(86,'Microsoft Surface Pro X'),(87,'Acer TravelMate P6'),(88,'LG Gram +view'),(89,'MSI Katana GF66'),(90,'Gigabyte A5 X1'),(91,'Huawei MateBook B3-520'),(92,'Dell Latitude 5420'),(93,'Lenovo ThinkPad E14'),(94,'HP Elite Dragonfly'),(95,'ASUS ZenBook Duo 14'),(96,'Razer Blade 15 Base'),(97,'Microsoft Surface Go 3'),(98,'Acer Spin 5'),(99,'LG Gram 17Z90P'),(100,'MSI Pulse GL66'),(101,'Gigabyte AORUS 17G'),(102,'Huawei MateBook X'),(103,'Dell Inspiron 14'),(104,'Lenovo ThinkPad L13'),(105,'HP Spectre x360 14'),(106,'ASUS ROG Strix G15'),(107,'Razer Blade Stealth 13'),(108,'Microsoft Surface Laptop 4 15'),(109,'Acer Swift 3'),(110,'LG Ultra PC 15'),(111,'MSI Stealth 15M'),(112,'Gigabyte G5 MD'),(113,'Huawei MateBook D 16'),(114,'Dell Precision 3560'),(115,'Lenovo IdeaPad Gaming 3'),(116,'HP ProBook x360 435'),(117,'ASUS TUF Dash F15'),(118,'Razer Book'),(119,'Microsoft Surface Pro 8'),(120,'Acer Chromebook 714'),(121,'LG Gram 14Z90P'),(122,'MSI GE76 Raider'),(123,'Gigabyte AORUS 15P'),(124,'Huawei MateBook B5-430'),(125,'Dell G15'),(126,'Lenovo Yoga 7i'),(127,'HP EliteBook x360 1030'),(128,'ASUS ROG Zephyrus M16'),(129,'Razer Blade 15 (2022)'),(130,'Microsoft Surface Go 2 LTE'),(131,'Acer ConceptD 3 Ezel'),(132,'LG Gram 16Z90P'),(133,'MSI Creator Z16'),(134,'Gigabyte AERO 17 HDR YC'),(135,'Huawei MateBook 14s'),(136,'Dell Latitude 9420'),(137,'Lenovo ThinkBook 15'),(138,'HP ZBook Firefly 14'),(139,'ASUS ROG Flow Z13'),(140,'Razer Blade 17 (2022)'),(141,'Microsoft Surface Laptop Go 2'),(142,'Acer Swift X'),(143,'LG Gram 17Z90P'),(144,'MSI Delta 15'),(145,'Gigabyte AORUS 17 XE'),(146,'Huawei MateBook X Pro 2022'),(147,'Dell Inspiron 16 Plus'),(148,'Lenovo ThinkPad X13'),(149,'HP Envy x360 15'),(150,'ASUS ZenBook Pro Duo 15'),(151,'Razer Blade 14 (2022)'),(152,'Microsoft Surface Laptop Studio 2'),(153,'Acer Predator Triton 500 SE'),(154,'LG Gram 14 2-in-1'),(155,'MSI Crosshair 15'),(156,'Gigabyte AERO 16'),(157,'Huawei MateBook 16s'),(158,'Dell XPS 17'),(159,'Lenovo Legion 7'),(160,'HP Dev One'),(161,'ASUS ROG Strix Scar 17'),(162,'Razer Blade 15 OLED'),(163,'Microsoft Surface Pro 9'),(164,'Acer Aspire Vero'),(165,'LG UltraPC 17U70Q'),(166,'MSI Titan GT77'),(167,'Gigabyte AORUS 17X'),(168,'Huawei MateBook E Go'),(169,'Dell Precision 7770'),(170,'Lenovo ThinkPad Z13'),(171,'HP Dragonfly Folio G3'),(172,'ASUS Zenbook S 13 OLED'),(173,'Razer Blade 18'),(174,'Microsoft Surface Laptop 5'),(175,'Acer Chromebook Vero 514'),(176,'LG Gram Style 16'),(177,'MSI Raider GE78 HX'),(178,'Gigabyte AERO 14 OLED'),(179,'Huawei MateBook D 16 2023'),(180,'Dell Latitude 7330 Ultralight'),(181,'Lenovo ThinkPad X1 Nano'),(182,'HP Elite Dragonfly G3'),(183,'ASUS ExpertBook B9 OLED'),(184,'Razer Blade 16'),(185,'Microsoft Surface Laptop Go 3'),(186,'Acer Swift Edge'),(187,'LG Gram SuperSlim'),(188,'MSI Cyborg 15'),(189,'Gigabyte U4 UD-50JP828SO'),(190,'Huawei MateBook X Pro 2023'),(191,'Dell Latitude 9430'),(192,'Lenovo ThinkPad Z16'),(193,'HP EliteBook 1040 G9'),(194,'ASUS ROG Zephyrus Duo 16'),(195,'Razer Blade 15 (2023)'),(196,'Microsoft Surface Pro 9 5G'),(197,'Acer Predator Helios 16'),(198,'LG Gram 17 (2023)'),(199,'MSI CreatorPro X17'),(200,'Gigabyte AORUS 15X'),(201,'Lenovo Yoga Slim 7i'),(202,'HP Pavilion Aero 13'),(203,'ASUS ROG Zephyrus S17'),(204,'Dell Precision 5470'),(205,'Acer Predator Triton 300 SE'),(206,'MSI Prestige 15 A11SCX'),(207,'Huawei MateBook B3-410'),(208,'Gigabyte G5 MF'),(209,'Razer Blade 15 Studio Edition (2021)'),(210,'LG Gram 14 2-in-1 (2021)'),(211,'Microsoft Surface Laptop 4 13.5'),(212,'Apple MacBook Air (M2)'),(213,'Lenovo ThinkPad X1 Extreme Gen 4'),(214,'HP Elite Folio'),(215,'ASUS ProArt StudioBook 16 OLED'),(216,'Dell Latitude 5330'),(217,'Acer Chromebook Spin 514'),(218,'MSI Summit E16 Flip'),(219,'Huawei MateBook 14 2021'),(220,'Gigabyte AERO 15 OLED XD'),(221,'Razer Book 13 (Late 2020)'),(222,'LG Ultra PC 17U70N'),(223,'Microsoft Surface Go 3 LTE Advanced'),(224,'Apple MacBook Pro 14'),(225,'Lenovo IdeaPad Flex 5'),(226,'HP ZBook Studio G8'),(227,'ASUS VivoBook Pro 16X OLED'),(228,'Dell Inspiron 16 2-in-1'),(229,'Acer TravelMate Spin P4'),(230,'MSI Vector GP66'),(231,'Huawei MateBook D 15 2021'),(232,'Gigabyte A7 X1'),(233,'Razer Blade Pro 17 (2021)'),(234,'LG Gram 16 2-in-1'),(235,'Microsoft Surface Laptop Studio (2021)'),(236,'Apple iMac 24-inch (M1, 2021)'),(237,'Lenovo Legion Slim 7'),(238,'HP Chromebook x360 14c'),(239,'ASUS ZenBook 14X OLED'),(240,'Dell XPS 13 2-in-1'),(241,'Acer Swift 3X'),(242,'MSI Creator Z16P'),(243,'Huawei MateBook 13s'),(244,'Gigabyte AORUS 15P YD'),(245,'Razer Blade Stealth 13 (Late 2020)'),(246,'LG Gram 17Z90P-K.AAB8U1'),(247,'Microsoft Surface Pro 7+'),(248,'Apple Mac Mini (M1, 2020)'),(249,'Lenovo ThinkBook 13s Gen 2'),(250,'HP Envy 14 (2021)'),(251,'ASUS ROG Zephyrus G15 GA503'),(252,'Dell Latitude 7320 Detachable'),(253,'Acer ConceptD 7 Ezel Pro'),(254,'MSI Sword 15'),(255,'Huawei MateBook X 2021'),(256,'Gigabyte G7 MD'),(257,'Razer Blade 14 (2021)'),(258,'LG Gram 16Z90P-K.AAB6U1'),(259,'Microsoft Surface Book 3 15'),(260,'Apple iMac 27-inch (2020)'),(261,'Lenovo ThinkPad X13 Yoga'),(262,'HP Spectre x360 16'),(263,'ASUS TUF Gaming F17'),(264,'Dell Precision 3561'),(265,'Acer Aspire 7'),(266,'MSI Bravo 15'),(267,'Huawei MateBook B7-410'),(268,'Gigabyte AORUS 17G YD'),(269,'Razer Blade 15 Base (Early 2021)'),(270,'LG Ultra PC 13U70P'),(271,'Microsoft Surface Laptop 3 13.5'),(272,'Apple MacBook Pro 13 (M1, 2020)'),(273,'Lenovo ThinkPad P15v'),(274,'HP ProBook x360 11 G7'),(275,'ASUS ROG Strix G17 G713'),(276,'Dell Vostro 15 3500'),(277,'Acer Chromebook 515'),(278,'MSI Stealth GS76'),(279,'Huawei MateBook 14 2022'),(280,'Gigabyte G5 GD'),(281,'Razer Blade 17 Pro (2020)'),(282,'LG Gram 14Z90P-K.AAB6U1'),(283,'Microsoft Surface Pro X SQ2'),(284,'Apple Mac Pro (2019)'),(285,'Lenovo ThinkPad L14'),(286,'HP EliteBook 840 Aero G8'),(287,'ASUS ZenBook Pro Duo 15 OLED UX582'),(288,'Dell G3 15'),(289,'Acer Enduro N7'),(290,'MSI Creator 17M'),(291,'Huawei MateBook D 14 2022'),(292,'Gigabyte AERO 17 HDR XD'),(293,'Razer Blade 15 Advanced (Mid 2021)'),(294,'LG Gram 15Z90P-K.AA79U1'),(295,'Microsoft Surface Laptop Go 2'),(296,'Apple MacBook Air (M1, 2020)'),(297,'Lenovo ThinkPad X1 Yoga Gen 6'),(298,'HP Omen 16'),(299,'ASUS ROG Flow X13 GV301'),(300,'Dell Latitude 5520'),(301,'Acer Nitro 7'),(302,'MSI Alpha 17'),(303,'Huawei MateBook 16 2022'),(304,'Gigabyte AORUS 15G XC'),(305,'Razer Blade Stealth 13 (Early 2021)'),(306,'LG Gram 17Z90P-K.AA75U1'),(307,'Microsoft Surface Book 3 13.5'),(308,'Apple iMac Pro (2017)'),(309,'Lenovo ThinkPad E15 Gen 3'),(310,'HP ProBook 445 G8'),(311,'ASUS ExpertBook B7 Flip'),(312,'Dell Precision 7560'),(313,'Acer Swift 5 SF514-55T'),(314,'MSI Modern 15'),(315,'Huawei MateBook X Pro 2022'),(316,'Gigabyte G5 KC'),(317,'Razer Blade 15 Base (Late 2021)'),(318,'LG Ultra PC 15UD50N'),(319,'Microsoft Surface Go 2 LTE Advanced'),(320,'Apple MacBook Pro 16 (M1 Max)'),(321,'Lenovo Yoga 9i 14'),(322,'HP ZBook Fury 15 G8'),(323,'ASUS ROG Strix Scar 15 G533'),(324,'Dell XPS 13 Plus'),(325,'Acer Spin 1'),(326,'MSI Pulse GL76'),(327,'Huawei MateBook 13 2021'),(328,'Gigabyte U4 UD-50S1823SO'),(329,'Razer Book 13 (2021)'),(330,'LG Gram 14T90P'),(331,'Microsoft Surface Laptop 4 15 AMD'),(332,'Apple MacBook Pro 14 (M1 Pro)'),(333,'Lenovo ThinkBook 14s Yoga'),(334,'HP Elite x2 G8'),(335,'ASUS TUF Dash F15 FX516'),(336,'Dell Inspiron 14 2-in-1'),(337,'Acer Chromebook Spin 311'),(338,'MSI Creator M16'),(339,'Huawei MateBook E 2022'),(340,'Gigabyte AERO 16 YE'),(341,'Razer Blade 17 (2022)'),(342,'LG Gram 16Z90P-G.AA75A5'),(343,'Microsoft Surface Pro 8 LTE'),(344,'Apple MacBook Air (M2, 2022)'),(345,'Lenovo ThinkPad P15 Gen 2'),(346,'HP Dev One'),(347,'ASUS ROG Zephyrus M16 GU603'),(348,'Dell Latitude 7420'),(349,'Acer Predator Helios 500'),(350,'MSI GE76 Raider 11UH'),(351,'Huawei MateBook 14s 2022'),(352,'Gigabyte AORUS 17 XE4'),(353,'Razer Blade 14 (2022)'),(354,'LG Gram 17Z90Q'),(355,'Microsoft Surface Laptop Studio 2'),(356,'Apple Mac Studio (M1 Ultra)'),(357,'Lenovo Legion 5 Pro'),(358,'HP EliteBook x360 1040 G9'),(359,'ASUS Zenbook 14X OLED Space Edition'),(360,'Dell Precision 5570'),(361,'Acer Swift X (SFX14-51G)'),(362,'MSI Raider GE67HX'),(363,'Huawei MateBook X Pro 2022'),(364,'Gigabyte AERO 5 XE4'),(365,'Razer Blade 15 (2022)'),(366,'LG Gram +View'),(367,'Microsoft Surface Pro 9 5G'),(368,'Apple MacBook Pro 13 (M2, 2022)'),(369,'Lenovo ThinkPad Z16'),(370,'HP Spectre x360 13.5'),(371,'ASUS ROG Flow Z13 (2022)'),(372,'Dell Latitude 5430'),(373,'Acer Aspire 3 (A315-59G)'),(374,'MSI Vector GP76'),(375,'Huawei MateBook D16 2022'),(376,'Gigabyte AORUS 15 XE4'),(377,'Razer Blade 16 (2023)'),(378,'LG Gram Style 14'),(379,'Microsoft Surface Laptop 5 13.5'),(380,'Apple Mac Mini (M2, 2023)'),(381,'Lenovo Yoga 7i 16'),(382,'HP Dragonfly Folio G3'),(383,'ASUS Zenbook S 13 OLED (2022)'),(384,'Dell Inspiron 16 Plus'),(385,'Acer Chromebook 516 GE'),(386,'MSI Stealth GS77'),(387,'Huawei MateBook X 2022'),(388,'Gigabyte AERO 16 XE5'),(389,'Razer Blade 18 (2023)'),(390,'LG Gram 17 (2023)'),(391,'Microsoft Surface Go 4'),(392,'Apple iMac 24-inch (M3, 2023)'),(393,'Lenovo ThinkBook Plus Gen 3'),(394,'HP EliteBook 840 G9'),(395,'ASUS ProArt Studiobook Pro 16 OLED (W7600)'),(396,'Dell XPS 15 (9520)'),(397,'Acer TravelMate P6 (2022)'),(398,'MSI CreatorPro Z17 HX Studio'),(399,'Huawei MateBook 16s 2023'),(400,'Gigabyte AORUS 17X (2023)');
/*!40000 ALTER TABLE `laptop` ENABLE KEYS */;
UNLOCK TABLES;

--
-- Table structure for table `order_details`
--

DROP TABLE IF EXISTS `order_details`;
/*!40101 SET @saved_cs_client     = @@character_set_client */;
/*!50503 SET character_set_client = utf8mb4 */;
CREATE TABLE `order_details` (
                                 `id` bigint NOT NULL AUTO_INCREMENT,
                                 `price` float DEFAULT NULL,
                                 `quantity` int DEFAULT NULL,
                                 `total_money` float DEFAULT NULL,
                                 `order_id` bigint DEFAULT NULL,
                                 `product_id` bigint DEFAULT NULL,
                                 PRIMARY KEY (`id`),
                                 KEY `FKjyu2qbqt8gnvno9oe9j2s2ldk` (`order_id`),
                                 KEY `FK4q98utpd73imf4yhttm3w0eax` (`product_id`),
                                 CONSTRAINT `FK4q98utpd73imf4yhttm3w0eax` FOREIGN KEY (`product_id`) REFERENCES `products` (`id`),
                                 CONSTRAINT `FKjyu2qbqt8gnvno9oe9j2s2ldk` FOREIGN KEY (`order_id`) REFERENCES `orders` (`id`)
) ENGINE=InnoDB AUTO_INCREMENT=3626 DEFAULT CHARSET=utf8mb4 COLLATE=utf8mb4_0900_ai_ci;
/*!40101 SET character_set_client = @saved_cs_client */;

--
-- Dumping data for table `order_details`
--

LOCK TABLES `order_details` WRITE;
/*!40000 ALTER TABLE `order_details` DISABLE KEYS */;
INSERT INTO `order_details` VALUES (7,7501,1,7501,6,6),(8,7596,9,68364,6,1),(9,133,3,399,8,2),(10,9067,3,27201,8,3),(11,3083,4,12332,9,11),(12,7596,6,45576,10,1),(13,6176,5,30880,10,12),(14,3031,3,9093,11,8);
/*!40000 ALTER TABLE `order_details` ENABLE KEYS */;
UNLOCK TABLES;

--
-- Table structure for table `orders`
--

DROP TABLE IF EXISTS `orders`;
/*!40101 SET @saved_cs_client     = @@character_set_client */;
/*!50503 SET character_set_client = utf8mb4 */;
CREATE TABLE `orders` (
                          `id` bigint NOT NULL AUTO_INCREMENT,
                          `active` bit(1) DEFAULT NULL,
                          `order_date` datetime(6) DEFAULT NULL,
                          `payment_method` varchar(255) DEFAULT NULL,
                          `shipping_address` varchar(255) DEFAULT NULL,
                          `shipping_date` date DEFAULT NULL,
                          `shipping_method` varchar(255) DEFAULT NULL,
                          `status` varchar(255) DEFAULT NULL,
                          `total_money` float DEFAULT NULL,
                          `tracking_number` varchar(255) DEFAULT NULL,
                          `user_id` bigint DEFAULT NULL,
                          `order_code` varchar(255) DEFAULT NULL,
                          PRIMARY KEY (`id`),
                          KEY `FK32ql8ubntj5uh44ph9659tiih` (`user_id`),
                          CONSTRAINT `FK32ql8ubntj5uh44ph9659tiih` FOREIGN KEY (`user_id`) REFERENCES `users` (`id`)
) ENGINE=InnoDB AUTO_INCREMENT=1226 DEFAULT CHARSET=utf8mb4 COLLATE=utf8mb4_0900_ai_ci;
/*!40101 SET character_set_client = @saved_cs_client */;

--
-- Dumping data for table `orders`
--

LOCK TABLES `orders` WRITE;
/*!40000 ALTER TABLE `orders` DISABLE KEYS */;
INSERT INTO `orders` VALUES (6,_binary '','2024-10-03 13:54:32.881000','Xe may','Hải Châu','2024-10-07','Vận chuyển tiêu chuẩn','pending',75865,NULL,3,'241007103013'),(8,_binary '','2024-10-03 14:01:41.473000','Xe may','Hòa Xuân','2024-10-07','Vận chuyển nhanh','pending',27600,NULL,3,'241007103014'),(9,_binary '','2024-10-03 14:13:21.680000','Xe may','Hải Châu','2024-10-07','Giao hàng trong ngày','pending',12332,NULL,3,'241007103015'),(10,_binary '','2024-10-03 14:19:22.729000','Xe may','Liên Chiểu','2024-10-07','Vận chuyển nhanh','pending',76456,NULL,2,'241007103016'),(11,_binary '','2024-10-03 14:32:43.507000','Xe may','Hòa Xuân','2024-10-04','Vận chuyển nhanh','pending',23088,NULL,2,'241007103017'),(12,_binary '','2024-10-03 15:14:58.230000','Xe may','Hòa Xuân','2024-10-04','Vận chuyển nhanh','pending',62762,NULL,2,'241007103018'),(13,_binary '','2024-10-04 14:02:49.761000','Xe may','Thanh Khê','2024-10-04','Vận chuyển nhanh','pending',30517,NULL,2,'241007103019'),(16,_binary '','2024-10-05 14:18:53.014000','Xe may','Hòa Xuân','2024-10-04','Giao hàng trong ngày','pending',45851,NULL,2,'#241007103022'),(17,_binary '','2024-10-07 10:30:23.927000','Xe may','Cẩm Lệ','2024-10-04','Giao hàng trong ngày','pending',84342,NULL,3,'#241007103023'),(18,_binary '','2024-10-07 11:03:05.164000','Xe may','Liên Chiểu','2024-10-04','Giao hàng trong ngày','pending',19239,NULL,2,'#241007110305');
/*!40000 ALTER TABLE `orders` ENABLE KEYS */;
UNLOCK TABLES;

--
-- Table structure for table `product_images`
--

DROP TABLE IF EXISTS `product_images`;
/*!40101 SET @saved_cs_client     = @@character_set_client */;
/*!50503 SET character_set_client = utf8mb4 */;
CREATE TABLE `product_images` (
                                  `id` bigint NOT NULL AUTO_INCREMENT,
                                  `image_url` varchar(300) DEFAULT NULL,
                                  `product_id` bigint DEFAULT NULL,
                                  PRIMARY KEY (`id`),
                                  KEY `FKqnq71xsohugpqwf3c9gxmsuy` (`product_id`),
                                  CONSTRAINT `FKqnq71xsohugpqwf3c9gxmsuy` FOREIGN KEY (`product_id`) REFERENCES `products` (`id`)
) ENGINE=InnoDB AUTO_INCREMENT=561 DEFAULT CHARSET=utf8mb4 COLLATE=utf8mb4_0900_ai_ci;
/*!40101 SET character_set_client = @saved_cs_client */;

--
-- Dumping data for table `product_images`
--

LOCK TABLES `product_images` WRITE;
/*!40000 ALTER TABLE `product_images` DISABLE KEYS */;
INSERT INTO `product_images` VALUES (126,'d0c2549f-a0ec-488c-b689-88e2f4d7c929_asus-rog-phone-5s-trang.jpg',1),(127,'f6f735eb-8ce0-4b75-af29-3e32c2ffaecb_asus-rog-phone-5s-snap-888-mobilecity-vn-.jpg',1),(128,'036db681-d1d7-4b95-b554-1006cea33ce3_asus-rog-phone-5s-snap-888-mobilecity-vn-5.JPG',1),(129,'8b2af21c-87e2-430f-b793-c12c756f148c_asus-rog-phone-5s-snap-888-mobilecity-vn-19.JPG',1),(130,'5fa264c2-5e6f-4b26-99e8-5445cecaf3c4_asus-rog-phone-5s-snap-888-mobilecity-vn-21.JPG',1),(134,'812e19de-f151-4c98-8b2a-dd6d30a2d65d_2-2.png',3),(135,'fe10916d-3187-4a35-97d9-a8633ff4b85e_Sony-Alpha-Universe-Xperia-1-IV-_mmWave_back_black.jpg',3),(136,'d0390c3d-30a4-45fe-90c5-87760bb678ea_sony-xperia-1-iv-purple-ntstore-com-vn.jpg',3),(137,'216c5d14-ad9f-48b6-830b-ae0ee1aefeda_SonyXperia-IV-4.jpg',3),(138,'272e4dd0-d71f-4736-841c-d4970771b8f8_xperia-1-v-mark-5-den_38ba7ebf4f71476f8251fcfa8ea82bbd_master_6a7d2548fffe415da196d5632064bc8a_master.jpg',3),(139,'4e237e06-c5a7-4706-a376-12fe7b03fb38_honor-30-1_800x450.jpg',5),(140,'c85f2a8b-1f28-49f4-850f-b71748b84444_honor-30-pro-1.jpg',5),(141,'9afcd463-b592-4446-9b7a-0956b2e792ab_honor-30-pro-1-600x600.jpg',5),(142,'879e79a0-317b-4a29-8c9e-e0931d475610_honor-30-pro-plus-600x600-1-600x600.jpg',5),(143,'cb248efe-dc74-4807-960e-53c98230f136_photo-1-15869470151251686283801.jpg',5),(149,'5453ebfd-fb90-448f-b112-9175c4180d7b_honor-30-1_800x450.jpg',7),(150,'39946158-b583-4f57-a40f-4afd03884312_honor-30-pro-1-600x600.jpg',7),(151,'b50df2a4-9a29-442c-9bf4-e1ed0ffb8080_honor-30-pro-plus-600x600-1-600x600.jpg',7),(152,'30acf9b9-73fe-4596-8599-c675df4e9ef0_photo-1-15869470151251686283801.jpg',7),(153,'402efef0-cdec-46f8-b561-6c8dfbb761cc_Hef5a6795a5234cb1a36107bf80a11201k.jpg',9),(154,'985efbb9-63ea-4a33-8755-5d530d2b8be9_huawei-nova-8-600x600-600x600.jpg',9),(155,'ec1d6d47-d5bc-4ec1-872d-6b588dcae1bb_huawei-nova-8-pro-600x600-600x600.jpg',9),(156,'c5948df3-e117-4610-92ae-afee51d5c192_huawei-nova-8-se-600x600-600x600.jpg',9),(157,'bad0f0be-5dd2-411f-8693-0d41baa61e86_MPH8976S.jpg',9),(158,'677db31f-3e1b-422a-a2b4-26efa352b835_71oIjjNm+nL.jpg',10),(159,'e67048f3-60ef-4b16-a3a0-de2c55860419_g42-5g-ta-1586-nokia-original-imagunrqsdh8ghvv.jpg',10),(160,'c9599039-6d49-4525-9054-1e579259337f_images.jpg',10),(161,'fdc70dc9-8637-40f6-8db8-19faa52615e9_nokia-G42_5G-so_pink-front_back-in.jpg',10),(162,'5c4b26eb-bf57-49fa-b8dd-01eced118a1f_nokia-g42-5g-600x600.jpg',10),(163,'bfc74d45-7edf-49ee-a510-e19f770083e8_cccs_2_1.jpg',13),(164,'1a337ee7-a6a8-4fa4-99b8-bc230ebeda0d_poco-m3-pro-5g-ma-u-den.jpg',13),(165,'efd027c6-ddef-4666-9e91-438e2fd591f4_pocom32.jpg',13),(166,'9e83431d-fe03-493d-ab99-6059543d4b89_Xiaomi-POCO-M3-2.jpg',13),(167,'fa8c60ae-f6a1-4695-b5f6-ecf6bd37b4c5_xiaomi-poco-m3-xanh_1617883612.jpg',13),(168,'9fe199eb-71ef-4c2c-9be3-33a14dd1586f_-original-imagetmeguhrdsqs.jpg',16),(169,'82f429ca-bf99-42aa-baac-7e9c6a81b039_realme-gt-explorer-edition-gold.jpg.jpg',16),(170,'1bcf627b-7b58-4ec4-9ff5-b6ad696ae515_realme-gt-master-edition-1-600x600.jpg',16),(171,'57d3634d-73ed-4431-8e63-11dc866b44a9_realme-gt-master-ma-u-da-sa-c.jpg',16),(172,'5acf0746-022d-4af6-88f0-d3d262efa87a_trangaurora_1626870257.jpg.jpg',16),(173,'fe742da2-cee9-4ed5-89d5-3cd88425fd55_asus-rog-phone-8_2_.jpg',19),(174,'82542c84-9917-4a25-bbb5-bf2b19ac6773_die-n-thoa-i-rogphone-8-gia-re-1.jpg',19),(175,'ff018799-f644-4183-8568-98eced30c8e3_ien-thoai-asua-111532.jpg',19),(176,'2e981a1a-d412-4bc0-a919-ba3a79b8fa1e_MTASUSROGPHONE8PRO512.jpg',19),(177,'553deb73-a23d-4b14-8810-15ee73efcb7f_rog-phone-8-series.jpg',19),(178,'a9ad9bea-2893-4b61-9f2e-793f06cb3748_huawei-nova-8-se-4g-2_1280x809-800-resize.jpg',26),(179,'55e39b77-e135-4296-b1a4-b356b2f3426a_huawei-nova-8-se-600x600-600x600.jpg',26),(180,'eec91677-3454-4a06-8230-52fe48dc43d7_huawei-nova-8-se-vitality-edition-600x600.jpg',26),(181,'328b5774-cb55-4b9a-8772-0f5a124e740e_Huawei-Nova-8-SE-Vitality-Edition-e1627410468484.jpg',26),(182,'3215497f-6203-49e5-a488-3ff2c4ea8d21_untitled1_800x547.jpg',26),(183,'8d08bfe1-a23e-4c82-adcc-8683b2c6d725__ter3434_3_.jpg',27),(184,'3a01d718-8f41-41f8-802e-9a3b34bb659f_962b3f6f-a2de-4e17-8c97-9b31c259ed49.jpg',27),(185,'9a2785a6-ceb6-4ee2-ad5d-04cfb6f1970c_abae779b4c854658a76108e12e20f59c.jpg',27),(186,'33c75af5-cefd-4ea2-8d92-b93d281697e9_images.jpg',27),(187,'17ae48cb-03fb-4364-a8c0-e790a6d91844_p60-art-gold_1679822538.jpg',27),(188,'37ed386c-9e49-4cee-9d74-997c301452e2_iPhone-14-pro-max-silver-2-1024x1024.jpg',28),(189,'cd980a37-2074-4ed8-845f-521f56e49a1a_iphone-14-pro-max-tim-thumb-600x600.jpg',28),(190,'6793fbf1-8283-4a25-9d8a-eacfc11a5f3e_product-194941.jpg',28),(191,'8244c95b-67e4-4857-b55b-1d78e12a7319_MPU73.jpg',28),(192,'d6040a3a-4807-42a4-b38e-1d0127e05bb8_product-194941.jpg',28),(193,'864fe88d-5dad-4b81-9fdc-85d5cd7411eb_3_51_1_2_2_1_1_2_1_1.jpg',32),(194,'5bc8d03b-ef4a-45b1-af73-42f39158c747_anh-dt-ip-0a18aa7d-a836f-59f79e65a340.jpg',32),(195,'804191df-9f93-42a8-bc8e-ec90863ff5d3_anh-dt-ipd-29d37661-85ff-4ebc-ab38-174989574598-998d4a73-ee91-438c-af57-e77a71d13c03-01b4ec7d-d8b6-4716-a53a-08b56ca14277-aa91604a-ecaa-4765-94b6-2a0440c3cdcc.jpg',32),(196,'544d9817-8d6e-47b9-9f0a-9914310e7f43_avt-iphone-13-pro-max-gold.jpg',32),(197,'cd5b4aea-097b-4590-bfca-8856f5bbe556_iphone-13-pro.jpg',32),(198,'d4048eaf-e33a-476c-b9b5-b63c6ca173fb_1_e5d924faae544a4687e063c556769d6e_large.jpg',35),(199,'e0134aa2-b6bc-44d0-84e3-787da83afad5_123_1717838483.jpg.jpg',35),(200,'2223ece3-7da3-4614-92ca-0150b54d7e8e_361_900x540-800-resize.jpg',35),(201,'70a20a3f-5ef4-4c42-8e1b-1989453fb851_sony-xperia-10-iii-xanh-duong.jpg.jpg',35),(202,'b8b75a45-7b9b-405f-81ab-08f0174f9b9b_xperia-10-v-tim-720x720.jpg',35),(203,'ebf650c9-1e42-4dd4-af93-9e33e7f73469_111_800x450.jpg',39),(204,'c9b8e7e5-1feb-42ef-85ad-57cb3506abae_636912023151914612_honor-20-lite-xanh-.jpg',39),(205,'e1ed859b-0316-4fec-8eb0-909694355a6c_honor-20-lite-600x600.jpg',39),(206,'9a216a87-03bd-46c5-a46b-7deed1143ffb_honor-30-lite.jpg',39),(207,'0d429a5e-8832-454c-a2b2-99dfa3173d08_images.jpg',39),(208,'8145294f-3ca7-4641-b4ad-37bbf8ee6d4b_dien_thoai_infinix_note_30_pro_b0f8f2f4a95344edb623af69449b21c0.jpg',41),(209,'a1864d2b-8450-4cf5-8a96-3953b974798c_images.jpg',41),(210,'618de0b3-7062-4c8c-9d34-83b6a48cbb40_infinix-note-30-5g.jpg',41),(211,'260dab1f-d13d-4962-94b6-a8ef5522c5f5_Infinix-Note-30-Pro-5G-Main-images8_8341.jpg',41),(212,'03519473-92ba-4ce2-98ac-e665bb9b7091_note-30-pro-black.png.jpg',41),(213,'3c7a8c51-41fc-43a6-ae6e-39993b1eef74_Galaxy-M54-lieu-co-tot-hon-galaxy-A54-XTmobile.jpg',44),(214,'74545cb8-b955-4ff8-9189-8ea5f206f611_in-op-lung-dien-thoai-samsung-m54-theo-yeu-cau-anh-dai-dien.jpg',44),(215,'9a1d353d-b3ee-456b-ae85-0540ad75bc26_Samsung Galaxy M547974.jpg',44),(216,'9fcebee9-e855-40fe-b12c-27ec11bed85c_samsung-galaxy-m54-xanh-thumb-600x600.jpg',44),(217,'34e21f92-5cc4-49ef-a48d-e2bc69bc6f5a_vn-feature-go-sharp-and-steadywith-multi-lens-camera-538801711.jpg',44),(218,'a73c91fa-3001-44ba-8e5e-1f06feb0099d_Hef5a6795a5234cb1a36107bf80a11201k.jpg',45),(219,'cf1827ad-c236-4692-a398-999a2b55565b_huawei-nova-8-600x600-600x600.jpg',45),(220,'648ab775-abbf-4f1b-9a1b-59da6b1d2f75_huawei-nova-8-pro-600x600-600x600.jpg',45),(221,'cd9beca6-9696-4595-9da1-421d786487de_huawei-nova-8-se-600x600-600x600.jpg',45),(222,'552132e3-db3f-4354-a81e-39ba58a0dfe4_MPH8976S.jpg',45),(223,'9e71d34c-4037-47e9-91f5-d1e109424526_61G-KeNnaFL._AC_UF1000,1000_QL80_.jpg',53),(224,'28533379-1f90-42f8-bff6-c5ae3e156f95_dien_thoai_motorola_razr_50_ultra_353565cd943445d8a9c11ce9e848fd9c.jpg',53),(225,'e21cab8d-1d83-4a3d-825f-84a86de5286d_images.jpg',53),(226,'4b5b9572-ad1b-4412-bcd6-bbf40dfa7056_motorola-razr-50-ultra-1.jpg',53),(227,'d2a4fb39-e72b-4e19-90d4-02a5fc9999c1_razr-50-ultra-PDP-Highlights-1-ROW-M-wg90g62l.jpg',53),(228,'d5e2822c-e427-44ea-9308-800cf52e04af_71BJz1Hyz6L._AC_SL1500_.jpg',54),(229,'9a111ff3-fef5-4a4b-9951-01eb2977cc5f_d78000_7__2.jpg',54),(230,'014c5704-df9f-48bc-9e5f-459e798635f1_img08.jpg',54),(231,'5b1c06ae-f467-417d-b46e-a9e69af0dcc0_s-l500.jpg',54),(232,'a1595e7d-6f4e-4251-9283-0ee37de2d875_xiaomi-poco-x5-pro.jpg',54),(233,'03e51598-7e1f-4f28-8927-5ffe9da6adfc_2_2de65bd1c52946818faa119a182104f4_1024x1024.jpg',57),(234,'af1789f7-2ecf-44e4-b7b2-1cb6c9cc3b12_2412092a6194ee3768652a0e7a6d846c.jpg',57),(235,'48e09728-8a7c-4abd-a7a2-9816d7214277_nokia-c20-16gb_main_40_1020.png.jpg',57),(236,'06018997-60fa-4a5d-9bdd-e6000a317b38_nokia-c20-n.jpg',57),(237,'ac59a91e-b241-43f6-b7a3-c9527d8b8444_nokia-c20-vang-1-600x600.jpg',57),(238,'d2ebdef8-427b-4eeb-9b67-66dd3ad6f71c_asus-rog-phone6-01-500x500.jpg',66),(239,'23263404-f068-4dd7-9d50-c8b93e046dc9_asus-rog-phone-6-pro-1-600x600.jpg',66),(240,'4d2c3906-c7a4-48d1-80f9-caa813335fae_asus-rog-phone-6-ra-mat-05-scaled.jpg',66),(241,'d33861fc-21e4-4073-8a40-2f7358a74319_rog6_den.jpg',66),(242,'4304baba-28b0-446a-bbc7-c6908f724d4a_rog6pro_trang.jpg',66),(243,'d4706daa-915d-4e58-a516-9a8a7751fa42_images.jpg',68),(244,'9a05e00c-d3cd-4493-a5b5-01c742f954d3_zte_axon_20_5g_extreme_878ea15e082e4edeb3b5a8fd61a4209d_grande.jpg',68),(245,'33fa55dc-03c6-4b24-9c7f-f1be6be77534_zte-7-of-11_1600478257.jpg',68),(246,'7f5725eb-bdbc-451a-a94d-4ab09238d6ae_zte-axon-20-5g-2.jpg',68),(247,'bc884ee1-3fa2-4cba-bd6d-fe12fc031149_zte-axon-20-5g-3.jpg',68),(248,'c7596690-4600-4170-a39c-d1067e2c0f39_Ep-kinh-Tecno-Pova-5-Pro-2024-08-13T234452.702.jpg',70),(249,'59c58c32-58c7-447c-9083-ca9b67df501d_Ep-kinh-Tecno-Pova-5-Pro-2024-08-28T010227.531.jpg',70),(250,'84a7b018-8f10-4cf2-b73e-f78748e331fe_huawei-mate-40_2_.jpg',70),(251,'1141b0a9-71d1-4ce1-ba13-bf31c3479b30_Huawei-Mate-40E-5G-2.jpg',70),(252,'35602c85-3c24-4537-a3e8-240ee2bdaa85_mate-40-pro-plus-960x502.jpg',70),(253,'87fea9ad-076c-4bf5-88dd-ee4c85382bb7_0_PCII.jpg',74),(254,'b09d11af-96d4-45a3-8696-ec1d644bdd3b_Motorola-One-Fusion-featured.jpg',74),(255,'1a02b722-5570-4ef5-b61a-568eb3574e5a_motorola-one-fusion-plus.jpg',74),(256,'aa975d3e-6c2c-47b0-bf7b-b9a1641f3b6d_sdfgh.jpg',74),(257,'6c4d9c29-a6f2-4848-9a7a-307cc8ab121e_s-l500.jpg',74),(258,'5eaf8e03-fa88-4c21-9de3-7438e3f3f30d_636995644864969655_xiaomi-mi-a3-xanh-3_2_2.jpg',76),(259,'658fc473-2d3f-4fd4-8186-b47412fbe6cb_images.jpg',76),(260,'0aff7a7c-7b0e-4b70-a113-084ce046ebf1_xiaomi-mi-a3-white-600x600.jpg',76),(261,'04b94456-c81c-467e-adb3-4d5f6cecec0d_xiaomi-redmi-a3_main_117_1020.png.jpg',76),(262,'6caa7720-9237-4a46-9513-fdad009aca36_xiaomi-redmi-a3-thumb-600x600.jpg',76),(263,'dd47d505-c9c2-48a5-ba1c-2a1fbdea3b4a_Huawei-P-Smart-2021-3.jpg',80),(264,'8e6ea291-6eff-4662-b37b-efdc73069289_huawei-p-smart-2021-065320-115336.jpg',80),(265,'708c81da-593f-4b7d-8cde-e4c3da80a5ff_huawei-p-smart-2021-xanh-600x600-600x600.jpg',80),(266,'86cf9b92-81b5-4ddf-bdc6-6574704e1f31_images (1).jpg',80),(267,'c5c9f68c-3d28-4a69-9400-be0d6a6c9fda_images.jpg',80),(268,'94e9bda3-bd54-4336-b962-30035c34cb1a_4907b51a4bb0e60e4c09061a8a83a09b.jpg',81),(269,'3bc61e92-c6a5-468f-b4dc-67b55d08c9c0_images.jpg',81),(270,'95641ef0-f2d3-48fd-858a-478f00c86bba_nokia_2_4-og.jpg',81),(271,'458b518f-50f3-4083-8f1f-27dc12b02b87_nokia-2_4-charcoal-front_back-int.jpg',81),(272,'b9cefda2-e364-4cf6-845f-1b39a472ec0c_nokia-24-note-2.jpg',81),(273,'37bf4866-24bf-4917-b9eb-4c3b419f8a68_1709528013_777_Dien-thoai-thong-minh-Vivo-S9-5G-voi-man-hinh.jpg',83),(274,'52cea55c-e9df-4bb8-9748-6c9f09ef6705_images (1).jpg',83),(275,'25a2d6a7-e69b-447e-9f4a-6eb315ada668_images.jpg',83),(276,'fd2ba048-52e8-438d-89a6-de32437b76d7_vivo-s9-5g-16.jpg',83),(277,'3f86020b-8ac4-4655-b58c-d11ea751977a_wed.jpg',83),(278,'eaa10e69-f2cf-425d-8efe-8472f1e55814_huawei-nova-8-se-4g-2_1280x809-800-resize.jpg',49),(279,'6376e892-884f-4ec4-bf02-7fc06be242b3_huawei-nova-8-se-600x600-600x600.jpg',49),(280,'c3560270-9197-4070-9513-86b747a3869d_huawei-nova-8-se-vitality-edition-600x600.jpg',49),(281,'8c71dda0-2e87-4859-92f3-d4d3921b393d_Huawei-Nova-8-SE-Vitality-Edition-e1627410468484.jpg',49),(282,'5393b6bb-023e-4cf7-b9ff-346d2079ccf9_untitled1_800x547.jpg',49),(283,'e9c87a49-1731-44a5-8823-ee481d82b57f_(600x600)_crop_Untitled_1.jpg',85),(284,'368d6258-6b63-4e97-b273-6a13877198cc_1626064365dien-thoai-samsung-galaxy-note-20-cu-xam-4081.jpg',85),(285,'c063f615-2626-4ffb-86cc-efac93c6a950_c2-black-405x432_38ded4b1184d474193d9371f2aca662a_master_7f9514e2fed940d6add7b4e5357a763a_master.jpg',85),(286,'8b753002-7625-4f35-93ab-a228e3044259_images.jpg',85),(287,'a1dc5c19-e4fa-4e25-9ac9-e2247499f350_samsung-galaxy-note-20-ultra-my.jpg',85),(288,'b3532f94-4444-4a2c-bea0-e2abed836c78_111_800x450.jpg',90),(289,'2f6b247e-eaa3-4c1c-b265-622a34cffd26_636912023151914612_honor-20-lite-xanh-.jpg',90),(290,'44a4f1f9-d4ac-4945-abbc-84ed23d72d9f_honor-20-lite-600x600.jpg',90),(291,'a15f635e-f302-4d66-a4a2-055d057a6b73_honor-30-lite.jpg',90),(292,'8f0ff88f-8303-44e3-96db-86f2d83e5c1a_images.jpg',90),(293,'85b3644b-6597-4dc7-9f1c-2774fb0aa92d_adf4baabecab7339e5fc396_master_b9986f76bd9e4797a15dbab2c6f3fbdb_master_c4354e0599bb4b8599e84b480efd5066_master.jpg',92),(294,'8217556c-06ee-497d-9bcb-118e2f8de9da_sony-xperia-10-iv-128gb-schwarz-16632310362490304.jpg',92),(295,'2aacefe8-2f16-4d9b-b549-8bb358ff5a54_xperia_10_mark_3_blue_-_digiphone_9a450ed7cb7f484ab32103233b38c994_master.jpg',92),(296,'0fdd254f-bcec-476f-844a-ddebb1256aac_xperia-10-iv-mark-4_ntstore-2.jpg',92),(297,'e1426e50-721d-4e87-aba9-97d5ab68f6db_xperia-10-iv-mark-4_xanh_b57efdbafce34563bf08d6bbfe376314_master_6825763a1ee94ac891f11c468652ffcd.jpg',92),(298,'f8c30829-0092-45df-a6c8-705fb336d957_600_600_oneplus_7t_pro_xtmobile.jpg',94),(299,'d9131a9a-4e2a-4087-b5e3-2e10c6d3b00c_149477-phones-vs-oneplus-7t-vs-oneplus-7-whats-the-difference-image1-ohyv1ta2mp.jpg',94),(300,'8d214a4a-1bcc-4c1c-98a5-b43289a5759f_mieng-dan-film-3m-oneplus-7t-200k-4-1-1.jpg',94),(301,'a6a6f2eb-7cec-49d9-a660-f430ba5a0b1a_oneplus-7t-1-600x600.jpg',94),(302,'37a95519-c052-42fa-81e4-538680a2fdad_xanh_834a891dcae043c7ba777992a80913e3_grande.jpg',94),(303,'7b272332-a071-49f0-ad0f-e55fc3b5b738_cvd.jpg',96),(304,'359f1ddb-b5c9-4399-9b62-84cc065db865_honor-v40-5G-den--600x600.jpg',96),(305,'3b3c7ba4-ed79-4b26-b7f8-3efda7ec8191_honor-v40-poster_600x867.jpg',96),(306,'9fa50e6a-5379-4f7c-81ad-efb8552442e3_images.jpg',96),(307,'8149a46a-81a8-4aef-b7b4-535893c85b5f_s-l500.jpg',96),(308,'50eb15cb-6bf7-4e9b-b4c3-2b86867399d2_2767223-1.jpg',101),(309,'1e0f8829-6163-428d-a2ee-3309f53e5707_MOTOROLALTEXT2135-1G60negro-2_1000x.jpg',101),(310,'466c7545-1ed7-4cad-a48e-663b749debc5_motorola-moto-g60.jpg',101),(311,'66960154-8227-4cee-8b85-281c0d6a5a5a_motorola-moto-g60-5.jpg',101),(312,'cd9b4cf1-68a5-4c97-9675-6e4a6a3a8b52_motorola-moto-g60-600x600-600x600.jpg',101),(313,'bdcc8b8f-8b40-4bd0-baff-23730d94c080_co-nen-mua-nokia-g50_25042022111647.jpg',102),(314,'f8d95c56-76d3-4311-a915-00e533353532_Dien-thoai-Nokia-G50-5G.jpg',102),(315,'4f9304c9-4298-45d7-8c7c-143cd12954cf_nokia_G50-DTC-VIDEO-mobile.jpg',102),(316,'9f6f8b2c-1371-4e7b-8bf8-14b6db2f2e94_nokia-g50-1-600x600.jpg',102),(317,'03a044de-c773-45dc-bbc3-c630a63d10d1_th_800x450.jpg',102),(318,'97467238-8a19-4b41-b0fb-99ebe78b6d5f_1709528013_777_Dien-thoai-thong-minh-Vivo-S9-5G-voi-man-hinh.jpg',104),(319,'142adab8-f347-4da9-b978-9b802ce6d5e8_images (1).jpg',104),(320,'85e018a7-7691-4152-9146-5e768b8a64c4_images.jpg',104),(321,'040a7e8d-23ba-479a-a8ca-fb2618de6559_vivo-s9-5g-16.jpg',104),(322,'59b7647f-e1fe-4177-b8e5-a3b15673cc87_wed.jpg',104),(323,'0eeb127d-d21e-463b-84d9-c3c7f1da63d3_2021_5_13_637565423212918396_tren-tay-asus-zenfone-8.jpg',105),(324,'4956d6ac-515c-46c8-b319-d7d334758ce6_asus-zenfone-8-600x600.jpg',105),(325,'c3960b17-b694-4f20-b479-0e87bd9f2261_bachlongmobile-9.jpg',105),(326,'88911504-d0cd-4aec-b95b-5236260ee161_zenfone-8-featured_800x465.jpg',105),(327,'13221d0b-d8cd-4ab0-8e69-27a022cec6f6_Zenfone-8-ra-mat-face.jpg',105),(328,'afe54c8e-60f0-46df-8d51-5f0ad027397a_38.jpg',108),(329,'5ed1a292-e31b-44b4-ab5f-3020f2ccd144_oppo-reno10-pro-grey-thumbnew-600x600.jpg',108),(330,'76882683-2ec2-4e6c-9acc-3d8f02b7a9c0_oppo-reno10-pro-plus_1_1.jpg',108),(331,'d7510838-2a1a-4a9c-832d-ac37fc82d880_oppo-reno10-pro-plus-thumbnew-600x600.jpg',108),(332,'9b958c29-896f-4edb-a401-e682a355f3ce_reno10-pro-plus-5g-860_720.jpg',108),(333,'e5a5f9bf-0292-45e8-8679-83b9d3f100d9_ava-g11-plus-black.jpg',111),(334,'29bd6e5d-c747-4322-ab6b-378debf18d99_images (1).jpg',111),(335,'dc185d01-c1c0-4610-8447-8ca2f84d9004_images.jpg',111),(336,'245df9ea-5bc0-46f4-8355-8594be3fea11_nokia-g11-plus-xanh-thumb-600x600.jpg',111),(337,'ba097ef3-3c1f-46ae-9663-a1d202b03754_Nokia-g11-xám-thumb-600x600.jpg',111),(338,'ee83ee8d-0dc4-4af7-9ec1-d5322ca65e0c_41uLineaJAL._AC_US600_.jpg',114),(339,'536929fb-d9bd-46bc-bd4a-a82384c56a28_Dien-thoai-Google-Pixel-5-Quoc-Te.jpg',114),(340,'b084bc6b-8647-45ec-a444-954d8fc0e1c5_images.jpg',114),(341,'ca5ecb35-e6d2-4aaf-814d-f360687f229c_nanoHD_073ea80d-27bb-4b67-8958-3443e779c527_large.jpg',114),(342,'a3864df7-1d85-49bb-8ffb-bfcc84799953_tải xuống.jpg',114),(343,'667fb52a-837c-4555-9c98-28775a01dabd_k70c-69c9f0a4-1f0e-4eff-bdf9-28bda8ddca0d.jpg',122),(344,'8621c13f-5b4b-4dd8-a7e9-9315fc96065f_xiaomi_redmi_k70_pro_5g_20231206103743.jpg',122),(345,'e581d096-ddc9-46cd-b8c4-5de58acaf240_xiaomi-redmi-k70-pro_197481.jpg',122),(346,'06967f91-777b-4c41-a926-35d6c4cf041b_xiaomi-redmi-k70-pro-12gb-256gb-xtmobile_1.jpg',122),(347,'9ca95943-1f83-4b38-8bba-df313c0ff398_xiaomi-redmi-k70-tim.jpg.jpg',122),(348,'d552ac2c-2861-4930-b8f3-0e1a8121632e_4907b51a4bb0e60e4c09061a8a83a09b.jpg',124),(349,'1b0ac085-e31a-4e93-a7a6-eb44886ccd63_images.jpg',124),(350,'836fd191-510f-4ba0-9dfb-60fdcb316686_nokia_2_4-og.jpg',124),(351,'4a2c55a4-b4e4-4b96-8ff7-01c359a375ea_nokia-2_4-charcoal-front_back-int.jpg',124),(352,'bfa37e12-be9a-4beb-a37f-27ecb3d4d683_nokia-24-note-2.jpg',124),(353,'56ae1e21-5828-4023-9158-e5878d0ded06_636995644864969655_xiaomi-mi-a3-xanh-3_2_2.jpg',128),(354,'4aafc20c-ab93-483a-ab15-54844c0ba8a3_images.jpg',128),(355,'2dff726e-a86f-445a-ba85-cecdc3e45889_xiaomi-mi-a3-white-600x600.jpg',128),(356,'487ce2f3-74a5-4c74-9126-5f59660733f3_xiaomi-redmi-a3_main_117_1020.png.jpg',128),(357,'3c1d249e-9b66-49f7-808b-7651d5b5fc3a_xiaomi-redmi-a3-thumb-600x600.jpg',128),(358,'3e432a36-8b6d-4279-82cb-34b4b1bb0bbc_71jMMrvDCcL._AC_UF1000,1000_QL80_.jpg',131),(359,'66c587fd-d832-4214-8341-632caf8399a5_71WuFJsGBgL.jpg',131),(360,'2e44827f-15d6-4527-b6b6-192256616d18_711FBPoMMYL.jpg',131),(361,'af79d31c-fd8d-4ace-9311-c58dcbe76a88_Nokia-XR20-5G-hero-angular.jpg',131),(362,'4808d2f0-f482-4f7c-b6cc-e8cb2fab3b48_nokia-xr20-vvs-5.jpg',131),(363,'7e618152-6feb-492c-a663-ebe2b39ab308_dien_thoai_realme_x7_max_5g_59af4057586b442480da7a16b764bc15_large.jpg',132),(364,'51e03614-cb70-458e-9c4a-ad433bc0ba45_dien-thoai-realme-x7-pro-5g-unlocked-6-5-inch-128g-tat-ca-mau-image.jpg',132),(365,'db7478e2-89b0-4cc1-9563-7715c95857bf_N.jpg',132),(366,'527bcdc7-9b49-4507-8676-08354224138a_realme-x7-india-2.jpg',132),(367,'bdb61cd2-2ac4-4de1-8adf-d81d519a3de4_realme-x7-pro-extreme-edition-600x600-600x600.jpg',132),(368,'63fbd5b3-73b1-41a5-965f-771e65dc1344_a2a5c0b1311a8a8866791e0dd36f494b.jpg',133),(369,'de44db2d-862a-4474-857f-f42c6098864a_images.jpg',133),(370,'857a6f08-f7dd-4a2e-9f8b-51b2ed5cc244_sony-xperia-5-iii-1.jpg',133),(371,'74106d93-3cbc-46fc-a63e-a74d29f8cfc8_sony-xperia-5-iii-600x600.jpg',133),(372,'9c86c571-ff45-4b69-b84e-ea485048ed82_xperia_mark_3_blue_-_digiphone_a30d41bcd0934d5f94e7cf0305c9b15f_grande.jpg',133),(373,'8e967a42-bbac-4ab2-b6d6-388ea0fd7210_2-8.jpg',135),(374,'1a975017-17b5-4ab9-b984-8cd97275c8ce_images.jpg',135),(375,'9d16c5e7-c846-452b-b6db-2ecf76cf576f_mi-11-xanh.jpg',135),(376,'ae8f5174-56e5-4c10-850a-c1ee45327d8a_xiaomi-mi-11i-600x600-1-600x600.jpg',135),(377,'8c14d5a2-9c59-4e1b-8742-fe9f71e7e84c_XiaomiMi11iHyperCharge__2_.jpg',135),(378,'e72ec60d-cc53-4f4a-be5a-11a84563df4b_galaxy_f54-sixteen_nine.jpg',150),(379,'25e7cae1-0a5c-4ca6-bf6b-ae53194e56a8_galaxy-f54-5g-sm-e546bzshins-samsung-original-imagq79fy26tz7ht.jpg',150),(380,'5e268fa7-bb0d-41c2-b198-7b776dacdc37_in-feature-galaxy-f54-536988721.jpg',150),(381,'adddb197-20a3-407b-9077-e521acb3d19b_samsung-galaxy-f54-5g-2023-viettablet.jpg',150),(382,'f04f2fb0-f57e-4463-a109-564483a13907_samsung-galaxy-f54-mau-bac.jpg.jpg',150),(383,'f076e58a-4ed7-4e88-bda3-f1dad6dc6041_nokia-8_3_5G-polar_night-back-int.jpg',154),(384,'d532e8e1-9b0b-4eab-8584-f2e3087526b8_nokia-8_3_5G-polar_night-front_back-int.jpg',154),(385,'02660dc1-a764-41a9-b1c4-b692020fbf35_nokia-8-3-5g-.jpg',154),(386,'4038cd11-365c-492a-80e4-5c0f2bf5373e_nokia-83-600x600-2-600x600.jpg',154),(387,'968e7da5-0c9d-4bb0-88a3-8d5e8c31ab31_untitled_799x449.jpg',154),(388,'15e0a1a3-e0a4-4e76-893d-c561b7a2fd36_eb9888452fd65238c8e180a70541e798.jpg',155),(389,'e82e02e7-4b86-44c0-bc20-df499dfded83_eYBlVO4O9puAKJbAyQ093wqH1krfUW9fmzgnXzu0.jpg',155),(390,'d7ad63a4-f911-4469-821f-10a58412b3d9_poco-2_1280x720-800-resize.jpg',155),(391,'8a2e0deb-9767-4912-9a2e-bf438655faeb_poco-c4-co-gi-moi-thumb_800x450-600x400.jpg',155),(392,'cd092e1f-8b57-4b2d-a2e4-667c67b571d4_xiaomi-poco-c4-060422-110751-600x600.jpg',155),(393,'437e5ae5-f53c-422e-b2e1-b00b72d62f1e_3823e1df-3fd1-4406-9c2e-69e1e21213db_3446x2585.jpg',163),(394,'6662bd26-e9ec-4979-a3e4-fe177eb9c80e_111846_sp875-sp876-iphone14-pro-.jpg',163),(395,'0a80ccfd-676b-474d-8c91-b2bbd6894040_iphone-14-pro_2__4.jpg',163),(396,'fd88f9bf-0d02-4970-9c77-e097b5343e50_iphone-14-pro-max-note.jpg',163),(397,'04c1c47a-a0d5-4823-9a75-b97edcbbc1b3_iphone-14-pro-tim-deeppurple.jpg',163),(398,'c3c06c5b-cc35-44a9-979d-b4fea334978f_gsmarena_008.jpg',168),(399,'92300f15-3bd6-48be-996b-5e3140aea9b3_Xiaomi-Mi-Mix-4.jpg',168),(400,'f919ef46-92f7-465f-8441-b56d16a8cde8_Xiaomi-Mi-Mix-4-1.jpg',168),(401,'5395d166-b2a8-436f-91fe-1d958dbcfbe2_xiaomi-mi-mix-4-32-600x600.jpg',168),(402,'30f0a5b4-42f9-4008-a391-7560673c4c47_xiaomi-mi-mix-4-ma-u-xa-m.jpg',168),(403,'919d1f42-5bb7-4921-bf56-c000c06854c9_dien-thoai-pixel-6-.jpg',170),(404,'17caac50-b39e-4b20-934c-51b6427bb8b0_google-pixel-6-and-6-pro-1.jpg',170),(405,'3623cb18-a642-4684-9296-41578c531702_google-pixel-6-pro-1-600x600.jpg',170),(406,'222584e4-2b48-4bec-9a73-163f68024422_google-pixel-6-proestore-pakistancloudy-white128gbsim-locked-550350_1024x1.jpg',170),(407,'d1bd0dc3-fb72-43ce-83dd-9f0d02ca916f_pixel-6-pro-camera-test.jpg',170),(408,'b706ddc8-8adf-447e-b01a-914c3d49612d_715aoVxQNTL.jpg',175),(409,'f2db9c07-5302-420f-85fb-76dd292e2585_motorola-edge-5g-256gb-6gb-ram.jpg',175),(410,'471d7f8f-2c5a-4e6c-bfea-bd8a5d085dea_motorola-edge-5g-uw-2021-1.jpg',175),(411,'d0e99c53-5212-4bd1-bc59-6d33a01b2496_motorola-edge-plus-5g-uw-cosmos-blue.jpg',175),(412,'e52f75d4-09ae-491b-bdbd-18319de208c6_Pre-Owned-Verizon-Unlocked-MOTOROLA-Mo58e35a4ba1161cb6cb02b9b7.jpg',175),(413,'89d1428c-97ca-4c26-82b4-636ed596753c_81Q3waKa8qL._AC_UF1000,1000_QL80_.jpg',178),(414,'8d1f31b4-2f82-41a9-9466-3bb140354d80_kunlun_black.jpg',178),(415,'982c071f-7375-46ec-9d1c-5dd01518a22a_oppo-find-x3-lite-1.jpg',178),(416,'9c93825e-a6ff-4163-ad7d-1992afc78a23_oppo-find-x3-lite-2.jpg',178),(417,'1ae3295d-81d4-4ccc-a046-61c2dac89ea0_oppo-find-x3-lite-thumb-600x600-600x600.jpg',178),(418,'fc8a942a-fc79-44d0-8aac-f5813f099856_61ai2T+drCL._AC_UF894,1000_QL80_.jpg',189),(419,'79d4d83d-00e8-4ec7-8583-24e331cc1967_711tN4msLaL.jpg',189),(420,'8caca0a2-4a56-4178-89a6-14ed57bcc717_157449-800-.jpg',189),(421,'64b3aecf-84a0-4868-b852-5c9730ea6163_1695790331-2666.jpg',189),(422,'e9a24966-eb01-4241-81eb-36c7f08165b6_motorola-edge-40-neo-xanh-duong.jpg.jpg',189),(423,'87ef9096-c767-434b-b3f8-586094d07593_8088708bb0a1d3117b96ceae8cc1f680.jpg_960x960q80.jpg_.jpg',191),(424,'0f23955c-6a6f-4e31-947b-3233beff0f47_a0c47ab81386b67eec3a763_master_70cfe62b68da41a7bp.jpg',191),(425,'312070cc-1661-4350-92bb-185dcb3f86ae_sony-5-mark-2-hong.jpg',191),(426,'c3ae023c-3cd8-4fb2-8636-91375251a335_sony-xperia-5-ii-215020-015023-600x600.jpg',191),(427,'7d6414c5-cf00-421c-b762-41095b8d4e1e_uploaded_94b9295910491cd8ce231df015cb061b.jpg',191),(428,'fff474b2-dcc1-45df-a74d-00b499582ab6_a2a5c0b1311a8a8866791e0dd36f494b.jpg',196),(429,'c90e883f-15e0-45a0-8353-a191c1737e62_images.jpg',196),(430,'d7e09948-e543-4af3-b817-b4823d9c4198_sony-xperia-5-iii-1.jpg',196),(431,'8112a5a7-ac0e-4cc4-a548-24589e660641_sony-xperia-5-iii-600x600.jpg',196),(432,'0f671a80-f76b-4fa9-b972-386d648148e2_xperia_mark_3_blue_-_digiphone_a30d41bcd0934d5f94e7cf0305c9b15f_grande.jpg',196),(433,'b7879295-1704-43c3-90a5-4089597fc8db_gsmarena_008.jpg',201),(434,'d8b572b5-968b-42c5-95a5-b6fb25ea712a_Xiaomi-Mi-Mix-4.jpg',201),(435,'6990116d-3d61-47dd-ac51-42faeb567b74_Xiaomi-Mi-Mix-4-1.jpg',201),(436,'c450b5dd-aa82-4906-8c62-a8822a6f7f5f_xiaomi-mi-mix-4-32-600x600.jpg',201),(437,'ef8ba59b-1ff6-4396-a8b0-934ff246a01e_xiaomi-mi-mix-4-ma-u-xa-m.jpg',201),(438,'16e14f21-1c68-4f25-a469-92549571fe9e_61Tp7vwev3L._AC_UF1000,1000_QL80_.jpg',212),(439,'4550208e-c2de-4235-b6bc-96eb35c8f87f_0989_4_.jpg',212),(440,'f80352e8-6dc2-4be7-bb78-5d925f019ff1_ca6a54dcac478e5f15542caa4e7d86eb.jpg',212),(441,'132e7fbd-44bb-465c-a667-b2655fa2adcf_Magic.jpg',212),(442,'a91635bf-5d17-44c8-81be-7632ef694f72_tecno-spark-10-pro.jpg',212),(443,'e6a9a3dc-3eb7-4736-b103-bc61e9a29cf5_Galaxydidong-xiaomi-redmi-note-10-5g-xam.jpg',213),(444,'9a2acfae-c07a-426b-8c28-cf9d31fa5c91_redmi-note-10-pro-ma-u-va-ng.jpg',213),(445,'0eb5b9f3-04ae-4f92-8665-637bbcb92e68_xiaomi-redmi-note-10-.jpg',213),(446,'7fca5139-b294-4107-8d96-3d8ee9fbdbb3_Xiaomi-redmi-note-10-je-5g-viettablet-13.jpg',213),(447,'02f35321-4df8-43d9-9499-b4e758f356d0_xiaomi-redmi-note-10-thumb-green-600x600.jpg',213),(448,'a03f59a7-4b9b-4440-98ab-0920ee97e4f2_cc22e280e4e720d1b174cd4e37c36770.jpg',216),(449,'cb6aea69-cfca-4e61-adb6-c2592246c1de_filters_format(png)_ups.jpg',216),(450,'e16ba7ac-4fcc-429e-adcd-338051303c38_scroll_m_2.jpg',216),(451,'f5513e3b-a4f8-49d8-8378-9d4968c388ca_sg-11134201-7qvd7-lji84zfxkaoid4.jpg',216),(452,'fdc2d764-cc19-4e5b-bfe4-6d0306885c5a_xiaomi-12-lite-ub-2_4463ddb039354e7397cde1.jpg',216),(453,'bdc6706d-d61e-467e-a055-5228d4af6a23_71jMMrvDCcL._AC_UF1000,1000_QL80_.jpg',217),(454,'42728400-3917-4746-ae76-945c62b2c0d5_71WuFJsGBgL.jpg',217),(455,'2b9e1f9f-cf18-4dd8-8a17-7cd4050232a9_711FBPoMMYL.jpg',217),(456,'26a1af73-9e37-4720-ab77-a63433b5970a_Nokia-XR20-5G-hero-angular.jpg',217),(457,'6fe8dcda-31b6-489d-9453-c3d23f712da8_nokia-xr20-vvs-5.jpg',217),(458,'abc51082-359f-43fb-8926-e52c9a3bf3e1_2020_10_23_637390552001820219_review-huawei-mate-40-pro.jpg',228),(459,'84463bde-4b2a-4cd6-8892-99b5b30bf7bb_Ep-kinh-Tecno-Pova-5-Pro-2024-08-13T234452.702.jpg',228),(460,'c17900a5-a455-407f-9d15-b148049b30da_huawei-mate-40-pro-600jpg-600x600.jpg',228),(461,'2f0d2522-9fd7-4f0b-b03f-4baf1d6c50bb_HUAWEI-Mate-40-Pro-CN-Version-6-76-inch-8GB-256GB-426825-0.jpg',228),(462,'fbdf3979-f336-415b-9790-dd6ea4364a1d_huawei-mate-40-pro-tasarimi-ortaya-cikti-2_a5e88976e89044dab8f221dc848a.jpg',228),(463,'89cdf67c-a50a-43ed-b747-6633024d3733_61aIAuH7X-L._AC_SL1000_.jpg',252),(464,'ed2c6c7b-3960-45a0-b24c-50d890c5fc0d_huawei-mate-50-pr.jpg',252),(465,'d6027592-fc3b-4cb7-bbb2-80f84936b015_Huawei-Mate-50-Pro_featured-image-packshot-review.jpg',252),(466,'5af1b2ab-547f-44b5-a96e-7548705d407e_huawei-mate-50-pro--600x600.jpg',252),(467,'5ca06ba0-b064-4229-8373-3c7117638455_kv.jpg',252),(468,'c5c2da29-df5a-402a-b1ee-038007c9630e_Ep-kinh-Tecno-Pova-5-Pro-2024-08-10T2.jpg',296),(469,'8b886991-bd9c-4355-a16d-bc35920e6b32_Huawei-Mate-X3-green-e1697543.jpg',296),(470,'e6d11104-c7ef-42b5-b296-e9b9cb2b3834_rtb-1.jpg',296),(471,'a83c07a9-e0b2-49a4-affd-42353942cc97_rtb-7.jpg',296),(472,'b9c1158f-bbb2-40e5-987f-acd45d9ce09c_tải xuống.jpg',296),(473,'be6d4a3a-7a7a-44e4-b8d2-301312fa266b__0001_huawei-mate-xs2-3.jpg',222),(474,'6cced16c-7bd6-4e86-87cb-4119c41a9c64_51yfhOStsSL._AC_SL1000_.jpg',222),(475,'5cbe5f71-26d8-47ed-9210-2d1a9f11b96f_b2693fcbc51849ec8ea40f0e39d2bc1a.jpg',222),(476,'c2c323bc-ca47-40e0-b9c7-0324b1cbfdb5_MPH9098B.jpg',222),(477,'fc6bda2b-b96f-4655-84db-0272a9e06c98_Sforum-Huawei-Mate-XS-2-19.jpg',222),(483,'f78558ff-76e0-4a53-aaaa-29e4c7f3e85d_1969_c06610736.jpg',2),(484,'bd5ee8c5-b78b-44a5-bd0c-92703f30ab70_hp-envy-13-ah0025tu-4me92pa-600x600.jpg',2),(485,'aeecb3a6-de66-446a-9439-4b5e678b79e8_hp-envy-13-ah1010tu8-2-201805-600x600-5c5d0c87-f25c-447f-870c-49abd9c9853b.jpg',2),(486,'c36cae50-ddf5-4cda-b3ad-a3faaa677820_hp-envy-13-i7-8550u-mau-gold-640x640.jpg',2),(487,'665b697a-9de7-4aaa-8e32-0ead8e9cb899_HP-Envy-Laptop-13-ba1xxx-3.jpg',2),(491,'6acd4317-330e-4ae4-9f0c-64c880ee8ae5_3-jpeg-3b6dbf97-2a83-40be-9e5a-0da616d87957-19b33941-b9bd-48b6-b3b6-94136d9fbfb5.jpg',4),(492,'9252cea3-aa45-4629-8146-debe583d7d18_5-1.jpg',4),(493,'6e8a1c7c-1da5-4f76-a463-402766681768_2022_6_7_637902001346753987_macbook-air-m2-2022-bac-1.jpg',4),(494,'066f4de2-5aa0-4f27-b6c9-b238751135c3_apple-macbook-air-m2-2022-8gb-512gb-10-core-gpu-070622-102755-600x600.jpg',4),(495,'776078bb-7d8e-4038-b378-7550e6a84c16_macbook_air_m2_1_1.jpg',4),(496,'f490d040-2aa8-42f5-bcb3-c849cc5a3f97_81dl8SStspL._AC_UF894,1000_QL80_.jpg',6),(497,'9f9a8110-2765-4d75-8ac6-17da5660c55c_ASUS-ROG-Strix-G17-G713QR-HG072T-7.jpg',6),(498,'0ca7cbbb-9f9b-4d3e-bee3-1a3f42b81220_asus-rog-strix-g713q-lapvip-1-1641268608.jpg',6),(499,'6de4c264-c5f6-4061-a227-bea845390595_picture-1687329394.jpg',6),(500,'de9e545c-a513-4766-9a20-61070a867d17_w250.jpg',6),(501,'a93aff8a-1fda-46f7-9063-c0de3098222a_61mrTCqPX0L._AC_UF894,1000_QL80_.jpg',8),(502,'75d7d2d7-22ef-42fa-913d-09adcfc1bf54_h-core-i5-1235u-the-he-12-intel-iris-x414389dfbfcb5.jpg',8),(503,'2cb23fb6-914c-4fd6-82de-708a64414636_hp-elitebook-840-g9_5squ.1920.jpg',8),(504,'ae38e2de-e3b6-47c6-a2dc-23fa570c6046_hp-elitebook-840-g9-2022_2.jpg',8),(505,'674331b0-3463-4e4d-a6de-0ef70d97f557_hpelitebook840g9cfbjcik_660_500.jpg',8),(506,'51566825-9457-4f07-a40c-2687a6d95964_2020_11_13_637408530311831907_mbp-2020-m1-gray-dd-1.jpg',11),(507,'fbbac569-2f45-4e04-b354-b0ae124f4626_apple-macbook-pro-m1-2020-5.jpg',11),(508,'c954c4dd-5ff3-4d11-a85c-7386abe9bc82_macbook_air_m1_mgn63saa_70233146_2_2c2d60aee6ef48c2a335c0d2dfa491be.jpg',11),(509,'29df1c31-ed86-42d4-8391-09188e9f4370_Macbook_Pro_M1_2021_y9jc-2s.jpg',11),(510,'f8e3a6a1-1868-4ccf-a8d9-a9ccef6b0b27_Macbook-Air-M1-2020-mau-bac-tai-Nguyen-Vu-Store.jpg',11),(511,'8d473486-c488-425a-b7fc-5a443e421312_csm-precision-7670-5-4ae3ae0fb5.jpg',14),(512,'ab19fa5f-8077-454f-9f78-ef1763f28207_dell-precision-7770.jpg',14),(513,'b3ee54c1-25a4-499b-86fe-6f5b9517ad5f_dell-precision-7770-1.jpg',14),(514,'3ccb0b57-adf1-4db8-9ece-f5ab91ddbb14_man-hinh-dell-precision-7770-lapvip-gen-12th-1676204973.jpg',14),(515,'fcbc493a-0add-4c77-8f72-22996564cacd_Precision_7770_Laptop365.jpg',14),(516,'deb2db20-c319-4536-b054-9339e22afb62_3-1.jpg',15),(517,'f3e8bc67-d1fc-4a30-a609-53142ee8d1e6_648568_391920_04_front_comping.jpg',15),(518,'8fd007e9-fcd5-4849-b954-d3b111b94db2_1071648801__81229.jpg',15),(519,'adf1857a-505f-4875-89c5-cad21772c9b8_AcerSwiftXSFX14-51G__1_.jpg',15),(520,'2e35e55c-020f-459c-8052-938e0473d62d_nx-k09aa-001__14382.jpg',15),(521,'feb2cdfa-8180-4c8e-a85b-5af98990df16_76kg_1433e407838944df88bd906b57729c0a_1024x1024.jpg',17),(522,'073f95d3-ac16-4831-961c-5d019b9c4dcb_Acer-Predator-Helios-300-003.jpg',17),(523,'cc42c21f-9283-4200-913f-2251725f25df_acer-predator-helios-300-2022-rtx-3070-ti-h1_1683105353.jpg',17),(524,'2ec23482-4a8b-4df8-aaad-3d38ac716043_Acer-Predator-Helios-300-i7-8750H-GTX-1060-01.jpg',17),(525,'3c07e71d-d330-4d4c-9854-64c640db8d26_Acer-Predator-Helios-300-i7-11800H-RTX-3070-01.jpg',17),(526,'ed5d850c-ba41-49ce-81fa-8bd32d2305a4_Surface-Pro-8.3.jpg',18),(527,'85ee0e2e-ecb8-4eb7-a738-0fc3d8c28e97_Surface-Pro-8-key-i5.jpg',18),(528,'1567af2f-3a9c-452e-8eef-818eb56a7f7b_Surface-Pro-8-LTE-platinum-4-1-600x600.jpg',18),(529,'35363b76-e26a-4688-82b8-a40ccd1051a0_Surface-Pro-8-wifi-Graphite-2.jpg',18),(530,'65f9ec2e-3b4c-4a9d-a878-efa5337265b8_Surface-Pro-9.17.jpg',18),(531,'76ba5b16-bbf8-480d-b512-9c10e36f38d9_hpprobook450g6chfrkc_480_360.jpg',21),(532,'815fbfb0-a8f0-4d32-8442-15596c5ef8ec_HP-ProBook-450-G8-1_1_1_1_1_1.jpg',21),(533,'4cef0c55-9aa3-4cfa-9976-ed812791305c_hp-probook-450-g9.jpg',21),(534,'c427c0e6-8140-4c7e-b208-8d03294f67c0_hp-probook-450-g9-6m107pa-i7-1260p-2-38dc8d47154e4d0d8aef28b23d6c9921-ma.jpg',21),(535,'ed1fb24f-df36-4fab-9f2b-672160a3bbb8_hp-probook-450-g10-i5-873d1pa-1-1-750x500.jpg',21),(536,'e8adf501-01fd-4263-8a14-b71243fd2ca7_7438_11.jpg',22),(537,'d26ef9c8-bbf3-411e-9493-2aeb733c39ab_creative.jpg',22),(538,'9273aed0-adee-498a-8de7-30e6c79a99d4_gigabyte-aero-16-xe4-1.jpg',22),(539,'259453d5-b2d2-4f87-87d0-e92d9b6507a4_gigabyte-aero-matlung_1670386715.jpg',22),(540,'c009a65f-f30e-47ef-998e-5b028ff65b6b_XE5-73VN938AH.jpg',22),(541,'2f29c260-1186-4059-b7b7-ba77d0ecb4fd_41CWOy8rVHL._SL1500_.jpg',24),(542,'3192b15d-b2ee-475d-88ac-fafff25056c9_apple_z_10c18_bh_27_imac_pro_with_1380941.jpg',24),(543,'2117f59d-4434-4287-b86e-8aa15225e1c3_hq720.jpg',24),(544,'02c89106-0138-4ce4-ae67-646e1d6b6116_imacpro-foto.jpg',24),(545,'5a871d9e-85aa-4b47-a068-5a0158272665_imacpro-vs-macpro2013-6.jpg',24),(546,'a4ea64ed-24d7-4328-909f-2bb739791f6f_2098_0_3.jpg',25),(547,'7f328ae5-1da3-4f16-b96b-21223b7393cd_2101_y3.jpg',25),(548,'a8032638-672c-40aa-815e-6f35f62592d9_lenovo-laptop-yoga-c940-14-gallery-1.jpg',25),(549,'45d0557f-b65e-4bc9-a8df-0025313526d4_Lenovo-Yoga-C940-2-in-1-H1.jpg',25),(550,'b72a429d-8074-4d5e-8ff7-824a0566a143_picture-1622797304.jpg',25),(551,'4c9de27d-f2d2-4722-af6f-b23c35e05e22_razer-blade-15-2021.jpg',29),(552,'f6ab93b1-fe84-4578-af15-afeaa992996f_razer-blade-15-2022-mac24h_txji-g0.jpg',29),(553,'a049828f-592f-4d41-bb50-d04cefe17c05_Razer-Blade-15-Advanced-2022-03.jpg',29),(554,'49e3c201-8abf-4808-99c3-d96ce9d720fa_razer-blade-15-advanced-model-2020.jpg',29),(555,'7fed9d2d-44a7-4deb-8c91-73e7c50a80c8_Razer-Blade-15-Advanced-Model-2021-H1.jpg',29),(556,'f143ddc7-b043-4c36-8571-08813e53a631_7438_11.jpg',30),(557,'a5729969-52d7-4047-b8c5-7a3f9534f056_creative.jpg',30),(558,'4496a9b2-e2f3-4661-9aae-f5e0b62aab53_gigabyte-aero-16-xe4-1.jpg',30),(559,'8cbe2bc6-673f-4cde-b16c-83350c542ac7_gigabyte-aero-matlung_1670386715.jpg',30),(560,'322db7af-3315-4c39-9442-6cedc4bd0208_XE5-73VN938AH.jpg',30);
/*!40000 ALTER TABLE `product_images` ENABLE KEYS */;
UNLOCK TABLES;

--
-- Table structure for table `products`
--

DROP TABLE IF EXISTS `products`;
/*!40101 SET @saved_cs_client     = @@character_set_client */;
/*!50503 SET character_set_client = utf8mb4 */;
CREATE TABLE `products` (
                            `id` bigint NOT NULL AUTO_INCREMENT,
                            `created_at` datetime(6) DEFAULT NULL,
                            `updated_at` datetime(6) DEFAULT NULL,
                            `description` varchar(255) DEFAULT NULL,
                            `name` varchar(350) NOT NULL,
                            `price` int NOT NULL,
                            `thumbnail` varchar(350) DEFAULT NULL,
                            `category_id` bigint DEFAULT NULL,
                            PRIMARY KEY (`id`),
                            KEY `FKog2rp4qthbtt2lfyhfo32lsw9` (`category_id`),
                            CONSTRAINT `FKog2rp4qthbtt2lfyhfo32lsw9` FOREIGN KEY (`category_id`) REFERENCES `categories` (`id`)
) ENGINE=InnoDB AUTO_INCREMENT=914 DEFAULT CHARSET=utf8mb4 COLLATE=utf8mb4_0900_ai_ci;
/*!40101 SET character_set_client = @saved_cs_client */;

--
-- Dumping data for table `products`
--

LOCK TABLES `products` WRITE;
/*!40000 ALTER TABLE `products` DISABLE KEYS */;
INSERT INTO `products` VALUES (1,'2024-09-30 11:08:33.061080','2024-09-30 11:08:33.061080','Voluptate fugit est optio hic excepturi.','Asus ROG Phone 5s',7596,'d0c2549f-a0ec-488c-b689-88e2f4d7c929_asus-rog-phone-5s-trang.jpg',2),(2,'2024-09-30 11:08:33.102872','2024-09-30 11:08:33.102872','Doloribus incidunt earum quidem aperiam enim quo.','HP Envy 13',133,'f78558ff-76e0-4a53-aaaa-29e4c7f3e85d_1969_c06610736.jpg',3),(3,'2024-09-30 11:08:33.112697','2024-09-30 11:08:33.112697','Ad illo beatae.','Sony Xperia 1 IV',9067,'812e19de-f151-4c98-8b2a-dd6d30a2d65d_2-2.png',2),(4,'2024-09-30 11:08:33.119893','2024-09-30 11:08:33.119893','Odit dolorum cum fugiat voluptatum fugiat.','Apple MacBook Air (M2, 2022)',8090,'6acd4317-330e-4ae4-9f0c-64c880ee8ae5_3-jpeg-3b6dbf97-2a83-40be-9e5a-0da616d87957-19b33941-b9bd-48b6-b3b6-94136d9fbfb5.jpg',3),(5,'2024-09-30 11:08:33.127627','2024-09-30 11:08:33.127627','Incidunt totam in libero quia.','Honor 30 Pro',4664,'4e237e06-c5a7-4706-a376-12fe7b03fb38_honor-30-1_800x450.jpg',2),(6,'2024-09-30 11:08:33.136147','2024-09-30 11:08:33.136147','Voluptatem molestias quia ab dolore.','ASUS ROG Strix G17 G713',7501,'f490d040-2aa8-42f5-bcb3-c849cc5a3f97_81dl8SStspL._AC_UF894,1000_QL80_.jpg',3),(7,'2024-09-30 11:08:33.143158','2024-09-30 11:08:33.143158','Et placeat ex.','Sony Xperia 10 IV',9754,'5453ebfd-fb90-448f-b112-9175c4180d7b_honor-30-1_800x450.jpg',2),(8,'2024-09-30 11:08:33.150611','2024-09-30 11:08:33.150611','Deleniti debitis velit earum eius.','HP EliteBook 840 G9',3031,'a93aff8a-1fda-46f7-9063-c0de3098222a_61mrTCqPX0L._AC_UF894,1000_QL80_.jpg',3),(9,'2024-09-30 11:08:33.158590','2024-09-30 11:08:33.158590','Rem quisquam eius consequuntur.','Huawei Nova 8',903,'402efef0-cdec-46f8-b561-6c8dfbb761cc_Hef5a6795a5234cb1a36107bf80a11201k.jpg',2),(10,'2024-09-30 11:08:33.166095','2024-09-30 11:08:33.166095','Expedita explicabo praesentium temporibus provident non.','Nokia G42 5G',3410,'677db31f-3e1b-422a-a2b4-26efa352b835_71oIjjNm+nL.jpg',2),(11,'2024-09-30 11:08:33.182161','2024-09-30 11:08:33.182161','Sit vel qui et eum atque omnis vel.','Apple MacBook Pro 13 (M1, 2020)',3083,'51566825-9457-4f07-a40c-2687a6d95964_2020_11_13_637408530311831907_mbp-2020-m1-gray-dd-1.jpg',3),(12,'2024-09-30 11:08:33.191657','2024-09-30 11:08:33.191657','Officia eum ipsam molestiae animi aut adipisci.','Synergistic Marble Watch',6176,'bf8a9855-5aea-4def-b7d7-aeebe4843d81_a (25).jpg',4),(13,'2024-09-30 11:08:33.199590','2024-09-30 11:08:33.200586','Eveniet sit natus dolor praesentium.','Poco M3',4056,'bfc74d45-7edf-49ee-a510-e19f770083e8_cccs_2_1.jpg',2),(14,'2024-09-30 11:08:33.208098','2024-09-30 11:08:33.208098','Incidunt vero aut.','Dell Precision 7770',9248,'8d473486-c488-425a-b7fc-5a443e421312_csm-precision-7670-5-4ae3ae0fb5.jpg',3),(15,'2024-09-30 11:08:33.215353','2024-09-30 11:08:33.215353','Omnis quo eos ducimus eum dolore.','Acer Swift X (SFX14-51G)',6231,'deb2db20-c319-4536-b054-9339e22afb62_3-1.jpg',3),(16,'2024-09-30 11:08:33.223565','2024-09-30 11:08:33.223565','Consequatur incidunt natus.','Realme GT Master',6915,'9fe199eb-71ef-4c2c-9be3-33a14dd1586f_-original-imagetmeguhrdsqs.jpg',2),(17,'2024-09-30 11:08:33.230656','2024-09-30 11:08:33.230656','Ea doloribus dolores.','Acer Predator Helios 300',9324,'feb2cdfa-8180-4c8e-a85b-5af98990df16_76kg_1433e407838944df88bd906b57729c0a_1024x1024.jpg',3),(18,'2024-09-30 11:08:33.238162','2024-09-30 11:08:33.238162','Praesentium repudiandae quos ullam quo nobis facilis.','Microsoft Surface Pro 8 LTE',6882,'ed5d850c-ba41-49ce-81fa-8bd32d2305a4_Surface-Pro-8.3.jpg',3),(19,'2024-09-30 11:08:33.245481','2024-09-30 11:08:33.245481','Dignissimos ut inventore dolor fugit quas accusamus.','Asus ROG Phone 8',7282,'fe742da2-cee9-4ed5-89d5-3cd88425fd55_asus-rog-phone-8_2_.jpg',2),(20,'2024-09-30 11:08:33.253084','2024-09-30 11:08:33.253084','Doloribus odio nostrum quisquam.','Small Wool Bottle',8719,'3afcc824-a6af-4c6c-90e6-46aa8c33fc1f_a (47).jpg',4),(21,'2024-09-30 11:08:33.261090','2024-09-30 11:08:33.261090','Quo rerum est vel non.','HP ProBook 450',5330,'76ba5b16-bbf8-480d-b512-9c10e36f38d9_hpprobook450g6chfrkc_480_360.jpg',3),(22,'2024-09-30 11:08:33.267993','2024-09-30 11:08:33.267993','Et sit eos laudantium dolores voluptatum enim.','Gigabyte AERO 16',3382,'e8adf501-01fd-4263-8a14-b71243fd2ca7_7438_11.jpg',3),(23,'2024-09-30 11:08:33.276098','2024-09-30 11:08:33.276098','Ducimus quas fugiat nostrum expedita cumque laboriosam.','Incredible Plastic Gloves',6257,'29e83485-d2d8-493d-a172-934e2c00f93e_a (56).jpg',4),(24,'2024-09-30 11:08:33.282446','2024-09-30 11:08:33.282446','Quidem laborum molestias dolores enim rerum.','Apple iMac Pro (2017)',5479,'2f29c260-1186-4059-b7b7-ba77d0ecb4fd_41CWOy8rVHL._SL1500_.jpg',3),(25,'2024-09-30 11:08:33.289713','2024-09-30 11:08:33.289713','Id soluta eaque ipsum.','Lenovo Yoga C940',6670,'a4ea64ed-24d7-4328-909f-2bb739791f6f_2098_0_3.jpg',3),(26,'2024-09-30 11:08:33.296764','2024-09-30 11:08:33.296764','Distinctio sapiente itaque minima amet sed non.','Huawei Nova 8 SE',379,'a9ad9bea-2893-4b61-9f2e-793f06cb3748_huawei-nova-8-se-4g-2_1280x809-800-resize.jpg',2),(27,'2024-09-30 11:08:33.303960','2024-09-30 11:08:33.303960','Nihil quia ut blanditiis illum maiores dolore veritatis.','Huawei P60 Pro',1609,'8d08bfe1-a23e-4c82-adcc-8683b2c6d725__ter3434_3_.jpg',2),(28,'2024-09-30 11:08:33.310359','2024-09-30 11:08:33.310359','Modi iure atque et non dignissimos quas aliquid.','iPhone 14 Pro Max',4550,'37ed386c-9e49-4cee-9d74-997c301452e2_iPhone-14-pro-max-silver-2-1024x1024.jpg',2),(29,'2024-09-30 11:08:33.318412','2024-09-30 11:08:33.318412','Vitae atque corrupti id aut hic modi doloribus.','Razer Blade 15',301,'4c9de27d-f2d2-4722-af6f-b23c35e05e22_razer-blade-15-2021.jpg',3),(30,'2024-09-30 11:08:33.324406','2024-09-30 11:08:33.324406','Saepe iusto labore commodi sequi quia.','LG Gram 17 (2023)',4593,'f143ddc7-b043-4c36-8571-08813e53a631_7438_11.jpg',3),(31,'2024-09-30 11:08:33.331471','2024-09-30 11:08:33.331471','Tempora numquam doloribus a aspernatur quaerat consequatur.','Microsoft Surface Go 3 LTE Advanced',5129,'de2e70fe-e772-450e-a78c-3cdc212434d2_a (78).jpg',3),(32,'2024-09-30 11:08:33.338672','2024-09-30 11:08:33.338672','Dicta et impedit aut.','iPhone 13 Pro Max',5846,'864fe88d-5dad-4b81-9fdc-85d5cd7411eb_3_51_1_2_2_1_1_2_1_1.jpg',2),(33,'2024-09-30 11:08:33.345705','2024-09-30 11:08:33.345705','Doloremque est est autem porro delectus.','LG Gram Style 16',51,'471b4b07-54d7-4e6b-bde4-045c3a4b443f_a (84).jpg',3),(34,'2024-09-30 11:08:33.352638','2024-09-30 11:08:33.352638','Asperiores et blanditiis iure occaecati autem delectus eum.','Microsoft Surface Pro 7',4665,'6a57c7b0-0c58-47e7-b785-0292d1c7ccd0_a (87).jpg',3),(35,'2024-09-30 11:08:33.359599','2024-09-30 11:08:33.359599','Aspernatur et molestias.','Sony Xperia 10 III',3266,'d4048eaf-e33a-476c-b9b5-b63c6ca173fb_1_e5d924faae544a4687e063c556769d6e_large.jpg',2),(36,'2024-09-30 11:08:33.369819','2024-09-30 11:08:33.369819','Error rerum assumenda.','Rustic Plastic Chair',4602,'021c163e-90d9-46a1-b85f-a0aa2baaeacb_a (93).jpg',4),(37,'2024-09-30 11:08:33.376606','2024-09-30 11:08:33.376606','Pariatur rem autem iste.','Enormous Wooden Wallet',6372,'66ff7275-3d4e-401c-ab3d-3cb232a84dd3_a (97).jpg',4),(38,'2024-09-30 11:08:33.384128','2024-09-30 11:08:33.385135','Rerum maiores soluta quia cupiditate.','Lenovo Legion 5 Pro',3048,'f0d27a28-ac33-46ad-bf26-6c1caf1785df_a (100).jpg',3),(39,'2024-09-30 11:08:33.391136','2024-09-30 11:08:33.391136','Voluptatem vero est incidunt rerum.','Honor 20 Lite',4097,'ebf650c9-1e42-4dd4-af93-9e33e7f73469_111_800x450.jpg',2),(40,'2024-09-30 11:08:33.398134','2024-09-30 11:08:33.398134','Ipsam eligendi officiis distinctio libero animi illo nemo.','Microsoft Surface Go 3 LTE Advanced',3454,NULL,3),(41,'2024-09-30 11:08:33.404060','2024-09-30 11:08:33.404060','Omnis saepe fuga.','Infinix Note 30 Pro',8968,'8145294f-3ca7-4641-b4ad-37bbf8ee6d4b_dien_thoai_infinix_note_30_pro_b0f8f2f4a95344edb623af69449b21c0.jpg',2),(42,'2024-09-30 11:08:33.413141','2024-09-30 11:08:33.413141','Totam et omnis et accusantium.','Razer Blade 15 Studio Edition (2021)',8981,NULL,3),(43,'2024-09-30 11:08:33.421652','2024-09-30 11:08:33.421652','Exercitationem asperiores eius laudantium impedit.','Synergistic Linen Bottle',3297,NULL,4),(44,'2024-09-30 11:08:33.429073','2024-09-30 11:08:33.429073','Aspernatur architecto beatae cum.','Samsung Galaxy M54',8991,'3c7a8c51-41fc-43a6-ae6e-39993b1eef74_Galaxy-M54-lieu-co-tot-hon-galaxy-A54-XTmobile.jpg',2),(45,'2024-09-30 11:08:33.438959','2024-09-30 11:08:33.438959','Voluptates perspiciatis labore laudantium.','Huawei Nova 8 SE',3029,'a73c91fa-3001-44ba-8e5e-1f06feb0099d_Hef5a6795a5234cb1a36107bf80a11201k.jpg',2),(46,'2024-09-30 11:08:33.445816','2024-09-30 11:08:33.445816','Dolorum aut dolorum ducimus.','HP Spectre x360 16',6071,NULL,3),(47,'2024-09-30 11:08:33.452822','2024-09-30 11:08:33.452822','Recusandae labore mollitia minus nihil.','Durable Iron Pants',9772,NULL,4),(48,'2024-09-30 11:08:33.459437','2024-09-30 11:08:33.460896','Sequi esse inventore rerum sit ratione aut sequi.','Razer Blade 16 (2023)',9762,NULL,3),(49,'2024-09-30 11:08:33.468803','2024-09-30 11:08:33.468803','Perferendis quibusdam autem deserunt explicabo molestias cupiditate.','Huawei Nova 8 SE',3948,'eaa10e69-f2cf-425d-8efe-8472f1e55814_huawei-nova-8-se-4g-2_1280x809-800-resize.jpg',2),(50,'2024-09-30 11:08:33.475073','2024-09-30 11:08:33.475073','Omnis ipsa rem non non aliquid odit ut.','LG Ultra PC 15UD50N',4819,NULL,3),(51,'2024-09-30 11:08:33.482169','2024-09-30 11:08:33.482169','Voluptas iusto aliquid dolores.','HP EliteBook 840',4731,NULL,3),(52,'2024-09-30 11:08:33.491189','2024-09-30 11:08:33.491189','Exercitationem labore et at explicabo quod.','ASUS ROG Strix Scar 15 G533',299,NULL,3),(53,'2024-09-30 11:08:33.498330','2024-09-30 11:08:33.498330','Quisquam perspiciatis omnis.','Motorola Razr 50 Ultra',5724,'9e71d34c-4037-47e9-91f5-d1e109424526_61G-KeNnaFL._AC_UF1000,1000_QL80_.jpg',2),(54,'2024-09-30 11:08:33.505813','2024-09-30 11:08:33.505813','Ut veritatis quidem dolor iure neque.','Poco X5 Pro',6204,'d5e2822c-e427-44ea-9308-800cf52e04af_71BJz1Hyz6L._AC_SL1500_.jpg',2),(55,'2024-09-30 11:08:33.513594','2024-09-30 11:08:33.513594','Quia voluptatem temporibus soluta magnam.','Razer Blade 15 Advanced (Mid 2021)',7252,NULL,3),(56,'2024-09-30 11:08:33.520705','2024-09-30 11:08:33.520705','Magni culpa eum voluptas quaerat impedit voluptates deserunt.','Microsoft Surface Pro 9 5G',3990,NULL,3),(57,'2024-09-30 11:08:33.527142','2024-09-30 11:08:33.527142','Sit impedit in ullam.','Nokia C20',5121,'03e51598-7e1f-4f28-8927-5ffe9da6adfc_2_2de65bd1c52946818faa119a182104f4_1024x1024.jpg',2),(58,'2024-09-30 11:08:33.535200','2024-09-30 11:08:33.535200','Natus incidunt ipsum nihil blanditiis beatae.','Microsoft Surface Laptop Studio (2021)',2095,NULL,3),(59,'2024-09-30 11:08:33.541358','2024-09-30 11:08:33.541358','Nisi maiores cum hic cum nesciunt adipisci mollitia.','Apple iMac 24-inch (M3, 2023)',8415,NULL,3),(60,'2024-09-30 11:08:33.549787','2024-09-30 11:08:33.549787','Veritatis voluptas doloribus voluptatem ea.','Razer Blade 15 (2022)',7967,NULL,3),(61,'2024-09-30 11:08:33.557447','2024-09-30 11:08:33.557447','Tempore tempora totam quaerat incidunt explicabo.','ASUS ROG Flow X13 GV301',4606,NULL,3),(62,'2024-09-30 11:08:33.564985','2024-09-30 11:08:33.564985','Iste sequi nostrum velit inventore autem.','Heavy Duty Iron Lamp',2247,NULL,4),(63,'2024-09-30 11:08:33.571377','2024-09-30 11:08:33.571377','Ut nesciunt fugit expedita.','Dell Inspiron 15',876,NULL,3),(64,'2024-09-30 11:08:33.579087','2024-09-30 11:08:33.579087','Distinctio odit qui rerum amet et.','Mediocre Aluminum Computer',6795,NULL,4),(65,'2024-09-30 11:08:33.586890','2024-09-30 11:08:33.586890','Labore error occaecati eos qui autem et.','Lenovo ThinkPad Z16',614,NULL,3),(66,'2024-09-30 11:08:33.592448','2024-09-30 11:08:33.592448','Voluptatum ut magnam veritatis deleniti totam ratione.','Asus ROG Phone 6 Pro',1005,'d2ebdef8-427b-4eeb-9b67-66dd3ad6f71c_asus-rog-phone6-01-500x500.jpg',2),(67,'2024-09-30 11:08:33.598401','2024-09-30 11:08:33.598401','Et nemo culpa laudantium rerum.','Microsoft Surface Go 2',3121,NULL,3),(68,'2024-09-30 11:08:33.604283','2024-09-30 11:08:33.604283','Distinctio molestias amet ea veniam error.','ZTE Axon 20 5G',3462,'d4706daa-915d-4e58-a516-9a8a7751fa42_images.jpg',2),(69,'2024-09-30 11:08:33.610427','2024-09-30 11:08:33.610427','Nihil repellat quis hic praesentium aliquid unde et.','Practical Silk Shirt',2064,NULL,4),(70,'2024-09-30 11:08:33.615978','2024-09-30 11:08:33.615978','Voluptates facere tenetur quisquam consequatur distinctio.','Huawei Mate 40',7123,'c7596690-4600-4170-a39c-d1067e2c0f39_Ep-kinh-Tecno-Pova-5-Pro-2024-08-13T234452.702.jpg',2),(71,'2024-09-30 11:08:33.622220','2024-09-30 11:08:33.622220','Soluta cum vitae dolorum consequuntur in.','LG Gram 2-in-1',4231,NULL,3),(72,'2024-09-30 11:08:33.628998','2024-09-30 11:08:33.628998','Deleniti neque perspiciatis magnam architecto quibusdam.','Lenovo Yoga Slim 7i',3186,NULL,3),(73,'2024-09-30 11:08:33.635009','2024-09-30 11:08:33.635009','Sed et iusto cupiditate sunt provident.','Dell Latitude 7330 Ultralight',953,NULL,3),(74,'2024-09-30 11:08:33.639061','2024-09-30 11:08:33.639061','Ea culpa dolorem enim ab.','Motorola One Fusion+',1186,'87fea9ad-076c-4bf5-88dd-ee4c85382bb7_0_PCII.jpg',2),(75,'2024-09-30 11:08:33.645326','2024-09-30 11:08:33.646337','Sed consectetur consequatur blanditiis magnam nulla velit.','Razer Blade 15 (2022)',2504,NULL,3),(76,'2024-09-30 11:08:33.651583','2024-09-30 11:08:33.651583','Consequatur et error ab.','Xiaomi Mi A3',5205,'5eaf8e03-fa88-4c21-9de3-7438e3f3f30d_636995644864969655_xiaomi-mi-a3-xanh-3_2_2.jpg',2),(77,'2024-09-30 11:08:33.657782','2024-09-30 11:08:33.657782','Voluptatem ducimus sunt.','Razer Blade 15 (2022)',3021,NULL,3),(78,'2024-09-30 11:08:33.663254','2024-09-30 11:08:33.663254','Aut ducimus aperiam et nihil officiis quia.','Microsoft Surface Go 3 LTE Advanced',2411,NULL,3),(79,'2024-09-30 11:08:33.668398','2024-09-30 11:08:33.668398','Consequatur ad praesentium fugit illo.','Huawei MateBook D 15',5845,NULL,3),(80,'2024-09-30 11:08:33.674452','2024-09-30 11:08:33.674452','Dolores praesentium error consequatur quam architecto placeat ipsum.','Huawei P Smart 2021',9057,'dd47d505-c9c2-48a5-ba1c-2a1fbdea3b4a_Huawei-P-Smart-2021-3.jpg',2),(81,'2024-09-30 11:08:33.680020','2024-09-30 11:08:33.680020','Consequatur molestiae dolor minima numquam quaerat.','Nokia 2.4',4885,'94e9bda3-bd54-4336-b962-30035c34cb1a_4907b51a4bb0e60e4c09061a8a83a09b.jpg',2),(82,'2024-09-30 11:08:33.685807','2024-09-30 11:08:33.685807','Ducimus voluptatibus iste sint ratione tempore eum et.','ASUS ROG Zephyrus Duo 16',1999,NULL,3),(83,'2024-09-30 11:08:33.691673','2024-09-30 11:08:33.691673','Non aut quisquam occaecati.','Vivo S9',8748,'37bf4866-24bf-4917-b9eb-4c3b419f8a68_1709528013_777_Dien-thoai-thong-minh-Vivo-S9-5G-voi-man-hinh.jpg',2),(84,'2024-09-30 11:08:33.701662','2024-09-30 11:08:33.701662','Excepturi cumque assumenda temporibus animi voluptas ut voluptates.','Gigabyte AORUS 17X',7313,NULL,3),(85,'2024-09-30 11:08:33.707824','2024-09-30 11:08:33.707824','Est nulla fugiat recusandae maiores.','Samsung Galaxy Note 20',1426,'e9c87a49-1731-44a5-8823-ee481d82b57f_(600x600)_crop_Untitled_1.jpg',2),(86,'2024-09-30 11:08:33.714441','2024-09-30 11:08:33.714441','Vitae sed nisi consequatur.','Fantastic Linen Chair',4416,NULL,4),(87,'2024-09-30 11:08:33.721369','2024-09-30 11:08:33.721369','Ducimus et assumenda quis architecto amet dolores esse.','Huawei MateBook B3-520',1271,NULL,3),(88,'2024-09-30 11:08:33.726081','2024-09-30 11:08:33.726081','Qui sed autem deserunt.','Apple MacBook Pro 13',4135,NULL,3),(89,'2024-09-30 11:08:33.731580','2024-09-30 11:08:33.731580','Nostrum hic est.','HP Chromebook x360 14c',4115,NULL,3),(90,'2024-09-30 11:08:33.738060','2024-09-30 11:08:33.738060','Perferendis minus autem modi reprehenderit animi.','Honor 20',4259,'b3532f94-4444-4a2c-bea0-e2abed836c78_111_800x450.jpg',2),(91,'2024-09-30 11:08:33.743525','2024-09-30 11:08:33.743525','Et sed sit perspiciatis odit.','Microsoft Surface Go 4',1327,NULL,3),(92,'2024-09-30 11:08:33.749772','2024-09-30 11:08:33.749772','Sunt quidem ipsum totam id dolore tempore quod.','Sony Xperia 10 IV',6049,'85b3644b-6597-4dc7-9f1c-2774fb0aa92d_adf4baabecab7339e5fc396_master_b9986f76bd9e4797a15dbab2c6f3fbdb_master_c4354e0599bb4b8599e84b480efd5066_master.jpg',2),(93,'2024-09-30 11:08:33.755600','2024-09-30 11:08:33.755600','Praesentium quam ut.','Intelligent Steel Keyboard',6033,NULL,4),(94,'2024-09-30 11:08:33.761931','2024-09-30 11:08:33.761931','Fugit dolorem fugiat sed.','OnePlus 7T',1832,'f8c30829-0092-45df-a6c8-705fb336d957_600_600_oneplus_7t_pro_xtmobile.jpg',2),(95,'2024-09-30 11:08:33.767828','2024-09-30 11:08:33.767828','Hic qui tempora.','Acer Swift 5',8904,NULL,3),(96,'2024-09-30 11:08:33.773585','2024-09-30 11:08:33.773585','Qui tenetur provident quod aperiam aliquam enim.','Honor V40',8150,'7b272332-a071-49f0-ad0f-e55fc3b5b738_cvd.jpg',2),(97,'2024-09-30 11:08:33.780349','2024-09-30 11:08:33.780349','Veniam optio laborum vel ea saepe non.','Razer Blade 14 (2022)',5492,NULL,3),(98,'2024-09-30 11:08:33.788408','2024-09-30 11:08:33.788408','Dignissimos enim doloremque molestias non vel.','Acer Swift Edge',420,NULL,3),(99,'2024-09-30 11:08:33.795432','2024-09-30 11:08:33.795432','Corporis repellendus doloribus sint amet sequi officiis.','Small Cotton Table',259,NULL,4),(100,'2024-09-30 11:08:33.803220','2024-09-30 11:08:33.803220','Exercitationem et quo asperiores quia corporis natus et.','Lenovo ThinkPad P15 Gen 2',2032,NULL,3),(101,'2024-09-30 11:08:33.808891','2024-09-30 11:08:33.808891','Distinctio aut quam aperiam ut.','Motorola G60',7837,'50eb15cb-6bf7-4e9b-b4c3-2b86867399d2_2767223-1.jpg',2),(102,'2024-09-30 11:08:33.815760','2024-09-30 11:08:33.815760','Sunt facere velit.','Nokia G50 5G',8011,'bdcc8b8f-8b40-4bd0-baff-23730d94c080_co-nen-mua-nokia-g50_25042022111647.jpg',2),(103,'2024-09-30 11:08:33.821158','2024-09-30 11:08:33.821158','Mollitia repellendus dolorem temporibus consequatur voluptates.','Synergistic Wooden Lamp',4312,NULL,4),(104,'2024-09-30 11:08:33.827274','2024-09-30 11:08:33.827274','Molestiae ut explicabo asperiores.','Vivo S9',345,'97467238-8a19-4b41-b0fb-99ebe78b6d5f_1709528013_777_Dien-thoai-thong-minh-Vivo-S9-5G-voi-man-hinh.jpg',2),(105,'2024-09-30 11:08:33.833779','2024-09-30 11:08:33.833779','Animi id animi qui quae iusto et.','Asus Zenfone 8',7367,'0eeb127d-d21e-463b-84d9-c3c7f1da63d3_2021_5_13_637565423212918396_tren-tay-asus-zenfone-8.jpg',2),(106,'2024-09-30 11:08:33.839745','2024-09-30 11:08:33.839745','Ut velit quia aut quibusdam ut aspernatur inventore.','Awesome Iron Chair',2313,NULL,4),(107,'2024-09-30 11:08:33.846354','2024-09-30 11:08:33.846354','Quo deserunt voluptatum blanditiis.','Acer ConceptD 3 Ezel',9453,NULL,3),(108,'2024-09-30 11:08:33.854605','2024-09-30 11:08:33.854605','Non expedita non.','Oppo Reno10 Pro+',947,'afe54c8e-60f0-46df-8d51-5f0ad027397a_38.jpg',2),(109,'2024-09-30 11:08:33.861863','2024-09-30 11:08:33.861863','Voluptas modi beatae fugit tempora tempora error.','Microsoft Surface Laptop 5 13.5',1536,NULL,3),(110,'2024-09-30 11:08:33.870595','2024-09-30 11:08:33.870595','At voluptatem vero repellat culpa corrupti.','HP ProBook 445 G8',9234,NULL,3),(111,'2024-09-30 11:08:33.877469','2024-09-30 11:08:33.877469','Eos optio dolore.','Nokia G11',4793,'e5a5f9bf-0292-45e8-8679-83b9d3f100d9_ava-g11-plus-black.jpg',2),(112,'2024-09-30 11:08:33.883960','2024-09-30 11:08:33.883960','Molestiae velit minus et.','Apple iMac Pro (2017)',4667,NULL,3),(113,'2024-09-30 11:08:33.890092','2024-09-30 11:08:33.890092','Maxime reprehenderit delectus dolorem aut.','Fantastic Silk Chair',4518,NULL,4),(114,'2024-09-30 11:08:33.896312','2024-09-30 11:08:33.896312','Similique nihil temporibus.','Google Pixel 5',1020,'ee83ee8d-0dc4-4af7-9ec1-d5322ca65e0c_41uLineaJAL._AC_US600_.jpg',2),(115,'2024-09-30 11:08:33.903010','2024-09-30 11:08:33.903010','Non quia dolores praesentium quis quae cum.','Gigabyte Aero 15',2502,NULL,3),(116,'2024-09-30 11:08:33.908838','2024-09-30 11:08:33.908838','Qui ex ipsum qui placeat reprehenderit praesentium velit.','HP ZBook Fury 15 G8',5942,NULL,3),(117,'2024-09-30 11:08:33.915764','2024-09-30 11:08:33.915764','Est provident quia amet blanditiis totam possimus.','Acer ConceptD 3 Ezel',2122,NULL,3),(118,'2024-09-30 11:08:33.921065','2024-09-30 11:08:33.921065','Cupiditate vel dicta facere quam ipsum.','Dell Inspiron 14',2693,NULL,3),(119,'2024-09-30 11:08:33.927309','2024-09-30 11:08:33.927309','Nisi id dolorum.','Lenovo ThinkBook 15',3708,NULL,3),(120,'2024-09-30 11:08:33.934204','2024-09-30 11:08:33.934204','Alias consequuntur voluptas aut beatae.','MSI Modern 14',8327,NULL,3),(121,'2024-09-30 11:08:33.940208','2024-09-30 11:08:33.940208','Aperiam occaecati quibusdam.','Razer Blade 14 (2022)',3138,NULL,3),(122,'2024-09-30 11:08:33.947030','2024-09-30 11:08:33.947030','Eveniet facere qui quos et unde fugit qui.','Xiaomi Redmi K70 Pro',1962,'667fb52a-837c-4555-9c98-28775a01dabd_k70c-69c9f0a4-1f0e-4eff-bdf9-28bda8ddca0d.jpg',2),(123,'2024-09-30 11:08:33.954517','2024-09-30 11:08:33.954517','Quod enim nihil.','Gorgeous Marble Lamp',2802,NULL,4),(124,'2024-09-30 11:08:33.962194','2024-09-30 11:08:33.962194','Quidem minima fugiat beatae deserunt saepe reiciendis.','Nokia XR20',7301,'d552ac2c-2861-4930-b8f3-0e1a8121632e_4907b51a4bb0e60e4c09061a8a83a09b.jpg',2),(125,'2024-09-30 11:08:33.969769','2024-09-30 11:08:33.969769','Nihil sunt nemo ut delectus.','Lenovo ThinkPad X13 Yoga',2391,NULL,3),(126,'2024-09-30 11:08:33.975310','2024-09-30 11:08:33.975310','Magnam incidunt est possimus labore aut.','HP EliteBook 840 Aero G8',971,NULL,3),(127,'2024-09-30 11:08:33.985222','2024-09-30 11:08:33.985222','Voluptatibus aut et qui magnam debitis id.','MSI Delta 15',1504,NULL,3),(128,'2024-09-30 11:08:33.995018','2024-09-30 11:08:33.995018','Nostrum et et recusandae.','Xiaomi Mi Mix 4',3271,'56ae1e21-5828-4023-9158-e5878d0ded06_636995644864969655_xiaomi-mi-a3-xanh-3_2_2.jpg',2),(129,'2024-09-30 11:08:34.005734','2024-09-30 11:08:34.005734','Cum ea sapiente veritatis qui.','MSI Creator M16',9882,NULL,3),(130,'2024-09-30 11:08:34.013138','2024-09-30 11:08:34.013138','Doloremque atque adipisci.','Rustic Rubber Computer',6337,NULL,4),(131,'2024-09-30 11:08:34.021162','2024-09-30 11:08:34.021162','Reprehenderit incidunt corporis aut pariatur.','Nokia XR20',1259,'3e432a36-8b6d-4279-82cb-34b4b1bb0bbc_71jMMrvDCcL._AC_UF1000,1000_QL80_.jpg',2),(132,'2024-09-30 11:08:34.027346','2024-09-30 11:08:34.027346','Nulla debitis est est eum fuga omnis.','Realme X7',3572,'7e618152-6feb-492c-a663-ebe2b39ab308_dien_thoai_realme_x7_max_5g_59af4057586b442480da7a16b764bc15_large.jpg',2),(133,'2024-09-30 11:08:34.035199','2024-09-30 11:08:34.035199','Minima sint minus hic sapiente eaque.','Sony Xperia 5 III',5674,'63fbd5b3-73b1-41a5-965f-771e65dc1344_a2a5c0b1311a8a8866791e0dd36f494b.jpg',2),(134,'2024-09-30 11:08:34.040728','2024-09-30 11:08:34.040728','Quia quia sit natus perspiciatis fuga quas.','Lenovo ThinkPad X1 Extreme Gen 4',6275,NULL,3),(135,'2024-09-30 11:08:34.047778','2024-09-30 11:08:34.047778','Excepturi quo aut distinctio voluptatibus consequuntur odio.','Xiaomi Mi 11i',8182,'8e967a42-bbac-4ab2-b6d6-388ea0fd7210_2-8.jpg',2),(136,'2024-09-30 11:08:34.054786','2024-09-30 11:08:34.054786','Officia totam saepe qui.','Acer Swift 5',9102,NULL,3),(137,'2024-09-30 11:08:34.060947','2024-09-30 11:08:34.060947','Nisi expedita modi enim.','MSI Alpha 17',7268,NULL,3),(138,'2024-09-30 11:08:34.069282','2024-09-30 11:08:34.069282','Illo quisquam quae voluptas et iusto tempora.','LG Gram 17',1961,NULL,3),(139,'2024-09-30 11:08:34.075285','2024-09-30 11:08:34.075285','Et neque veniam blanditiis.','LG Gram 16 2-in-1',684,NULL,3),(140,'2024-09-30 11:08:34.081775','2024-09-30 11:08:34.081775','Aut sit omnis eaque harum provident est ut.','Huawei MateBook 16 2022',4793,NULL,3),(141,'2024-09-30 11:08:34.088854','2024-09-30 11:08:34.088854','Aut sequi deserunt blanditiis.','Ergonomic Wooden Table',9014,NULL,4),(142,'2024-09-30 11:08:34.096387','2024-09-30 11:08:34.096387','Voluptas iusto sint consequatur consequatur quia molestiae.','Awesome Bronze Pants',2597,NULL,4),(143,'2024-09-30 11:08:34.103318','2024-09-30 11:08:34.103318','Consectetur sint sit necessitatibus officiis.','HP Elite Dragonfly',5094,NULL,3),(144,'2024-09-30 11:08:34.109850','2024-09-30 11:08:34.109850','Eveniet animi voluptas.','Synergistic Linen Plate',8487,NULL,4),(145,'2024-09-30 11:08:34.117763','2024-09-30 11:08:34.117763','Aliquam facere qui.','Microsoft Surface Laptop 4 15 AMD',5966,NULL,3),(146,'2024-09-30 11:08:34.126968','2024-09-30 11:08:34.126968','Dolores rerum ab ipsa minima earum.','Rustic Wool Computer',2462,NULL,4),(147,'2024-09-30 11:08:34.134558','2024-09-30 11:08:34.134558','Ab iste qui ex dolorum.','Awesome Granite Watch',9367,NULL,4),(148,'2024-09-30 11:08:34.140672','2024-09-30 11:08:34.140672','Consequatur qui ab officia et nisi nihil dignissimos.','Acer Chromebook 516 GE',7073,NULL,3),(149,'2024-09-30 11:08:34.147773','2024-09-30 11:08:34.147773','Ea id qui quis non eligendi ea illum.','Practical Paper Watch',6645,NULL,4),(150,'2024-09-30 11:08:34.154251','2024-09-30 11:08:34.154251','Magnam iure eum quia veritatis.','Samsung Galaxy F54 5G',7849,'e72ec60d-cc53-4f4a-be5a-11a84563df4b_galaxy_f54-sixteen_nine.jpg',2),(151,'2024-09-30 11:08:34.159577','2024-09-30 11:08:34.159577','Hic consequuntur sed maiores eaque soluta eum qui.','Lenovo ThinkPad P15v',823,NULL,3),(152,'2024-09-30 11:08:34.166352','2024-09-30 11:08:34.166352','Quia et rerum.','Acer Chromebook 714',5639,NULL,3),(153,'2024-09-30 11:08:34.172192','2024-09-30 11:08:34.172192','Voluptate eos occaecati aut aut non sed praesentium.','Heavy Duty Granite Clock',1722,NULL,4),(154,'2024-09-30 11:08:34.179202','2024-09-30 11:08:34.179202','Ullam quos qui qui.','Nokia 8.3',7479,'f076e58a-4ed7-4e88-bda3-f1dad6dc6041_nokia-8_3_5G-polar_night-back-int.jpg',2),(155,'2024-09-30 11:08:34.186953','2024-09-30 11:08:34.186953','Sit ab architecto atque temporibus maxime.','Poco C4',2204,'15e0a1a3-e0a4-4e76-893d-c561b7a2fd36_eb9888452fd65238c8e180a70541e798.jpg',2),(156,'2024-09-30 11:08:34.193706','2024-09-30 11:08:34.193706','Placeat et voluptatibus enim qui.','MSI GE76 Raider',7548,NULL,3),(157,'2024-09-30 11:08:34.202989','2024-09-30 11:08:34.202989','Sunt iusto autem tenetur eaque quo voluptatum.','Dell Inspiron 16 Plus',6676,NULL,3),(158,'2024-09-30 11:08:34.209390','2024-09-30 11:08:34.209390','Veritatis laborum quis facilis.','Dell Precision 5550',4274,NULL,3),(159,'2024-09-30 11:08:34.215868','2024-09-30 11:08:34.215868','Quae dolores quae saepe.','Rustic Plastic Bench',4349,NULL,4),(160,'2024-09-30 11:08:34.222749','2024-09-30 11:08:34.222749','Voluptates quis fuga enim rerum error.','Huawei MateBook 16s',6602,NULL,3),(161,'2024-09-30 11:08:34.226496','2024-09-30 11:08:34.226496','Inventore vel distinctio qui quaerat odit libero aspernatur.','Microsoft Surface Laptop Studio (2021)',6450,NULL,3),(162,'2024-09-30 11:08:34.233183','2024-09-30 11:08:34.233183','At deserunt et.','LG Gram 17 (2023)',3208,NULL,3),(163,'2024-09-30 11:08:34.237966','2024-09-30 11:08:34.237966','Voluptatem harum dolor culpa dolores.','iPhone 14 Pro',4233,'437e5ae5-f53c-422e-b2e1-b00b72d62f1e_3823e1df-3fd1-4406-9c2e-69e1e21213db_3446x2585.jpg',2),(164,'2024-09-30 11:08:34.242380','2024-09-30 11:08:34.242380','Dolores asperiores fugiat ullam ut sed.','Intelligent Plastic Keyboard',7995,NULL,4),(165,'2024-09-30 11:08:34.248608','2024-09-30 11:08:34.248608','Et aperiam et provident in voluptas ea.','Lightweight Rubber Coat',8351,NULL,4),(166,'2024-09-30 11:08:34.252608','2024-09-30 11:08:34.252608','Voluptates voluptas ut tempore quia.','LG Gram 16Z90P-K.AAB6U1',6948,NULL,3),(167,'2024-09-30 11:08:34.258906','2024-09-30 11:08:34.258906','Quibusdam dolorem dolores.','Razer Blade 15 (2022)',2768,NULL,3),(168,'2024-09-30 11:08:34.264226','2024-09-30 11:08:34.264226','Voluptatem et voluptates corporis.','Xiaomi Mi Mix Fold 3',4413,'c3c06c5b-cc35-44a9-979d-b4fea334978f_gsmarena_008.jpg',2),(169,'2024-09-30 11:08:34.270261','2024-09-30 11:08:34.270261','Dolorem numquam tempora autem.','HP EliteBook 840 Aero G8',7474,NULL,3),(170,'2024-09-30 11:08:34.275734','2024-09-30 11:08:34.275734','Officia ipsum quia ut.','Google Pixel 3a',6836,'919d1f42-5bb7-4921-bf56-c000c06854c9_dien-thoai-pixel-6-.jpg',2),(171,'2024-09-30 11:08:34.281006','2024-09-30 11:08:34.281006','Mollitia quidem qui qui sunt asperiores veniam.','Microsoft Surface Laptop Studio 2',2882,NULL,3),(172,'2024-09-30 11:08:34.286092','2024-09-30 11:08:34.286092','Vel omnis quisquam qui aut ut.','Sleek Iron Pants',4484,NULL,4),(173,'2024-09-30 11:08:34.291327','2024-09-30 11:08:34.291327','Omnis non aut ipsa enim repellendus suscipit eius.','Microsoft Surface Laptop 3',6000,NULL,3),(174,'2024-09-30 11:08:34.297860','2024-09-30 11:08:34.297860','Eius accusamus dignissimos.','ASUS ProArt StudioBook 16 OLED',6016,NULL,3),(175,'2024-09-30 11:08:34.303069','2024-09-30 11:08:34.303069','Voluptatum delectus distinctio in harum.','Motorola Edge 5G',44,'b706ddc8-8adf-447e-b01a-914c3d49612d_715aoVxQNTL.jpg',2),(176,'2024-09-30 11:08:34.308733','2024-09-30 11:08:34.308733','Voluptas dolorem sunt ex vitae.','Razer Blade 14 (2022)',6697,NULL,3),(177,'2024-09-30 11:08:34.313401','2024-09-30 11:08:34.313401','Eum ut porro eos iusto suscipit.','LG Ultra PC 17U70N',1859,NULL,3),(178,'2024-09-30 11:08:34.319410','2024-09-30 11:08:34.319410','Cupiditate et laboriosam consequuntur laborum molestiae.','Oppo Find X3 Lite',8751,'89d1428c-97ca-4c26-82b4-636ed596753c_81Q3waKa8qL._AC_UF1000,1000_QL80_.jpg',2),(179,'2024-09-30 11:08:34.324919','2024-09-30 11:08:34.324919','Atque est quia possimus accusamus voluptatem nesciunt.','LG Gram 14 2-in-1 (2021)',7963,NULL,3),(180,'2024-09-30 11:08:34.329920','2024-09-30 11:08:34.329920','Doloribus adipisci laborum facere quia.','Gorgeous Plastic Shoes',3990,NULL,4),(181,'2024-09-30 11:08:34.336135','2024-09-30 11:08:34.336135','Est ipsum optio iusto.','Incredible Wooden Plate',2853,NULL,4),(182,'2024-09-30 11:08:34.341479','2024-09-30 11:08:34.341479','Laboriosam quis est.','Acer Swift 3',1716,NULL,3),(183,'2024-09-30 11:08:34.348357','2024-09-30 11:08:34.348357','Nostrum atque aut placeat sint voluptatem nihil debitis.','Microsoft Surface Laptop 4',5694,NULL,3),(184,'2024-09-30 11:08:34.354218','2024-09-30 11:08:34.354218','Quae architecto doloremque reiciendis ab est eaque.','Huawei MateBook X 2021',4088,NULL,3),(185,'2024-09-30 11:08:34.360339','2024-09-30 11:08:34.360339','Est in consequuntur molestiae omnis sit quo officiis.','Dell G3 15',9399,NULL,3),(186,'2024-09-30 11:08:34.367768','2024-09-30 11:08:34.367768','Accusamus ut suscipit iure voluptas.','Intelligent Bronze Coat',5411,NULL,4),(187,'2024-09-30 11:08:34.373413','2024-09-30 11:08:34.373413','Rerum provident nemo delectus et laboriosam.','Lenovo ThinkPad X1 Nano',4859,NULL,3),(188,'2024-09-30 11:08:34.378997','2024-09-30 11:08:34.378997','Quos saepe fuga libero in non at.','ASUS ROG Zephyrus M16',6035,NULL,3),(189,'2024-09-30 11:08:34.384790','2024-09-30 11:08:34.384790','Deleniti expedita cumque.','Motorola Edge 40 Neo',6574,'fc8a942a-fc79-44d0-8aac-f5813f099856_61ai2T+drCL._AC_UF894,1000_QL80_.jpg',2),(190,'2024-09-30 11:08:34.390263','2024-09-30 11:08:34.390263','Ipsum quam officia velit incidunt libero.','ASUS TUF Gaming F17',1319,NULL,3),(191,'2024-09-30 11:08:34.396608','2024-09-30 11:08:34.396608','Modi mollitia et quia.','Sony Xperia 5 II',9577,'87ef9096-c767-434b-b3f8-586094d07593_8088708bb0a1d3117b96ceae8cc1f680.jpg_960x960q80.jpg_.jpg',2),(192,'2024-09-30 11:08:34.404277','2024-09-30 11:08:34.404277','Et omnis non non sed.','Razer Blade Stealth 13 (Early 2021)',684,NULL,3),(193,'2024-09-30 11:08:34.411045','2024-09-30 11:08:34.411045','Et possimus iusto reprehenderit est dignissimos.','Lenovo IdeaPad 5',9733,NULL,3),(194,'2024-09-30 11:08:34.419715','2024-09-30 11:08:34.419715','Corrupti molestiae corporis odit soluta quisquam.','Microsoft Surface Laptop 4 13.5',3020,NULL,3),(195,'2024-09-30 11:08:34.424936','2024-09-30 11:08:34.424936','Facere quidem non dolorem sit dolor perspiciatis.','Dell Latitude 5420',7238,NULL,3),(196,'2024-09-30 11:08:34.431293','2024-09-30 11:08:34.431293','Aperiam iure ea veritatis et occaecati ipsum.','Sony Xperia 1 III',5405,'fff474b2-dcc1-45df-a74d-00b499582ab6_a2a5c0b1311a8a8866791e0dd36f494b.jpg',2),(197,'2024-09-30 11:08:34.437299','2024-09-30 11:08:34.437299','Rem eos velit dolorem sed doloribus vitae.','HP Spectre x360 13.5',6803,NULL,3),(198,'2024-09-30 11:08:34.443930','2024-09-30 11:08:34.443930','Necessitatibus et non alias tenetur suscipit vel.','Awesome Cotton Shirt',3538,NULL,4),(199,'2024-09-30 11:08:34.451005','2024-09-30 11:08:34.451005','Ipsa placeat in necessitatibus at odit ut et.','Lenovo ThinkPad X13',322,NULL,3),(200,'2024-09-30 11:08:34.456000','2024-09-30 11:08:34.457003','At quasi odit optio et.','MSI Summit E13 Flip',6336,NULL,3),(201,'2024-09-30 11:08:34.463186','2024-09-30 11:08:34.463186','Nobis laborum quibusdam eligendi dicta.','Xiaomi Mi Mix 4',7659,'b7879295-1704-43c3-90a5-4089597fc8db_gsmarena_008.jpg',2),(202,'2024-09-30 11:08:34.469263','2024-09-30 11:08:34.469263','Et expedita voluptatem excepturi dolorem dignissimos.','Intelligent Copper Table',4456,NULL,4),(203,'2024-09-30 11:08:34.475261','2024-09-30 11:08:34.475261','Quam architecto eum commodi est praesentium.','ASUS ROG Zephyrus M16',7848,NULL,3),(204,'2024-09-30 11:08:34.481613','2024-09-30 11:08:34.481613','Enim optio sapiente.','Dell XPS 17',6179,NULL,3),(205,'2024-09-30 11:08:34.487868','2024-09-30 11:08:34.487868','Ducimus velit quas.','Fantastic Plastic Chair',6044,NULL,4),(206,'2024-09-30 11:08:34.492988','2024-09-30 11:08:34.492988','Et rem autem dolorem minima.','Razer Blade 15 (2022)',6584,NULL,3),(207,'2024-09-30 11:08:34.498747','2024-09-30 11:08:34.498747','Eaque non recusandae.','Gigabyte AORUS 17 XE',270,NULL,3),(208,'2024-09-30 11:08:34.505487','2024-09-30 11:08:34.505487','Corporis magni ab in sed dolor cupiditate voluptas.','Lenovo ThinkPad X13 Yoga',6361,NULL,3),(209,'2024-09-30 11:08:34.511541','2024-09-30 11:08:34.511541','Voluptas a et dolor id.','Lenovo ThinkPad X1 Carbon',3222,NULL,3),(210,'2024-09-30 11:08:34.519256','2024-09-30 11:08:34.519256','Magni excepturi sit sed dicta.','ASUS TUF Gaming A15',5855,NULL,3),(211,'2024-09-30 11:08:34.525416','2024-09-30 11:08:34.525416','Aut consequatur debitis iusto aliquam et.','Dell Precision 7560',3883,NULL,3),(212,'2024-09-30 11:08:34.532881','2024-09-30 11:08:34.532881','Eos quia iste.','Tecno Spark 10 Pro',6592,'16e14f21-1c68-4f25-a469-92549571fe9e_61Tp7vwev3L._AC_UF1000,1000_QL80_.jpg',2),(213,'2024-09-30 11:08:34.539952','2024-09-30 11:08:34.539952','Corporis amet suscipit eaque repellat quo amet.','Xiaomi Redmi Note 10',1381,'e6a9a3dc-3eb7-4736-b103-bc61e9a29cf5_Galaxydidong-xiaomi-redmi-note-10-5g-xam.jpg',2),(214,'2024-09-30 11:08:34.545461','2024-09-30 11:08:34.545461','Nobis aperiam eligendi.','Gorgeous Wooden Bottle',2628,NULL,4),(215,'2024-09-30 11:08:34.552276','2024-09-30 11:08:34.552276','Nulla ipsum sunt.','Razer Blade 15 (2022)',7672,NULL,3),(216,'2024-09-30 11:08:34.559198','2024-09-30 11:08:34.559198','Magnam sapiente repellendus ut pariatur dolorum esse.','Xiaomi 12 Lite',7296,'a03f59a7-4b9b-4440-98ab-0920ee97e4f2_cc22e280e4e720d1b174cd4e37c36770.jpg',2),(217,'2024-09-30 11:08:34.575017','2024-09-30 11:08:34.575017','Expedita a et suscipit adipisci.','Realme 6i',8336,'bdc6706d-d61e-467e-a055-5228d4af6a23_71jMMrvDCcL._AC_UF1000,1000_QL80_.jpg',2),(218,'2024-09-30 11:08:34.580848','2024-09-30 11:08:34.580848','Omnis sed expedita a voluptatem error et.','Acer Predator Helios 500',5273,NULL,3),(219,'2024-09-30 11:08:34.587821','2024-09-30 11:08:34.587821','Itaque esse nulla.','ASUS ROG Zephyrus Duo 16',3784,NULL,3),(220,'2024-09-30 11:08:34.593444','2024-09-30 11:08:34.593444','Consequatur eligendi et perferendis ut animi tempora.','Acer Chromebook 714',8261,NULL,3),(221,'2024-09-30 11:08:34.600047','2024-09-30 11:08:34.600047','Facere aut cumque illo molestiae vero fugit.','OnePlus 9R',5546,NULL,2),(222,'2024-09-30 11:08:34.606579','2024-09-30 11:08:34.606579','Accusamus quaerat et assumenda fugiat blanditiis quod.','Samsung Galaxy S21',9749,'be6d4a3a-7a7a-44e4-b8d2-301312fa266b__0001_huawei-mate-xs2-3.jpg',2),(223,'2024-09-30 11:08:34.617915','2024-09-30 11:08:34.617915','Optio adipisci non.','Microsoft Surface Pro X',2992,NULL,3),(224,'2024-09-30 11:08:34.623929','2024-09-30 11:08:34.623929','Cupiditate voluptatem ducimus delectus velit voluptas.','Huawei MateBook 14s',6359,NULL,3),(225,'2024-09-30 11:08:34.629916','2024-09-30 11:08:34.629916','Alias nihil reiciendis consequatur mollitia eum.','MSI Summit E13 Flip',631,NULL,3),(226,'2024-09-30 11:08:34.636680','2024-09-30 11:08:34.636680','Beatae commodi rerum non sunt tempora.','Acer Predator Helios 300',244,NULL,3),(227,'2024-09-30 11:08:34.641608','2024-09-30 11:08:34.641608','Veritatis saepe repellendus iste.','Incredible Marble Hat',584,NULL,4),(228,'2024-09-30 11:08:34.647514','2024-09-30 11:08:34.647514','Et laborum fugiat fugiat aut quis nulla.','Asus Zenfone 7',4286,'abc51082-359f-43fb-8926-e52c9a3bf3e1_2020_10_23_637390552001820219_review-huawei-mate-40-pro.jpg',2),(229,'2024-09-30 11:08:34.654135','2024-09-30 11:08:34.654135','Aut debitis nesciunt at voluptas.','Microsoft Surface Pro 7',8283,NULL,3),(230,'2024-09-30 11:08:34.659711','2024-09-30 11:08:34.659711','Quasi dolorum est.','Razer Blade 18',7093,NULL,3),(231,'2024-09-30 11:08:34.665872','2024-09-30 11:08:34.665872','Rerum ut consectetur.','Acer Aspire 3 (A315-59G)',5971,NULL,3),(232,'2024-09-30 11:08:34.671352','2024-09-30 11:08:34.671352','Et numquam laudantium eligendi quo eum.','Samsung Galaxy A34 5G',5731,NULL,2),(233,'2024-09-30 11:08:34.676737','2024-09-30 11:08:34.676737','Explicabo nulla perspiciatis sequi sunt.','OnePlus 8T',9357,NULL,2),(234,'2024-09-30 11:08:34.683067','2024-09-30 11:08:34.683067','Magni qui cupiditate autem delectus consequatur.','LG Gram 14T90P',8347,NULL,3),(235,'2024-09-30 11:08:34.689204','2024-09-30 11:08:34.689204','Voluptatem dolorem qui.','Lenovo ThinkBook 14s Yoga',7965,NULL,3),(236,'2024-09-30 11:08:34.693434','2024-09-30 11:08:34.693434','Quos maiores quod placeat fugit tempore.','Samsung Galaxy S22',9654,NULL,2),(237,'2024-09-30 11:08:34.698551','2024-09-30 11:08:34.698551','Officia est provident.','Gigabyte AORUS 17X',3834,NULL,3),(238,'2024-09-30 11:08:34.703687','2024-09-30 11:08:34.703687','Dolore error explicabo distinctio voluptatem sed.','Durable Aluminum Keyboard',7439,NULL,4),(239,'2024-09-30 11:08:34.708264','2024-09-30 11:08:34.708264','Et cupiditate sunt et adipisci voluptatem non.','Lenovo ThinkPad X13 Yoga',8284,NULL,3),(240,'2024-09-30 11:08:34.714093','2024-09-30 11:08:34.714093','Recusandae omnis provident soluta exercitationem sit aut.','Razer Blade 15',2448,NULL,3),(241,'2024-09-30 11:08:34.719999','2024-09-30 11:08:34.719999','Molestias ipsam tempora nobis blanditiis omnis.','ASUS ROG Zephyrus G15 GA503',618,NULL,3),(242,'2024-09-30 11:08:34.725171','2024-09-30 11:08:34.725171','Vel et sit non error qui.','Google Pixel 6 Pro',8501,NULL,2),(243,'2024-09-30 11:08:34.730531','2024-09-30 11:08:34.730531','Et eos dolores.','Mediocre Wool Clock',1857,NULL,4),(244,'2024-09-30 11:08:34.739423','2024-09-30 11:08:34.739423','Autem nulla totam voluptate totam ut sint in.','MSI GL65 Leopard',3605,NULL,3),(245,'2024-09-30 11:08:34.744627','2024-09-30 11:08:34.744627','Suscipit repellendus maiores.','Lenovo ThinkPad Z16',5088,NULL,3),(246,'2024-09-30 11:08:34.751304','2024-09-30 11:08:34.751304','Exercitationem culpa velit reprehenderit vero non magnam sunt.','Dell Latitude 7410',8792,NULL,3),(247,'2024-09-30 11:08:34.756858','2024-09-30 11:08:34.756858','Ab rerum alias nesciunt tempore necessitatibus cum eos.','Microsoft Surface Laptop Go 2',3405,NULL,3),(248,'2024-09-30 11:08:34.762894','2024-09-30 11:08:34.762894','Praesentium unde consequatur consequatur sit.','Apple MacBook Air (M1, 2020)',8929,NULL,3),(249,'2024-09-30 11:08:34.768460','2024-09-30 11:08:34.768460','Neque id ut ut reprehenderit repellendus sit placeat.','Razer Blade Stealth',7913,NULL,3),(250,'2024-09-30 11:08:34.773497','2024-09-30 11:08:34.773497','Enim facilis impedit nulla dolore voluptas qui facilis.','iPhone 13 Mini',9412,NULL,2),(251,'2024-09-30 11:08:34.780005','2024-09-30 11:08:34.780005','Laudantium aut maiores dicta nam veniam.','OnePlus 13',5755,NULL,2),(252,'2024-09-30 11:08:34.786011','2024-09-30 11:08:34.786011','Impedit mollitia consequatur laboriosam qui facere aut qui.','Asus Zenfone 6',4739,'89cdf67c-a50a-43ed-b747-6633024d3733_61aIAuH7X-L._AC_SL1000_.jpg',2),(253,'2024-09-30 11:08:34.789995','2024-09-30 11:08:34.789995','Molestiae nesciunt exercitationem.','Razer Blade 15 Base (Early 2021)',3717,NULL,3),(254,'2024-09-30 11:08:34.796898','2024-09-30 11:08:34.796898','Sit in omnis facilis et quisquam.','Apple Mac Mini (M1, 2020)',4409,NULL,3),(255,'2024-09-30 11:08:34.803037','2024-09-30 11:08:34.803037','Voluptatem voluptatem corrupti quia eum labore blanditiis.','Razer Blade 17 (2022)',7295,NULL,3),(256,'2024-09-30 11:08:34.808702','2024-09-30 11:08:34.808702','Commodi enim et.','Heavy Duty Wool Bag',9421,NULL,4),(257,'2024-09-30 11:08:34.814829','2024-09-30 11:08:34.814829','Et quam iste quos sint aut.','iPhone 12',8564,NULL,2),(258,'2024-09-30 11:08:34.820414','2024-09-30 11:08:34.820414','Officia veritatis eius eius.','Huawei MateBook 14 2021',5688,NULL,3),(259,'2024-09-30 11:08:34.825451','2024-09-30 11:08:34.825451','Et est ut nihil exercitationem.','Apple MacBook Pro 13',8591,NULL,3),(260,'2024-09-30 11:08:34.832642','2024-09-30 11:08:34.832642','Tempora aliquam placeat architecto repellendus ipsa.','ASUS VivoBook Pro 16X OLED',9177,NULL,3),(261,'2024-09-30 11:08:34.838916','2024-09-30 11:08:34.838916','Reiciendis est aperiam impedit.','Synergistic Steel Lamp',6382,NULL,4),(262,'2024-09-30 11:08:34.845525','2024-09-30 11:08:34.845525','Aut adipisci id porro amet expedita.','Nokia X20',5171,NULL,2),(263,'2024-09-30 11:08:34.851535','2024-09-30 11:08:34.851535','Asperiores aut et dolores consectetur incidunt provident aut.','Fantastic Granite Hat',6695,NULL,4),(264,'2024-09-30 11:08:34.856923','2024-09-30 11:08:34.856923','Eum eligendi quae omnis voluptatibus.','MSI Alpha 17',4711,NULL,3),(265,'2024-09-30 11:08:34.863150','2024-09-30 11:08:34.863150','Voluptas fugiat placeat itaque quia et hic.','Motorola Edge 30 Fusion',4878,NULL,2),(266,'2024-09-30 11:08:34.869149','2024-09-30 11:08:34.869149','Veritatis incidunt pariatur quaerat exercitationem ex accusamus.','ASUS ROG Zephyrus Duo 16',6965,NULL,3),(267,'2024-09-30 11:08:34.873340','2024-09-30 11:08:34.873340','Ad aut dignissimos ipsam ducimus sed.','Samsung Galaxy S22',6755,NULL,2),(268,'2024-09-30 11:08:34.879961','2024-09-30 11:08:34.879961','Quo aut ratione necessitatibus itaque sed.','Poco C4',1434,NULL,2),(269,'2024-09-30 11:08:34.887991','2024-09-30 11:08:34.887991','Blanditiis itaque architecto iste dolorum expedita.','Acer Swift 5 SF514-55T',7701,NULL,3),(270,'2024-09-30 11:08:34.893858','2024-09-30 11:08:34.893858','Accusamus consequatur et accusantium ut.','HP Chromebook x360 14c',7666,NULL,3),(271,'2024-09-30 11:08:34.898947','2024-09-30 11:08:34.898947','Culpa commodi ducimus tenetur.','Gigabyte AORUS 15 XE4',2999,NULL,3),(272,'2024-09-30 11:08:34.906047','2024-09-30 11:08:34.906047','Voluptas sint possimus voluptatum vel et modi nam.','MSI Modern 14',6328,NULL,3),(273,'2024-09-30 11:08:34.911798','2024-09-30 11:08:34.911798','Maiores officia voluptas qui blanditiis voluptate.','iPhone 12',5121,NULL,2),(274,'2024-09-30 11:08:34.920661','2024-09-30 11:08:34.920661','Tenetur qui ex velit.','Enormous Concrete Shirt',7338,NULL,4),(275,'2024-09-30 11:08:34.927025','2024-09-30 11:08:34.927025','Soluta dolor quis.','Microsoft Surface Go 2 LTE',4008,NULL,3),(276,'2024-09-30 11:08:34.933281','2024-09-30 11:08:34.933281','Et at et dolores fugit dolorem quasi molestiae.','Sleek Plastic Gloves',8080,NULL,4),(277,'2024-09-30 11:08:34.939284','2024-09-30 11:08:34.939284','Maiores et voluptas aut.','OnePlus 9R',4469,NULL,2),(278,'2024-09-30 11:08:34.944612','2024-09-30 11:08:34.944612','Et iusto deserunt.','Dell Precision 7770',1047,NULL,3),(279,'2024-09-30 11:08:34.951832','2024-09-30 11:08:34.951832','Adipisci qui voluptatem eius nihil consequatur libero.','Microsoft Surface Laptop Go',8136,NULL,3),(280,'2024-09-30 11:08:34.958208','2024-09-30 11:08:34.958208','Dolores vero deserunt sapiente iusto et doloremque.','Samsung Galaxy M33',7573,NULL,2),(281,'2024-09-30 11:08:34.963241','2024-09-30 11:08:34.963241','Beatae magnam sit quo expedita et sed dolores.','Microsoft Surface Laptop 3 13.5',4588,NULL,3),(282,'2024-09-30 11:08:34.970380','2024-09-30 11:08:34.970380','Voluptatem facilis quia id possimus non.','Dell Inspiron 14',3262,NULL,3),(283,'2024-09-30 11:08:34.976380','2024-09-30 11:08:34.976380','Officiis et cum eos commodi rerum.','Sleek Iron Gloves',9796,NULL,4),(284,'2024-09-30 11:08:34.983377','2024-09-30 11:08:34.983377','Ipsam nihil voluptas voluptate harum quod ex.','Microsoft Surface Laptop 3',1384,NULL,3),(285,'2024-09-30 11:08:34.989605','2024-09-30 11:08:34.989605','Voluptas aspernatur adipisci et quos eius natus libero.','Awesome Silk Bench',8811,NULL,4),(286,'2024-09-30 11:08:34.994391','2024-09-30 11:08:34.994391','Ipsum tempora nobis.','OnePlus Nord 2',1539,NULL,2),(287,'2024-09-30 11:08:35.000395','2024-09-30 11:08:35.000395','Et rerum perspiciatis voluptas et aut qui a.','Vivo V21e',5588,NULL,2),(288,'2024-09-30 11:08:35.005195','2024-09-30 11:08:35.005195','Voluptatibus distinctio vel voluptatum veniam modi qui.','Gigabyte AORUS 17G YD',5345,NULL,3),(289,'2024-09-30 11:08:35.011470','2024-09-30 11:08:35.011470','Qui voluptatem culpa non eveniet.','Samsung Galaxy S22',2950,NULL,2),(290,'2024-09-30 11:08:35.017296','2024-09-30 11:08:35.017296','Blanditiis molestiae nam illum veritatis repellat.','Microsoft Surface Book 3',4612,NULL,3),(291,'2024-09-30 11:08:35.022055','2024-09-30 11:08:35.022055','Repellendus qui quos sed quia id qui hic.','Nokia G20',4177,NULL,2),(292,'2024-09-30 11:08:35.027055','2024-09-30 11:08:35.027055','Suscipit voluptatem et.','Acer Swift 3',4145,NULL,3),(293,'2024-09-30 11:08:35.032177','2024-09-30 11:08:35.032177','Ipsam quasi nisi dolor cupiditate voluptate.','Sleek Marble Coat',4195,NULL,4),(294,'2024-09-30 11:08:35.037175','2024-09-30 11:08:35.037175','Voluptatum enim et distinctio.','MSI Summit E13 Flip',8966,NULL,3),(295,'2024-09-30 11:08:35.042282','2024-09-30 11:08:35.042282','Aperiam non neque.','Gigabyte AORUS 17G',9564,NULL,3),(296,'2024-09-30 11:08:35.047423','2024-09-30 11:08:35.047423','Enim et neque voluptas eos dolore non.','Asus ROG Phone 5 Ultimate',3312,'c5c2da29-df5a-402a-b1ee-038007c9630e_Ep-kinh-Tecno-Pova-5-Pro-2024-08-10T2.jpg',2),(297,'2024-09-30 11:08:35.053431','2024-09-30 11:08:35.053431','Laborum recusandae praesentium quia id sunt nobis.','Apple MacBook Air (M2, 2022)',8120,NULL,3),(298,'2024-09-30 11:08:35.057355','2024-09-30 11:08:35.057355','Eaque perferendis magnam placeat ipsa.','HP Dragonfly Folio G3',4765,NULL,3),(299,'2024-09-30 11:08:35.063227','2024-09-30 11:08:35.063227','Cumque et eveniet ea id.','Lenovo ThinkPad P15v',1381,NULL,3),(300,'2024-09-30 11:08:35.068852','2024-09-30 11:08:35.068852','Minus veritatis repudiandae porro.','HP ZBook Firefly 14',5243,NULL,3),(301,'2024-09-30 11:08:35.073035','2024-09-30 11:08:35.073035','Occaecati illo ratione dolores ea molestias.','Huawei MateBook X Pro 2022',8890,NULL,3),(302,'2024-09-30 11:08:35.078459','2024-09-30 11:08:35.078459','Natus voluptatem totam.','Sony Xperia 1 III',5076,NULL,2),(303,'2024-09-30 11:08:35.083721','2024-09-30 11:08:35.083721','Placeat maxime quia expedita mollitia.','Motorola One Fusion+',2056,NULL,2),(304,'2024-09-30 11:08:35.088645','2024-09-30 11:08:35.088645','Esse mollitia asperiores.','Lenovo ThinkPad X1 Yoga Gen 6',1225,NULL,3),(305,'2024-09-30 11:08:35.093327','2024-09-30 11:08:35.093327','Earum impedit non omnis perferendis aut error.','Microsoft Surface Book 3 15',6259,NULL,3),(306,'2024-09-30 11:08:35.098360','2024-09-30 11:08:35.098360','Quas fugiat excepturi non.','Lightweight Wooden Gloves',1158,NULL,4),(307,'2024-09-30 11:08:35.103833','2024-09-30 11:08:35.103833','Fuga assumenda ut error provident exercitationem quasi et.','Microsoft Surface Laptop 5 13.5',6198,NULL,3),(308,'2024-09-30 11:08:35.108132','2024-09-30 11:08:35.108132','Ut repudiandae magni ut sit facere et impedit.','Synergistic Bronze Bottle',8242,NULL,4),(309,'2024-09-30 11:08:35.113627','2024-09-30 11:08:35.113627','Nihil ut harum sed deserunt rerum error aperiam.','Apple MacBook Pro 13',4059,NULL,3),(310,'2024-09-30 11:08:35.118082','2024-09-30 11:08:35.118082','Magni repellendus non repellat.','Honor 30 Pro',5347,NULL,2),(311,'2024-09-30 11:08:35.124395','2024-09-30 11:08:35.124395','Nihil in ex adipisci.','Huawei P50 Pocket',4291,NULL,2),(312,'2024-09-30 11:08:35.129401','2024-09-30 11:08:35.129401','Labore assumenda voluptate ipsam voluptatem et minima.','MSI Delta 15',9880,NULL,3),(313,'2024-09-30 11:08:35.134450','2024-09-30 11:08:35.134450','Illum error reprehenderit nostrum.','Honor 20 Lite',5917,NULL,2),(314,'2024-09-30 11:08:35.138866','2024-09-30 11:08:35.138866','Architecto rerum et.','Rustic Granite Shirt',7966,NULL,4),(315,'2024-09-30 11:08:35.143819','2024-09-30 11:08:35.143819','Quo laborum cum molestiae.','Vivo X60',9880,NULL,2),(316,'2024-09-30 11:08:35.148501','2024-09-30 11:08:35.148501','Praesentium ex ipsa ratione sint inventore totam.','Razer Blade 15 OLED',3620,NULL,3),(317,'2024-09-30 11:08:35.153575','2024-09-30 11:08:35.153575','Cumque qui sapiente.','Dell Latitude 7330 Ultralight',9656,NULL,3),(318,'2024-09-30 11:08:35.158254','2024-09-30 11:08:35.158254','Blanditiis non quae aliquid.','ASUS Zenbook S 13 OLED',6232,NULL,3),(319,'2024-09-30 11:08:35.164237','2024-09-30 11:08:35.164237','Debitis laboriosam at praesentium.','Razer Blade Stealth 13 (Early 2021)',4608,NULL,3),(320,'2024-09-30 11:08:35.169054','2024-09-30 11:08:35.169054','Praesentium ut dolore debitis itaque.','Gigabyte AORUS 17X',2631,NULL,3),(321,'2024-09-30 11:08:35.174061','2024-09-30 11:08:35.174061','Officia fugit voluptatem reiciendis iure.','ASUS ROG Zephyrus G15 GA503',7654,NULL,3),(322,'2024-09-30 11:08:35.180927','2024-09-30 11:08:35.180927','Sapiente est tempore cupiditate sed dignissimos.','LG Gram 15Z90P-K.AA79U1',3734,NULL,3),(323,'2024-09-30 11:08:35.186150','2024-09-30 11:08:35.186150','Commodi aut distinctio enim voluptas cum sequi.','Apple MacBook Air (M1, 2020)',8808,NULL,3),(324,'2024-09-30 11:08:35.191200','2024-09-30 11:08:35.191200','Ut voluptatibus reiciendis eligendi illo a occaecati excepturi.','Microsoft Surface Laptop Studio 2',9743,NULL,3),(325,'2024-09-30 11:08:35.197319','2024-09-30 11:08:35.197319','Temporibus maxime in sint ullam.','Lenovo ThinkPad L14',4784,NULL,3),(326,'2024-09-30 11:08:35.202498','2024-09-30 11:08:35.202498','Recusandae et explicabo minus dolorem.','Gigabyte AORUS 15 XE4',5448,NULL,3),(327,'2024-09-30 11:08:35.207822','2024-09-30 11:08:35.207822','In adipisci quo iste quibusdam sit repellat omnis.','Apple Mac Studio (M1 Ultra)',3080,NULL,3),(328,'2024-09-30 11:08:35.215223','2024-09-30 11:08:35.215223','Repudiandae et itaque et quisquam.','Razer Book 13',7758,NULL,3),(329,'2024-09-30 11:08:35.221518','2024-09-30 11:08:35.221518','Velit asperiores odit ad velit placeat magni.','MSI Cyborg 15',6715,NULL,3),(330,'2024-09-30 11:08:35.226729','2024-09-30 11:08:35.226729','Quidem non eligendi veritatis explicabo est.','Huawei MateBook 13s',4354,NULL,3),(331,'2024-09-30 11:08:35.232080','2024-09-30 11:08:35.232080','Tempore ut rerum voluptatem sed illum beatae.','Gigabyte AORUS 17X',2189,NULL,3),(332,'2024-09-30 11:08:35.237013','2024-09-30 11:08:35.237013','Necessitatibus quia ullam accusamus sint ea soluta.','Heavy Duty Copper Bottle',527,NULL,4),(333,'2024-09-30 11:08:35.241861','2024-09-30 11:08:35.241861','Rerum id quisquam velit et a minus.','HP ZBook Fury 15 G8',9132,NULL,3),(334,'2024-09-30 11:08:35.246818','2024-09-30 11:08:35.246818','Sequi consectetur quaerat qui qui enim.','OnePlus Nord',7931,NULL,2),(335,'2024-09-30 11:08:35.253978','2024-09-30 11:08:35.253978','Fugit iusto deserunt.','Huawei Mate 40 Pro',255,NULL,2),(336,'2024-09-30 11:08:35.258392','2024-09-30 11:08:35.258392','Consequatur architecto fuga ipsa cum temporibus.','HP Chromebook x360 14c',625,NULL,3),(337,'2024-09-30 11:08:35.263394','2024-09-30 11:08:35.263394','Qui eum voluptate.','iPhone 13 Pro',6751,NULL,2),(338,'2024-09-30 11:08:35.269396','2024-09-30 11:08:35.269396','Eos molestiae dolor vitae.','Huawei MateBook X Pro 2022',8463,NULL,3),(339,'2024-09-30 11:08:35.274290','2024-09-30 11:08:35.274290','Ad aperiam et.','Acer Spin 1',3561,NULL,3),(340,'2024-09-30 11:08:35.279595','2024-09-30 11:08:35.279595','Nisi facere quisquam quia.','Microsoft Surface Go 4',551,NULL,3),(341,'2024-09-30 11:08:35.285758','2024-09-30 11:08:35.285758','Excepturi est sunt et qui consequatur et accusamus.','Lenovo Yoga 7i',1844,NULL,3),(342,'2024-09-30 11:08:35.290532','2024-09-30 11:08:35.290532','Fugit et ullam sed sed.','ASUS ZenBook 14X OLED',211,NULL,3),(343,'2024-09-30 11:08:35.296000','2024-09-30 11:08:35.296000','Atque consectetur nisi ut sint sunt.','Honor Magic 3',2906,NULL,2),(344,'2024-09-30 11:08:35.301184','2024-09-30 11:08:35.301184','Qui labore delectus.','Dell Latitude 7330 Ultralight',8702,NULL,3),(345,'2024-09-30 11:08:35.306484','2024-09-30 11:08:35.306484','Aut id perferendis quia.','Incredible Bronze Shirt',7784,NULL,4),(346,'2024-09-30 11:08:35.311015','2024-09-30 11:08:35.311015','Sunt vero sunt optio harum dolor.','MSI CreatorPro Z17 HX Studio',5710,NULL,3),(347,'2024-09-30 11:08:35.316649','2024-09-30 11:08:35.316649','Adipisci distinctio non.','LG Gram 16',3466,NULL,3),(348,'2024-09-30 11:08:35.321947','2024-09-30 11:08:35.321947','Voluptatibus mollitia sapiente est nihil molestias ipsam.','Samsung Galaxy A73',8700,NULL,2),(349,'2024-09-30 11:08:35.327012','2024-09-30 11:08:35.327012','Tempore perferendis et eveniet consequuntur enim.','Practical Concrete Bag',2201,NULL,4),(350,'2024-09-30 11:08:35.333574','2024-09-30 11:08:35.333574','Voluptatem magni eaque.','Dell Precision 3561',8664,NULL,3),(351,'2024-09-30 11:08:35.338510','2024-09-30 11:08:35.338510','Et minus laborum vero quo rem dolores.','Gigabyte G5 GD',1953,NULL,3),(352,'2024-09-30 11:08:35.344453','2024-09-30 11:08:35.344453','Similique tempore voluptates aliquam.','ASUS ZenBook Pro Duo 15 OLED UX582',4746,NULL,3),(353,'2024-09-30 11:08:35.350635','2024-09-30 11:08:35.350635','Mollitia placeat non eos nihil placeat quae delectus.','Vivo S9',9816,NULL,2),(354,'2024-09-30 11:08:35.355782','2024-09-30 11:08:35.355782','Aut in harum id sit.','LG Gram 17Z90P',2083,NULL,3),(355,'2024-09-30 11:08:35.360425','2024-09-30 11:08:35.360425','Molestiae itaque explicabo a aliquid est.','ASUS ZenBook 14X OLED',8504,NULL,3),(356,'2024-09-30 11:08:35.366505','2024-09-30 11:08:35.366505','Et quibusdam et voluptatem et neque tenetur expedita.','Microsoft Surface Laptop 4',3143,NULL,3),(357,'2024-09-30 11:08:35.371048','2024-09-30 11:08:35.371048','Ut et ab nesciunt dolore consectetur.','Samsung Galaxy A53',5526,NULL,2),(358,'2024-09-30 11:08:35.378058','2024-09-30 11:08:35.378058','Commodi quaerat omnis veritatis reiciendis ullam delectus.','MSI GE76 Raider',2187,NULL,3),(359,'2024-09-30 11:08:35.383914','2024-09-30 11:08:35.383914','Nemo aliquid et tempora saepe est.','Enormous Granite Shoes',6150,NULL,4),(360,'2024-09-30 11:08:35.389688','2024-09-30 11:08:35.389688','Ut dignissimos est temporibus.','Dell Alienware m15',4840,NULL,3),(361,'2024-09-30 11:08:35.394446','2024-09-30 11:08:35.394446','Impedit vel sit quasi vel.','Enormous Linen Watch',5969,NULL,4),(362,'2024-09-30 11:08:35.400537','2024-09-30 11:08:35.400537','Et voluptate ipsum nesciunt velit.','Small Plastic Chair',1054,NULL,4),(363,'2024-09-30 11:08:35.408168','2024-09-30 11:08:35.408168','Iste qui fugiat cumque commodi.','Small Rubber Watch',52,NULL,4),(364,'2024-09-30 11:08:35.416899','2024-09-30 11:08:35.416899','Dolor maxime sed perspiciatis et consectetur vel nam.','Huawei P50 Pocket',2838,NULL,2),(365,'2024-09-30 11:08:35.424007','2024-09-30 11:08:35.424007','Ipsa voluptatum molestias illum.','Acer Predator Triton 300 SE',1888,NULL,3),(366,'2024-09-30 11:08:35.431171','2024-09-30 11:08:35.431171','Impedit officiis delectus odit autem qui.','Dell Inspiron 16 Plus',1676,NULL,3),(367,'2024-09-30 11:08:35.437687','2024-09-30 11:08:35.437687','Porro quod quia.','HP Envy x360 15',329,NULL,3),(368,'2024-09-30 11:08:35.443951','2024-09-30 11:08:35.443951','Quis aut omnis molestias suscipit enim quis iste.','Dell Latitude 9430',1771,NULL,3),(369,'2024-09-30 11:08:35.451906','2024-09-30 11:08:35.451906','Itaque voluptas ut veniam ad.','Razer Blade 14 (2022)',3897,NULL,3),(370,'2024-09-30 11:08:35.459180','2024-09-30 11:08:35.459180','Modi similique saepe amet eligendi.','MSI CreatorPro X17',349,NULL,3),(371,'2024-09-30 11:08:35.466184','2024-09-30 11:08:35.466184','Necessitatibus ullam voluptatibus.','Dell Latitude 7420',7059,NULL,3),(372,'2024-09-30 11:08:35.472643','2024-09-30 11:08:35.472643','Quos quod expedita sed.','Ergonomic Granite Table',2617,NULL,4),(373,'2024-09-30 11:08:35.477644','2024-09-30 11:08:35.477644','Officiis provident nihil error omnis.','Fantastic Silk Car',6197,NULL,4),(374,'2024-09-30 11:08:35.483722','2024-09-30 11:08:35.483722','Libero tempore maiores dolores sunt autem.','Razer Blade 14 (2022)',8685,NULL,3),(375,'2024-09-30 11:08:35.489723','2024-09-30 11:08:35.489723','Assumenda consectetur nihil dolorem consequatur ea accusantium.','Oppo Reno 2',3602,NULL,2),(376,'2024-09-30 11:08:35.494722','2024-09-30 11:08:35.494722','Doloribus similique dignissimos architecto quia excepturi.','Realme C30',3728,NULL,2),(377,'2024-09-30 11:08:35.502015','2024-09-30 11:08:35.502015','Et labore ut id dignissimos quasi.','Realme Narzo 50',8749,NULL,2),(378,'2024-09-30 11:08:35.508023','2024-09-30 11:08:35.508023','Mollitia ab ut eos perspiciatis consectetur.','Motorola Edge 20',1955,NULL,2),(379,'2024-09-30 11:08:35.513851','2024-09-30 11:08:35.513851','Qui voluptates error at libero autem veritatis similique.','Gigabyte AORUS 17 XE4',8407,NULL,3),(380,'2024-09-30 11:08:35.520535','2024-09-30 11:08:35.520535','Laborum dolorem laboriosam illo.','Asus Zenfone 6',5011,NULL,2),(381,'2024-09-30 11:08:35.526058','2024-09-30 11:08:35.526058','Voluptatem animi quo error et non sit.','Acer Chromebook 515',4582,NULL,3),(382,'2024-09-30 11:08:35.532567','2024-09-30 11:08:35.532567','Omnis nobis impedit nihil delectus voluptatem atque.','Razer Blade 17 (2022)',9535,NULL,3),(383,'2024-09-30 11:08:35.539564','2024-09-30 11:08:35.539564','Sit magnam saepe sed modi harum omnis odit.','Lenovo Legion Slim 7',5968,NULL,3),(384,'2024-09-30 11:08:35.547564','2024-09-30 11:08:35.547564','Deleniti cum natus.','Huawei MateBook X Pro 2022',9454,NULL,3),(385,'2024-09-30 11:08:35.555496','2024-09-30 11:08:35.555496','Ratione delectus eveniet laboriosam placeat et est.','Vivo Y21T',6225,NULL,2),(386,'2024-09-30 11:08:35.565658','2024-09-30 11:08:35.565658','Ad et ipsam suscipit tenetur soluta laborum.','Lenovo ThinkPad X1 Extreme Gen 4',6246,NULL,3),(387,'2024-09-30 11:08:35.570772','2024-09-30 11:08:35.570772','Ut illo dicta repudiandae eius exercitationem sit.','Poco F2 Pro',2624,NULL,2),(388,'2024-09-30 11:08:35.575427','2024-09-30 11:08:35.575427','Omnis dolor odio et esse.','Apple Mac Mini (M2, 2023)',3179,NULL,3),(389,'2024-09-30 11:08:35.581289','2024-09-30 11:08:35.581289','Et dolorem corporis harum enim vel.','Gorgeous Cotton Gloves',9312,NULL,4),(390,'2024-09-30 11:08:35.585925','2024-09-30 11:08:35.585925','Eum id omnis quia sequi officiis.','Huawei Nova 11 Ultra',4409,NULL,2),(391,'2024-09-30 11:08:35.590986','2024-09-30 11:08:35.590986','Ea eum nihil porro aut.','Infinix Note 30 Pro',1270,NULL,2),(392,'2024-09-30 11:08:35.597173','2024-09-30 11:08:35.597173','Est ducimus facere nobis iste velit repudiandae.','HP Pavilion Aero 13',5530,NULL,3),(393,'2024-09-30 11:08:35.601512','2024-09-30 11:08:35.601512','Voluptatem vitae tenetur quam.','Microsoft Surface Laptop Go 2',1134,NULL,3),(394,'2024-09-30 11:08:35.606993','2024-09-30 11:08:35.606993','Laborum commodi quisquam eveniet suscipit non.','Microsoft Surface Laptop Studio',7943,NULL,3),(395,'2024-09-30 11:08:35.612502','2024-09-30 11:08:35.612502','Ut modi dolores qui et modi voluptatum.','MSI Raider GE67HX',4313,NULL,3),(396,'2024-09-30 11:08:35.619968','2024-09-30 11:08:35.619968','Magni nostrum ea exercitationem deleniti accusamus.','LG Gram 15',4877,NULL,3),(397,'2024-09-30 11:08:35.627204','2024-09-30 11:08:35.627204','Quaerat maxime perferendis.','Practical Granite Shoes',7746,NULL,4),(398,'2024-09-30 11:08:35.637057','2024-09-30 11:08:35.637057','Fuga adipisci consectetur quia tenetur ipsam ullam totam.','Apple MacBook Pro 14',6395,NULL,3),(399,'2024-09-30 11:08:35.641922','2024-09-30 11:08:35.641922','Illum omnis optio doloremque excepturi.','Microsoft Surface Pro 8 LTE',1478,NULL,3),(400,'2024-09-30 11:08:35.647659','2024-09-30 11:08:35.647659','Nesciunt rerum non molestias porro enim.','Nokia G20',1116,NULL,2),(401,'2024-09-30 11:08:35.653776','2024-09-30 11:08:35.653776','Error quo ut repudiandae est doloremque qui laborum.','HP ProBook x360 435',2322,NULL,3),(402,'2024-09-30 11:08:35.658058','2024-09-30 11:08:35.658058','Qui soluta expedita quisquam aspernatur.','Razer Blade 15 Base (Early 2021)',3579,NULL,3),(403,'2024-09-30 11:08:35.664089','2024-09-30 11:08:35.664089','Labore illo exercitationem ducimus temporibus debitis commodi.','Microsoft Surface Laptop Go 3',7089,NULL,3),(404,'2024-09-30 11:08:35.669477','2024-09-30 11:08:35.669477','Cum id aut repellendus voluptatem nemo.','LG Gram 14Z90P-K.AAB6U1',281,NULL,3),(405,'2024-09-30 11:08:35.673799','2024-09-30 11:08:35.673799','Qui natus dolorum enim ipsam quibusdam dignissimos.','LG Gram 16Z90P-K.AAB6U1',9081,NULL,3),(406,'2024-09-30 11:08:35.679813','2024-09-30 11:08:35.679813','Ratione cum necessitatibus ducimus amet ad.','Apple MacBook Pro 14 (M1 Pro)',718,NULL,3),(407,'2024-09-30 11:08:35.685586','2024-09-30 11:08:35.685586','Maiores esse voluptatum aliquid quos dolore.','Aerodynamic Concrete Coat',6998,NULL,4),(408,'2024-09-30 11:08:35.689959','2024-09-30 11:08:35.689959','Quam sapiente perspiciatis vel saepe nostrum eos.','Durable Marble Hat',7627,NULL,4),(409,'2024-09-30 11:08:35.695967','2024-09-30 11:08:35.695967','Velit illo quaerat eos aut modi consequatur.','Asus Zenfone 9',8400,NULL,2),(410,'2024-09-30 11:08:35.702142','2024-09-30 11:08:35.702142','Ex eos amet perspiciatis.','Gorgeous Silk Chair',3418,NULL,4),(411,'2024-09-30 11:08:35.708147','2024-09-30 11:08:35.708147','Totam voluptate aut repellat nesciunt recusandae aperiam aspernatur.','Xiaomi Redmi Note 13',3987,NULL,2),(412,'2024-09-30 11:08:35.713827','2024-09-30 11:08:35.713827','Culpa vitae hic possimus impedit incidunt voluptas rerum.','Huawei Mate 40 Pro',8678,NULL,2),(413,'2024-09-30 11:08:35.719103','2024-09-30 11:08:35.719103','Autem architecto cupiditate laudantium sit quo alias.','HP Elite Dragonfly G3',3860,NULL,3),(414,'2024-09-30 11:08:35.723996','2024-09-30 11:08:35.723996','Nobis sed nihil veniam est est.','Samsung Galaxy Z Flip5',7454,NULL,2),(415,'2024-09-30 11:08:35.728930','2024-09-30 11:08:35.728930','Dolorem quis praesentium possimus quae saepe.','Sony Xperia 1 II',4384,NULL,2),(416,'2024-09-30 11:08:35.735295','2024-09-30 11:08:35.735295','Temporibus ratione doloribus sequi possimus autem.','LG Gram 17Z90P-K.AAB8U1',7499,NULL,3),(417,'2024-09-30 11:08:35.739504','2024-09-30 11:08:35.739504','Tempora possimus aut asperiores asperiores cupiditate vero.','Intelligent Copper Watch',4828,NULL,4),(418,'2024-09-30 11:08:35.744877','2024-09-30 11:08:35.744877','Molestiae sit vel voluptatem ea qui officiis ad.','LG Gram 17Z90P-K.AA75U1',3083,NULL,3),(419,'2024-09-30 11:08:35.753390','2024-09-30 11:08:35.753390','Aut omnis dolore optio sunt corrupti.','Acer TravelMate P6 (2022)',4095,NULL,3),(420,'2024-09-30 11:08:35.758686','2024-09-30 11:08:35.758686','Odit delectus voluptatibus dignissimos.','Huawei MateBook B5-430',5650,NULL,3),(421,'2024-09-30 11:08:35.764874','2024-09-30 11:08:35.764874','Numquam et sunt voluptatum.','LG UltraFine',5085,NULL,3),(422,'2024-09-30 11:08:35.770525','2024-09-30 11:08:35.770525','Vitae provident repellendus assumenda corrupti omnis.','Acer Nitro 7',3688,NULL,3),(423,'2024-09-30 11:08:35.775688','2024-09-30 11:08:35.775688','Voluptatem est sapiente quas dignissimos.','Lenovo ThinkPad X1 Carbon',9241,NULL,3),(424,'2024-09-30 11:08:35.781701','2024-09-30 11:08:35.781701','Officiis eligendi magni id exercitationem ratione sunt.','Apple MacBook Air (M2)',1893,NULL,3),(425,'2024-09-30 11:08:35.787324','2024-09-30 11:08:35.787324','Saepe alias eligendi quidem laborum debitis suscipit.','Motorola G Power',1665,NULL,2),(426,'2024-09-30 11:08:35.792678','2024-09-30 11:08:35.792678','Eos autem ea sit consequatur et impedit voluptatem.','Acer Swift 3X',7598,NULL,3),(427,'2024-09-30 11:08:35.799718','2024-09-30 11:08:35.799718','Eum quia distinctio nostrum autem.','Poco M4',765,NULL,2),(428,'2024-09-30 11:08:35.805138','2024-09-30 11:08:35.805138','Molestias inventore officia repellat vero ea molestiae.','LG Gram SuperSlim',1887,NULL,3),(429,'2024-09-30 11:08:35.809731','2024-09-30 11:08:35.809731','Fugiat ea ea et ut et optio.','Vivo X Fold 3 Pro',26,NULL,2),(430,'2024-09-30 11:08:35.816803','2024-09-30 11:08:35.816803','Accusantium consequatur eum.','Lenovo Yoga C940',4400,NULL,3),(431,'2024-09-30 11:08:35.823534','2024-09-30 11:08:35.823534','Possimus quo ipsa et laudantium aut et.','MSI Prestige 15 A11SCX',6346,NULL,3),(432,'2024-09-30 11:08:35.830547','2024-09-30 11:08:35.830547','Non suscipit qui modi repudiandae nihil enim qui.','LG Gram Style 14',2262,NULL,3),(433,'2024-09-30 11:08:35.836914','2024-09-30 11:08:35.836914','Rerum enim sit possimus sapiente animi.','Huawei MateBook D16 2022',6489,NULL,3),(434,'2024-09-30 11:08:35.842590','2024-09-30 11:08:35.842590','Explicabo totam est amet voluptate repudiandae.','Oppo Find N',4657,NULL,2),(435,'2024-09-30 11:08:35.849110','2024-09-30 11:08:35.849110','Possimus nisi distinctio qui consequatur aliquid et tempora.','Gigabyte A5 X1',44,NULL,3),(436,'2024-09-30 11:08:35.854013','2024-09-30 11:08:35.854013','Eaque illo impedit expedita ipsum suscipit eum.','Intelligent Concrete Hat',6030,NULL,4),(437,'2024-09-30 11:08:35.859055','2024-09-30 11:08:35.859055','Autem non ut magni facere nemo.','MSI Alpha 15',4064,NULL,3),(438,'2024-09-30 11:08:35.866071','2024-09-30 11:08:35.866071','Iure ut officia dolor molestiae.','Samsung Galaxy S21',1547,NULL,2),(439,'2024-09-30 11:08:35.871630','2024-09-30 11:08:35.871630','Laborum dolorem qui.','Gigabyte AERO 16',6016,NULL,3),(440,'2024-09-30 11:08:35.876272','2024-09-30 11:08:35.876272','Quasi eum earum doloremque.','ASUS TUF Gaming F17',4102,NULL,3),(441,'2024-09-30 11:08:35.882361','2024-09-30 11:08:35.882361','Et qui sint in omnis quod autem.','Vivo V19',4244,NULL,2),(442,'2024-09-30 11:08:35.889661','2024-09-30 11:08:35.889661','Possimus dolorum dignissimos molestiae.','Huawei MateBook 14',583,NULL,3),(443,'2024-09-30 11:08:35.894455','2024-09-30 11:08:35.894455','Adipisci aut id sapiente assumenda ex.','Honor Magic 3',164,NULL,2),(444,'2024-09-30 11:08:35.900471','2024-09-30 11:08:35.900471','Dolorum ut laborum blanditiis incidunt perspiciatis.','MSI Creator Z16P',6311,NULL,3),(445,'2024-09-30 11:08:35.906736','2024-09-30 11:08:35.906736','Similique modi eligendi dolores quibusdam et.','Lenovo ThinkPad X13',7349,NULL,3),(446,'2024-09-30 11:08:35.914296','2024-09-30 11:08:35.914296','Incidunt quas perferendis alias autem ipsum iusto dolores.','Google Pixel 6 Pro',1637,NULL,2),(447,'2024-09-30 11:08:35.919789','2024-09-30 11:08:35.919789','Alias enim non.','ASUS ProArt StudioBook Pro X',668,NULL,3),(448,'2024-09-30 11:08:35.924640','2024-09-30 11:08:35.924640','Ullam et ducimus et quis numquam.','Oppo Reno10 Pro+',4021,NULL,2),(449,'2024-09-30 11:08:35.931610','2024-09-30 11:08:35.931610','Aut amet cumque magnam eos fuga.','Poco C4',7033,NULL,2),(450,'2024-09-30 11:08:35.937607','2024-09-30 11:08:35.937607','Vel fuga adipisci voluptatibus temporibus qui.','Samsung Galaxy S21',5645,NULL,2),(451,'2024-09-30 11:08:35.944647','2024-09-30 11:08:35.944647','Qui hic architecto pariatur rerum suscipit ut.','Microsoft Surface Laptop 5 13.5',2563,NULL,3),(452,'2024-09-30 11:08:35.951894','2024-09-30 11:08:35.951894','Fugit omnis earum.','Lenovo ThinkPad X1 Carbon',8173,NULL,3),(453,'2024-09-30 11:08:35.957180','2024-09-30 11:08:35.957180','Accusamus dolores ab iste numquam quia quisquam.','Lenovo IdeaPad Gaming 3',6882,NULL,3),(454,'2024-09-30 11:08:35.962947','2024-09-30 11:08:35.962947','Optio fugiat et nemo voluptas.','Acer Enduro N7',175,NULL,3),(455,'2024-09-30 11:08:35.970774','2024-09-30 11:08:35.970774','A unde debitis dolores voluptatem sapiente facilis.','Infinix Note 30 Pro',2016,NULL,2),(456,'2024-09-30 11:08:35.975905','2024-09-30 11:08:35.975905','Ullam molestias numquam rerum.','Dell Precision 5550',897,NULL,3),(457,'2024-09-30 11:08:35.982778','2024-09-30 11:08:35.982778','Voluptatem distinctio sit.','Aerodynamic Granite Shirt',5667,NULL,4),(458,'2024-09-30 11:08:35.988484','2024-09-30 11:08:35.988484','Autem ipsum libero ut.','Asus Zenfone 8',420,NULL,2),(459,'2024-09-30 11:08:35.993987','2024-09-30 11:08:35.993987','Ab magni ut.','MSI Stealth GS76',1218,NULL,3),(460,'2024-09-30 11:08:35.999626','2024-09-30 11:08:35.999626','Ut suscipit cupiditate vel veritatis odit nihil.','HP ZBook Firefly 14',7208,NULL,3),(461,'2024-09-30 11:08:36.006590','2024-09-30 11:08:36.006590','Rerum reiciendis blanditiis ullam quibusdam quo placeat.','Dell XPS 13 Plus',9306,NULL,3),(462,'2024-09-30 11:08:36.011994','2024-09-30 11:08:36.011994','Modi quisquam qui mollitia quasi aut voluptatum laudantium.','MSI Vector GP76',2744,NULL,3),(463,'2024-09-30 11:08:36.019756','2024-09-30 11:08:36.019756','Est non aut sed.','LG Gram 17Z90P',3584,NULL,3),(464,'2024-09-30 11:08:36.026257','2024-09-30 11:08:36.026257','Nesciunt voluptatem in minus.','Acer Swift 3X',6381,NULL,3),(465,'2024-09-30 11:08:36.032434','2024-09-30 11:08:36.032434','Ut earum fuga iure.','Samsung Galaxy M54',2796,NULL,2),(466,'2024-09-30 11:08:36.041035','2024-09-30 11:08:36.041035','Et aut sit asperiores harum et.','Awesome Copper Wallet',9518,NULL,4),(467,'2024-09-30 11:08:36.046497','2024-09-30 11:08:36.046497','Laboriosam quia autem omnis voluptas.','Gigabyte AERO 16 XE5',1450,NULL,3),(468,'2024-09-30 11:08:36.051628','2024-09-30 11:08:36.051628','Tempore commodi rem.','Rustic Wooden Clock',8715,NULL,4),(469,'2024-09-30 11:08:36.058066','2024-09-30 11:08:36.058066','Vero est omnis.','OnePlus 13',1047,NULL,2),(470,'2024-09-30 11:08:36.062932','2024-09-30 11:08:36.062932','Architecto numquam ut sed et.','Vivo V21e',8333,NULL,2),(471,'2024-09-30 11:08:36.068920','2024-09-30 11:08:36.068920','Modi quasi rerum eveniet itaque.','Dell Latitude 5330',300,NULL,3),(472,'2024-09-30 11:08:36.076540','2024-09-30 11:08:36.076540','Nulla alias quia nobis et quo.','Asus ROG Phone 3',4528,NULL,2),(473,'2024-09-30 11:08:36.084393','2024-09-30 11:08:36.084393','Ipsa dolore architecto autem deserunt sint.','Samsung Galaxy M54',7880,NULL,2),(474,'2024-09-30 11:08:36.092122','2024-09-30 11:08:36.092122','Aperiam aut qui sapiente officia provident porro reprehenderit.','Lenovo Yoga 9i 14',4324,NULL,3),(475,'2024-09-30 11:08:36.098279','2024-09-30 11:08:36.098279','Eveniet officiis non ex autem omnis pariatur possimus.','Dell Precision 7770',902,NULL,3),(476,'2024-09-30 11:08:36.104443','2024-09-30 11:08:36.104443','Labore modi accusantium quae.','Lenovo ThinkPad X1 Extreme Gen 4',2645,NULL,3),(477,'2024-09-30 11:08:36.111079','2024-09-30 11:08:36.111079','Debitis doloribus dicta iure.','Awesome Copper Hat',8913,NULL,4),(478,'2024-09-30 11:08:36.116286','2024-09-30 11:08:36.116286','Omnis atque ut nihil adipisci.','Motorola G60',4129,NULL,2),(479,'2024-09-30 11:08:36.124389','2024-09-30 11:08:36.124389','Officiis eum enim.','Gorgeous Steel Pants',9158,NULL,4),(480,'2024-09-30 11:08:36.131457','2024-09-30 11:08:36.131457','Eos aut et ad aut in.','Practical Plastic Plate',574,NULL,4),(481,'2024-09-30 11:08:36.137780','2024-09-30 11:08:36.137780','Corporis vero sed eius debitis quia deleniti ad.','Huawei P Smart 2021',4382,NULL,2),(482,'2024-09-30 11:08:36.142723','2024-09-30 11:08:36.142723','Odio dignissimos ut enim iste.','Microsoft Surface Laptop Go 3',7940,NULL,3),(483,'2024-09-30 11:08:36.149888','2024-09-30 11:08:36.149888','Aut officia porro cumque sed earum nisi quasi.','Lightweight Rubber Table',490,NULL,4),(484,'2024-09-30 11:08:36.157693','2024-09-30 11:08:36.157693','Sint animi veniam adipisci odio animi reiciendis dolorum.','ZTE Blade 10',5896,NULL,2),(485,'2024-09-30 11:08:36.166037','2024-09-30 11:08:36.166037','Molestiae ipsam laudantium ea itaque officia corrupti sunt.','Huawei MateBook X Pro 2022',995,NULL,3),(486,'2024-09-30 11:08:36.173435','2024-09-30 11:08:36.173435','Quaerat placeat rerum quia.','Razer Blade 16',5871,NULL,3),(487,'2024-09-30 11:08:36.178891','2024-09-30 11:08:36.178891','Ducimus iusto incidunt occaecati iste.','HP EliteBook 1040 G9',5250,NULL,3),(488,'2024-09-30 11:08:36.185033','2024-09-30 11:08:36.185033','Beatae et aperiam dolorum esse quidem beatae beatae.','Google Pixel 8',9471,NULL,2),(489,'2024-09-30 11:08:36.191487','2024-09-30 11:08:36.191487','Quidem dolores sunt vitae et.','Dell Inspiron 16 Plus',4812,NULL,3),(490,'2024-09-30 11:08:36.197935','2024-09-30 11:08:36.197935','Et maxime est eos quam.','Acer Swift 5',8675,NULL,3),(491,'2024-09-30 11:08:36.203945','2024-09-30 11:08:36.203945','Illo officia in omnis.','ASUS TUF Gaming A15',253,NULL,3),(492,'2024-09-30 11:08:36.208945','2024-09-30 11:08:36.208945','Itaque et nostrum est laboriosam facere.','Gigabyte AERO 17 HDR YC',9692,NULL,3),(493,'2024-09-30 11:08:36.215365','2024-09-30 11:08:36.215365','Repellendus quia veniam voluptate optio et alias.','Lenovo ThinkPad X1 Carbon',2171,NULL,3),(494,'2024-09-30 11:08:36.222083','2024-09-30 11:08:36.222083','Quaerat nisi ipsam est voluptatem quibusdam perferendis.','Dell Precision 5570',7636,NULL,3),(495,'2024-09-30 11:08:36.229388','2024-09-30 11:08:36.229388','Aspernatur sunt voluptas animi placeat.','Huawei MateBook 14 2021',6316,NULL,3),(496,'2024-09-30 11:08:36.236400','2024-09-30 11:08:36.236400','Pariatur quasi aut modi accusamus.','Practical Leather Bottle',4006,NULL,4),(497,'2024-09-30 11:08:36.242024','2024-09-30 11:08:36.242024','Illo explicabo non.','Huawei P30 Lite',6803,NULL,2),(498,'2024-09-30 11:08:36.246701','2024-09-30 11:08:36.246701','Fugiat qui possimus minima qui ut.','Honor X30',5212,NULL,2),(499,'2024-09-30 11:08:36.252275','2024-09-30 11:08:36.252275','Quia qui ut neque vel.','LG Gram 14T90P',8831,NULL,3),(500,'2024-09-30 11:08:36.257430','2024-09-30 11:08:36.257430','Veritatis a voluptatem suscipit voluptatum.','Sony Xperia 10 III Lite',6570,NULL,2),(501,'2024-09-30 11:08:36.262428','2024-09-30 11:08:36.262428','Mollitia aut ad et deleniti voluptas.','Microsoft Surface Pro X',1578,NULL,3),(502,'2024-09-30 11:08:36.271678','2024-09-30 11:08:36.271678','Dicta quia unde.','Razer Blade 15 Base (Late 2021)',8998,NULL,3),(503,'2024-09-30 11:08:36.282309','2024-09-30 11:08:36.282309','Asperiores et commodi veniam est.','ASUS ROG Zephyrus G15 GA503',1862,NULL,3),(504,'2024-09-30 11:08:36.290792','2024-09-30 11:08:36.290792','Incidunt distinctio nisi id eveniet quod neque commodi.','Honor V40',3359,NULL,2),(505,'2024-09-30 11:08:36.299010','2024-09-30 11:08:36.299010','Totam repudiandae maxime quo autem.','Samsung Galaxy Z Flip5',1086,NULL,2),(506,'2024-09-30 11:08:36.306060','2024-09-30 11:08:36.306060','Nulla illum debitis corrupti.','Gigabyte AORUS 15G',4614,NULL,3),(507,'2024-09-30 11:08:36.312022','2024-09-30 11:08:36.312022','Maxime fugiat odio et ratione autem nobis ullam.','OnePlus Nord CE 3 Lite',998,NULL,2),(508,'2024-09-30 11:08:36.318249','2024-09-30 11:08:36.318249','A reiciendis et temporibus.','HP Spectre x360 13.5',8706,NULL,3),(509,'2024-09-30 11:08:36.323241','2024-09-30 11:08:36.323241','Assumenda omnis aliquam hic.','Microsoft Surface Pro 9',3030,NULL,3),(510,'2024-09-30 11:08:36.328274','2024-09-30 11:08:36.328274','Veniam aut animi magnam quas corporis aut.','Lenovo ThinkBook 15',4861,NULL,3),(511,'2024-09-30 11:08:36.335475','2024-09-30 11:08:36.335475','Ut vel suscipit a rerum aliquam molestias quas.','Honor V40',9711,NULL,2),(512,'2024-09-30 11:08:36.339920','2024-09-30 11:08:36.339920','Repellendus voluptatibus eos repellendus voluptas incidunt et dolor.','ASUS ROG Flow Z13 (2022)',941,NULL,3),(513,'2024-09-30 11:08:36.348162','2024-09-30 11:08:36.348162','Modi est unde soluta voluptate iusto ab aspernatur.','Lenovo Yoga C940',9585,NULL,3),(514,'2024-09-30 11:08:36.353658','2024-09-30 11:08:36.353658','Qui animi placeat tempore ut vero.','Incredible Wooden Gloves',5692,NULL,4),(515,'2024-09-30 11:08:36.358620','2024-09-30 11:08:36.358620','Repellat minima debitis autem molestiae saepe quia.','Google Pixel 5a',3821,NULL,2),(516,'2024-09-30 11:08:36.364481','2024-09-30 11:08:36.364481','Et deleniti molestiae.','LG Gram 14',7985,NULL,3),(517,'2024-09-30 11:08:36.370003','2024-09-30 11:08:36.370003','Accusamus neque accusamus voluptas dolores.','Fantastic Cotton Coat',5833,NULL,4),(518,'2024-09-30 11:08:36.374937','2024-09-30 11:08:36.374937','Occaecati ipsa quis voluptas quos facere perferendis dolore.','Sony Xperia 1 II',6782,NULL,2),(519,'2024-09-30 11:08:36.380821','2024-09-30 11:08:36.380821','Ea tenetur quaerat optio earum veniam numquam temporibus.','Huawei MateBook X Pro 2022',3577,NULL,3),(520,'2024-09-30 11:08:36.386101','2024-09-30 11:08:36.386101','Quod culpa ut.','Acer Swift 5 SF514-55T',5861,NULL,3),(521,'2024-09-30 11:08:36.391612','2024-09-30 11:08:36.391612','Porro et accusantium aut quis aliquam.','Huawei MateBook B3-520',3254,NULL,3),(522,'2024-09-30 11:08:36.397633','2024-09-30 11:08:36.397633','Ut in sunt omnis sapiente.','Microsoft Surface Go 2 LTE',6063,NULL,3),(523,'2024-09-30 11:08:36.404090','2024-09-30 11:08:36.404090','Nihil numquam voluptatum ut mollitia et quia.','Intelligent Linen Keyboard',7067,NULL,4),(524,'2024-09-30 11:08:36.409705','2024-09-30 11:08:36.409705','Voluptatibus perspiciatis in et aut est saepe.','Vivo V21e',1022,NULL,2),(525,'2024-09-30 11:08:36.416535','2024-09-30 11:08:36.416535','Cumque repudiandae rerum qui molestias facilis.','Awesome Bronze Hat',3763,NULL,4),(526,'2024-09-30 11:08:36.421762','2024-09-30 11:08:36.421762','Sit sed dolor temporibus assumenda et.','HP EliteBook 1040 G9',4799,NULL,3),(527,'2024-09-30 11:08:36.428709','2024-09-30 11:08:36.428709','Atque ipsam et officia quis omnis vel voluptatem.','Razer Blade 18 (2023)',2768,NULL,3),(528,'2024-09-30 11:08:36.436568','2024-09-30 11:08:36.436568','Et quos deleniti similique earum.','Honor V40',804,NULL,2),(529,'2024-09-30 11:08:36.442655','2024-09-30 11:08:36.442655','Possimus accusantium ut.','Oppo A53',4093,NULL,2),(530,'2024-09-30 11:08:36.449320','2024-09-30 11:08:36.449320','Autem quo facere et repellendus alias tempora.','Google Pixel 4',3013,NULL,2),(531,'2024-09-30 11:08:36.454885','2024-09-30 11:08:36.454885','Vel blanditiis velit quo fugiat a.','Sony Xperia 1 VI',9621,NULL,2),(532,'2024-09-30 11:08:36.461554','2024-09-30 11:08:36.461554','Qui est voluptatem sit voluptatem omnis dicta iusto.','Lightweight Wool Shoes',4481,NULL,4),(533,'2024-09-30 11:08:36.468003','2024-09-30 11:08:36.468003','Ut ut iure ut perspiciatis.','Dell Inspiron 14',6161,NULL,3),(534,'2024-09-30 11:08:36.474105','2024-09-30 11:08:36.474105','Modi aut consequatur consequuntur recusandae.','MSI Vector GP66',4708,NULL,3),(535,'2024-09-30 11:08:36.480678','2024-09-30 11:08:36.480678','Et ea et dolorem.','Lenovo ThinkBook Plus Gen 3',6274,NULL,3),(536,'2024-09-30 11:08:36.487243','2024-09-30 11:08:36.487243','Aspernatur veritatis ut cumque eligendi aut corrupti.','Razer Blade 14 (2021)',7384,NULL,3),(537,'2024-09-30 11:08:36.492816','2024-09-30 11:08:36.492816','Minus sunt et.','Lenovo IdeaPad Gaming 3',3802,NULL,3),(538,'2024-09-30 11:08:36.497818','2024-09-30 11:08:36.497818','Placeat molestias quia ea eos omnis hic veritatis.','Acer Nitro 5',5591,NULL,3),(539,'2024-09-30 11:08:36.504267','2024-09-30 11:08:36.504267','Et et officiis necessitatibus amet vel praesentium.','Incredible Marble Lamp',8055,NULL,4),(540,'2024-09-30 11:08:36.509291','2024-09-30 11:08:36.509291','Ullam magnam repudiandae iste odit nostrum.','Microsoft Surface Go 2',7926,NULL,3),(541,'2024-09-30 11:08:36.518098','2024-09-30 11:08:36.518098','Adipisci deserunt quisquam necessitatibus.','Dell Latitude 5430',8179,NULL,3),(542,'2024-09-30 11:08:36.524349','2024-09-30 11:08:36.524349','Adipisci est autem.','Gigabyte A7 X1',1002,NULL,3),(543,'2024-09-30 11:08:36.530491','2024-09-30 11:08:36.530491','Et deleniti exercitationem sint sint.','LG Gram 14T90P',4053,NULL,3),(544,'2024-09-30 11:08:36.535910','2024-09-30 11:08:36.535910','Et vel commodi.','Huawei P30 Lite',5488,NULL,2),(545,'2024-09-30 11:08:36.542393','2024-09-30 11:08:36.542393','Optio et facere et debitis numquam.','Poco M3',9699,NULL,2),(546,'2024-09-30 11:08:36.548608','2024-09-30 11:08:36.548608','Numquam magnam aut quis et et repudiandae ut.','ZTE Nubia Z30',9857,NULL,2),(547,'2024-09-30 11:08:36.555600','2024-09-30 11:08:36.555600','Maxime ex numquam sit consectetur amet asperiores.','Vivo V29e',498,NULL,2),(548,'2024-09-30 11:08:36.561176','2024-09-30 11:08:36.561176','Laboriosam itaque ipsum fugiat et nostrum praesentium error.','Gigabyte AERO 17 HDR XD',5382,NULL,3),(549,'2024-09-30 11:08:36.566628','2024-09-30 11:08:36.566628','Eos rerum qui esse consequuntur veritatis unde.','Razer Blade 15 (2022)',681,NULL,3),(550,'2024-09-30 11:08:36.572776','2024-09-30 11:08:36.572776','Repudiandae asperiores quia.','Motorola Edge 20',1023,NULL,2),(551,'2024-09-30 11:08:36.577783','2024-09-30 11:08:36.577783','Assumenda et quia at.','Intelligent Paper Chair',2057,NULL,4),(552,'2024-09-30 11:08:36.584948','2024-09-30 11:08:36.584948','Officia voluptatum quia sed molestiae.','Gorgeous Aluminum Keyboard',5871,NULL,4),(553,'2024-09-30 11:08:36.590193','2024-09-30 11:08:36.590193','Aperiam quam placeat accusamus inventore sequi dolorem.','Lenovo ThinkPad P1',7299,NULL,3),(554,'2024-09-30 11:08:36.596221','2024-09-30 11:08:36.596221','Sint omnis ipsa ipsa quo necessitatibus.','ASUS ROG Strix G15',8916,NULL,3),(555,'2024-09-30 11:08:36.602927','2024-09-30 11:08:36.602927','Reprehenderit a qui facere.','Durable Leather Car',3961,NULL,4),(556,'2024-09-30 11:08:36.608462','2024-09-30 11:08:36.608462','Porro est voluptatibus maxime nulla.','Sony Xperia 5 IV',1436,NULL,2),(557,'2024-09-30 11:08:36.614178','2024-09-30 11:08:36.614178','Est et quisquam accusantium.','Razer Blade 15 (2022)',4530,NULL,3),(558,'2024-09-30 11:08:36.619510','2024-09-30 11:08:36.619510','Sint vitae soluta.','Xiaomi 13T Pro',809,NULL,2),(559,'2024-09-30 11:08:36.624945','2024-09-30 11:08:36.624945','Eum omnis praesentium quasi sapiente.','Oppo Reno 6',3269,NULL,2),(560,'2024-09-30 11:08:36.632718','2024-09-30 11:08:36.632718','In amet voluptatibus ut in saepe expedita nulla.','Heavy Duty Wool Wallet',5293,NULL,4),(561,'2024-09-30 11:08:36.638289','2024-09-30 11:08:36.638289','Voluptatem sit ipsa.','Huawei Mate 40',9611,NULL,2),(562,'2024-09-30 11:08:36.643621','2024-09-30 11:08:36.643621','Vel dolores facilis ipsum iure ut.','ASUS ROG Strix Scar 15 G533',3353,NULL,3),(563,'2024-09-30 11:08:36.650475','2024-09-30 11:08:36.650475','Rerum necessitatibus officia modi.','Huawei Nova 8 SE',4436,NULL,2),(564,'2024-09-30 11:08:36.655755','2024-09-30 11:08:36.655755','Nisi corporis labore et quo.','Samsung Galaxy M33',3615,NULL,2),(565,'2024-09-30 11:08:36.660938','2024-09-30 11:08:36.660938','In rerum fuga quia sit et.','Gigabyte AORUS 17 XE',2318,NULL,3),(566,'2024-09-30 11:08:36.669223','2024-09-30 11:08:36.669223','Non mollitia et saepe minima et nihil incidunt.','Microsoft Surface Go 3 LTE Advanced',9098,NULL,3),(567,'2024-09-30 11:08:36.674231','2024-09-30 11:08:36.674231','Inventore quibusdam ea a omnis aspernatur veniam.','Awesome Rubber Keyboard',7641,NULL,4),(568,'2024-09-30 11:08:36.680439','2024-09-30 11:08:36.680439','Qui laboriosam optio ut modi et.','Dell Latitude 5520',6033,NULL,3),(569,'2024-09-30 11:08:36.687068','2024-09-30 11:08:36.687068','Quis minus at autem fuga non.','Small Linen Plate',9739,NULL,4),(570,'2024-09-30 11:08:36.691515','2024-09-30 11:08:36.691515','Distinctio repudiandae nemo placeat corrupti ut nobis.','Fantastic Cotton Keyboard',5277,NULL,4),(571,'2024-09-30 11:08:36.696831','2024-09-30 11:08:36.696831','Dolorem voluptatum est assumenda sequi eveniet maiores.','Gigabyte AORUS 15 XE4',9128,NULL,3),(572,'2024-09-30 11:08:36.704399','2024-09-30 11:08:36.704399','Fugit sit ut et.','Vivo X100 Pro',7689,NULL,2),(573,'2024-09-30 11:08:36.709030','2024-09-30 11:08:36.709030','Facere repellendus autem reprehenderit earum dolorem.','Dell Inspiron 14 2-in-1',8063,NULL,3),(574,'2024-09-30 11:08:36.715079','2024-09-30 11:08:36.715079','Et molestiae libero officiis qui.','Microsoft Surface Pro 7+',3272,NULL,3),(575,'2024-09-30 11:08:36.720220','2024-09-30 11:08:36.720220','Est accusamus ut.','Dell Latitude 9420',7033,NULL,3),(576,'2024-09-30 11:08:36.725719','2024-09-30 11:08:36.725719','Ea nesciunt maiores provident rerum deserunt neque.','Acer Aspire 3 (A315-59G)',8279,NULL,3),(577,'2024-09-30 11:08:36.730920','2024-09-30 11:08:36.730920','Consequatur qui optio alias dicta necessitatibus at.','ASUS ROG Zephyrus M16 GU603',5855,NULL,3),(578,'2024-09-30 11:08:36.736916','2024-09-30 11:08:36.736916','Nihil nisi minus consequatur.','Realme 6i',1015,NULL,2),(579,'2024-09-30 11:08:36.741695','2024-09-30 11:08:36.741695','Quidem natus et eos et maiores.','Huawei P Smart 2021',9257,NULL,2),(580,'2024-09-30 11:08:36.748261','2024-09-30 11:08:36.748261','Et tenetur sed doloremque expedita.','Gigabyte G5 KC',5412,NULL,3),(581,'2024-09-30 11:08:36.755261','2024-09-30 11:08:36.755261','Omnis consequatur facere.','Vivo Y75',632,NULL,2),(582,'2024-09-30 11:08:36.759947','2024-09-30 11:08:36.759947','A molestias saepe consequatur nesciunt qui harum quod.','ASUS ROG Zephyrus G15 GA503',6498,NULL,3),(583,'2024-09-30 11:08:36.765932','2024-09-30 11:08:36.765932','Rem officia dolor assumenda et.','Acer Chromebook Spin 514',4981,NULL,3),(584,'2024-09-30 11:08:36.771219','2024-09-30 11:08:36.771219','Dicta hic alias.','Microsoft Surface Laptop Studio',9234,NULL,3),(585,'2024-09-30 11:08:36.776616','2024-09-30 11:08:36.776616','Accusamus iusto nemo autem.','HP EliteBook x360 1040 G9',8337,NULL,3),(586,'2024-09-30 11:08:36.783021','2024-09-30 11:08:36.783021','Dolore magni debitis fugiat est.','Huawei MateBook 14 2022',6851,NULL,3),(587,'2024-09-30 11:08:36.789021','2024-09-30 11:08:36.789021','Voluptatem sit enim facere.','Lenovo Legion 5',4766,NULL,3),(588,'2024-09-30 11:08:36.793755','2024-09-30 11:08:36.793755','Rerum voluptatem dicta perferendis soluta dolor.','Vivo Y20',8730,NULL,2),(589,'2024-09-30 11:08:36.799708','2024-09-30 11:08:36.799708','Cupiditate vel qui fuga mollitia qui ad.','ASUS ROG Zephyrus Duo 16',2632,NULL,3),(590,'2024-09-30 11:08:36.805429','2024-09-30 11:08:36.805429','Recusandae saepe rem velit id.','Nokia G50',3935,NULL,2),(591,'2024-09-30 11:08:36.810382','2024-09-30 11:08:36.810382','Nesciunt nisi quod aliquam.','Huawei P50',6783,NULL,2),(592,'2024-09-30 11:08:36.816428','2024-09-30 11:08:36.816428','Dolores possimus accusantium.','Microsoft Surface Laptop 3 13.5',8576,NULL,3),(593,'2024-09-30 11:08:36.822580','2024-09-30 11:08:36.822580','Omnis blanditiis qui qui quae expedita.','Razer Blade 15 Advanced (Mid 2021)',6716,NULL,3),(594,'2024-09-30 11:08:36.830387','2024-09-30 11:08:36.830387','Quo facere in sint occaecati in iste.','Realme X7',3662,NULL,2),(595,'2024-09-30 11:08:36.837683','2024-09-30 11:08:36.837683','Quas aliquam provident similique corporis voluptatem omnis.','Honor 50 Lite',3667,NULL,2),(596,'2024-09-30 11:08:36.843721','2024-09-30 11:08:36.843721','Ea voluptatum iusto error ea suscipit non qui.','LG Gram 16Z90P-K.AAB6U1',2172,NULL,3),(597,'2024-09-30 11:08:36.852527','2024-09-30 11:08:36.852527','Ea quia et molestias explicabo maxime odit magnam.','Gorgeous Wooden Bag',2792,NULL,4),(598,'2024-09-30 11:08:36.858106','2024-09-30 11:08:36.858106','Cumque optio earum dignissimos unde eligendi nihil dicta.','Poco F3',4141,NULL,2),(599,'2024-09-30 11:08:36.864634','2024-09-30 11:08:36.864634','Repellat praesentium veniam.','HP Elite Dragonfly G3',87,NULL,3),(600,'2024-09-30 11:08:36.869862','2024-09-30 11:08:36.869862','Illo aut omnis tenetur.','LG UltraPC 17U70Q',7402,NULL,3),(601,'2024-09-30 11:08:36.875422','2024-09-30 11:08:36.875422','Sint fuga eum totam nostrum delectus.','ASUS ROG Strix G15',8643,NULL,3),(602,'2024-09-30 11:08:36.882193','2024-09-30 11:08:36.882193','Eaque autem nihil voluptatem et.','LG Gram 17 (2023)',6044,NULL,3),(603,'2024-09-30 11:08:36.889117','2024-09-30 11:08:36.889117','Beatae repellat incidunt.','LG Gram 16',885,NULL,3),(604,'2024-09-30 11:08:36.894588','2024-09-30 11:08:36.894588','Officia quod animi sequi laboriosam quo.','Microsoft Surface Go 4',3187,NULL,3),(605,'2024-09-30 11:08:36.901234','2024-09-30 11:08:36.901234','Fugiat blanditiis dignissimos in.','Mediocre Rubber Coat',3044,NULL,4),(606,'2024-09-30 11:08:36.907260','2024-09-30 11:08:36.907260','Error earum qui itaque voluptatem.','Dell XPS 15 (9520)',2396,NULL,3),(607,'2024-09-30 11:08:36.914623','2024-09-30 11:08:36.914623','Voluptatem praesentium aut adipisci aut iusto.','Dell Inspiron 16 Plus',7274,NULL,3),(608,'2024-09-30 11:08:36.922874','2024-09-30 11:08:36.922874','Vel mollitia rerum omnis nesciunt excepturi ad.','LG Gram 16Z90P-G.AA75A5',2478,NULL,3),(609,'2024-09-30 11:08:36.932143','2024-09-30 11:08:36.932143','Illo asperiores modi sequi.','Gigabyte AERO 17 HDR',8708,NULL,3),(610,'2024-09-30 11:08:36.938144','2024-09-30 11:08:36.938144','Minus doloremque facilis totam sit repellat.','Microsoft Surface Pro X',3770,NULL,3),(611,'2024-09-30 11:08:36.945319','2024-09-30 11:08:36.945319','Accusamus perspiciatis quis laudantium quia magni nisi nemo.','Sony Xperia 10 III Lite',5401,NULL,2),(612,'2024-09-30 11:08:36.954531','2024-09-30 11:08:36.954531','Hic voluptas temporibus qui sint tempora quia.','Razer Blade 18',5978,NULL,3),(613,'2024-09-30 11:08:36.960533','2024-09-30 11:08:36.960533','In iure enim amet voluptatem.','Lenovo ThinkBook 13s Gen 2',7749,NULL,3),(614,'2024-09-30 11:08:36.968835','2024-09-30 11:08:36.968835','Modi ut enim.','Rustic Silk Knife',6228,NULL,4),(615,'2024-09-30 11:08:36.974081','2024-09-30 11:08:36.974081','Quia vel consequatur quidem.','Gigabyte AORUS 15P YD',6185,NULL,3),(616,'2024-09-30 11:08:36.980334','2024-09-30 11:08:36.981334','Suscipit nulla et impedit sint.','Nokia 5.4',925,NULL,2),(617,'2024-09-30 11:08:36.988883','2024-09-30 11:08:36.988883','Ea ut quam ab.','Microsoft Surface Laptop 4',8040,NULL,3),(618,'2024-09-30 11:08:36.993885','2024-09-30 11:08:36.993885','Inventore officia voluptatibus quod.','Acer ConceptD 3 Ezel',8202,NULL,3),(619,'2024-09-30 11:08:37.002203','2024-09-30 11:08:37.002203','Molestiae numquam aspernatur dignissimos consectetur qui soluta est.','ASUS TUF Gaming F17',5563,NULL,3),(620,'2024-09-30 11:08:37.009660','2024-09-30 11:08:37.009660','Omnis vel dolorem voluptates placeat quis.','Acer TravelMate P6 (2022)',9853,NULL,3),(621,'2024-09-30 11:08:37.016543','2024-09-30 11:08:37.016543','Occaecati ut itaque et velit non deserunt animi.','Oppo A31',4396,NULL,2),(622,'2024-09-30 11:08:37.023546','2024-09-30 11:08:37.023546','Deleniti consequatur doloremque et consequatur animi est.','Realme 6i',7902,NULL,2),(623,'2024-09-30 11:08:37.039417','2024-09-30 11:08:37.039417','Sed delectus dolor et consequatur quam.','ZTE Axon 10 Pro',4141,NULL,2),(624,'2024-09-30 11:08:37.045060','2024-09-30 11:08:37.045060','Porro alias quaerat earum quia.','Honor 50 Lite',2741,NULL,2),(625,'2024-09-30 11:08:37.051609','2024-09-30 11:08:37.051609','Velit eos et enim unde.','Oppo Find X7 Ultra',8428,NULL,2),(626,'2024-09-30 11:08:37.058640','2024-09-30 11:08:37.058640','Id et tempora molestiae error porro error.','iPhone 16 Pro Max',9862,NULL,2),(627,'2024-09-30 11:08:37.064742','2024-09-30 11:08:37.064742','Soluta similique animi beatae laboriosam qui commodi.','Gigabyte A5 X1',1245,NULL,3),(628,'2024-09-30 11:08:37.071074','2024-09-30 11:08:37.071074','Ullam vel laudantium.','Lenovo Legion 5',6452,NULL,3),(629,'2024-09-30 11:08:37.075320','2024-09-30 11:08:37.075320','Officiis sed qui et explicabo est cum.','Sleek Wooden Coat',3337,NULL,4),(630,'2024-09-30 11:08:37.081512','2024-09-30 11:08:37.081512','Tenetur blanditiis delectus harum.','Microsoft Surface Go 4',6982,NULL,3),(631,'2024-09-30 11:08:37.087463','2024-09-30 11:08:37.087463','Veritatis reprehenderit ab asperiores pariatur.','Gigabyte AORUS 15P',8016,NULL,3),(632,'2024-09-30 11:08:37.091888','2024-09-30 11:08:37.091888','Pariatur exercitationem dolore nisi.','Apple MacBook Pro 16',73,NULL,3),(633,'2024-09-30 11:08:37.098381','2024-09-30 11:08:37.098381','Aliquam quod ut.','MSI Creator 15',2610,NULL,3),(634,'2024-09-30 11:08:37.104124','2024-09-30 11:08:37.104124','Dolor aut omnis dignissimos et et sunt.','Rustic Silk Watch',8712,NULL,4),(635,'2024-09-30 11:08:37.108791','2024-09-30 11:08:37.108791','Ducimus necessitatibus aut reiciendis optio et reprehenderit atque.','HP EliteBook 840 Aero G8',2056,NULL,3),(636,'2024-09-30 11:08:37.115381','2024-09-30 11:08:37.115381','Natus voluptas consectetur.','Poco F2 Pro',1933,NULL,2),(637,'2024-09-30 11:08:37.120386','2024-09-30 11:08:37.120386','Eligendi est ad dolorum et dolorem qui culpa.','Honor Magic 3',7890,NULL,2),(638,'2024-09-30 11:08:37.126382','2024-09-30 11:08:37.126382','Et tenetur possimus in voluptatum eveniet rem modi.','Huawei MateBook 13s',5308,NULL,3),(639,'2024-09-30 11:08:37.132383','2024-09-30 11:08:37.132383','Nemo eum distinctio et veritatis rerum nemo tenetur.','Apple Mac Studio (M1 Ultra)',5979,NULL,3),(640,'2024-09-30 11:08:37.139381','2024-09-30 11:08:37.139381','Dolorem molestiae in officiis.','Infinix Note 30 Pro',7032,NULL,2),(641,'2024-09-30 11:08:37.148212','2024-09-30 11:08:37.148212','Minima quo reprehenderit fugiat provident voluptas ut.','Xiaomi 11T',289,NULL,2),(642,'2024-09-30 11:08:37.155254','2024-09-30 11:08:37.155254','Cum occaecati nulla eaque qui perferendis.','Rustic Leather Pants',5065,NULL,4),(643,'2024-09-30 11:08:37.160577','2024-09-30 11:08:37.160577','Non tempore possimus.','MSI Delta 15',3468,NULL,3),(644,'2024-09-30 11:08:37.167044','2024-09-30 11:08:37.167044','Omnis doloremque enim ipsam.','Ergonomic Linen Knife',7050,NULL,4),(645,'2024-09-30 11:08:37.173202','2024-09-30 11:08:37.173202','Necessitatibus fuga aut id.','LG Gram SuperSlim',6398,NULL,3),(646,'2024-09-30 11:08:37.180539','2024-09-30 11:08:37.180539','Voluptatem non eligendi nobis vel adipisci.','Dell Vostro 5510',9168,NULL,3),(647,'2024-09-30 11:08:37.187910','2024-09-30 11:08:37.187910','Consequatur et voluptas autem est.','Fantastic Rubber Table',2532,NULL,4),(648,'2024-09-30 11:08:37.196587','2024-09-30 11:08:37.196587','Non qui at vel.','LG Ultra PC 15UD50N',1158,NULL,3),(649,'2024-09-30 11:08:37.204812','2024-09-30 11:08:37.204812','Non maiores minima fuga ut possimus aliquam.','Apple MacBook Pro 13',9211,NULL,3),(650,'2024-09-30 11:08:37.211818','2024-09-30 11:08:37.211818','Et sapiente maiores minima.','Dell Inspiron 16 Plus',7119,NULL,3),(651,'2024-09-30 11:08:37.220904','2024-09-30 11:08:37.220904','Error eos iure.','Gigabyte AERO 16',8124,NULL,3),(652,'2024-09-30 11:08:37.227644','2024-09-30 11:08:37.227644','Blanditiis sint qui nemo impedit voluptate.','Razer Book 13 (Late 2020)',4730,NULL,3),(653,'2024-09-30 11:08:37.234919','2024-09-30 11:08:37.234919','Et earum rem cupiditate.','Razer Blade 14',3138,NULL,3),(654,'2024-09-30 11:08:37.242113','2024-09-30 11:08:37.242113','Quidem voluptate neque suscipit culpa aut.','Gigabyte AORUS 17G',5172,NULL,3),(655,'2024-09-30 11:08:37.248909','2024-09-30 11:08:37.248909','Doloribus aperiam est iusto laboriosam.','LG Gram SuperSlim',4521,NULL,3),(656,'2024-09-30 11:08:37.253907','2024-09-30 11:08:37.253907','Accusamus et sint asperiores quae eaque quia.','Google Pixel Fold',2655,NULL,2),(657,'2024-09-30 11:08:37.260726','2024-09-30 11:08:37.260726','Suscipit qui quidem velit molestiae repellendus dignissimos.','ASUS Zenbook S 13 OLED (2022)',7023,NULL,3),(658,'2024-09-30 11:08:37.266764','2024-09-30 11:08:37.266764','Nesciunt officia nam et magni ea.','Nokia 5.4',1773,NULL,2),(659,'2024-09-30 11:08:37.272578','2024-09-30 11:08:37.272578','Occaecati fugiat ea optio dolorem quis.','Motorola Edge 5G',8780,NULL,2),(660,'2024-09-30 11:08:37.277642','2024-09-30 11:08:37.277642','Deleniti officia porro perspiciatis velit ut eum at.','Intelligent Steel Shoes',5535,NULL,4),(661,'2024-09-30 11:08:37.283500','2024-09-30 11:08:37.283500','Rem aut est natus molestiae voluptas rerum sit.','Acer Chromebook 515',3749,NULL,3),(662,'2024-09-30 11:08:37.288536','2024-09-30 11:08:37.288536','Quis voluptas adipisci quos omnis quia soluta quas.','Practical Linen Wallet',4236,NULL,4),(663,'2024-09-30 11:08:37.295202','2024-09-30 11:08:37.295202','Cupiditate sit doloremque eaque.','Google Pixel 8',258,NULL,2),(664,'2024-09-30 11:08:37.301567','2024-09-30 11:08:37.301567','Aliquam ea occaecati iste.','Huawei MateBook 16 2022',7567,NULL,3),(665,'2024-09-30 11:08:37.307026','2024-09-30 11:08:37.307026','Facilis est ut ad velit assumenda omnis.','Vivo Y30g',9886,NULL,2),(666,'2024-09-30 11:08:37.312904','2024-09-30 11:08:37.312904','Odio ut odit eum rerum adipisci.','Gigabyte AORUS 15P YD',2567,NULL,3),(667,'2024-09-30 11:08:37.319651','2024-09-30 11:08:37.319651','Exercitationem aut aut illo quam eos quod ad.','Dell XPS 17',5636,NULL,3),(668,'2024-09-30 11:08:37.326331','2024-09-30 11:08:37.326331','Unde sed facere unde repudiandae alias.','Apple MacBook Pro 13 (M2, 2022)',8486,NULL,3),(669,'2024-09-30 11:08:37.332351','2024-09-30 11:08:37.332351','Aut cum fugiat ea doloremque nemo beatae nulla.','Microsoft Surface Book 3 13.5',8163,NULL,3),(670,'2024-09-30 11:08:37.338004','2024-09-30 11:08:37.338004','Amet perspiciatis aperiam aliquam ea esse facilis.','LG Ultra PC 15',956,NULL,3),(671,'2024-09-30 11:08:37.343211','2024-09-30 11:08:37.343211','Quidem quis nam eius inventore aliquid.','Microsoft Surface Book 3',5113,NULL,3),(672,'2024-09-30 11:08:37.349796','2024-09-30 11:08:37.349796','Sed rem mollitia.','Sony Xperia 1 III',4711,NULL,2),(673,'2024-09-30 11:08:37.355373','2024-09-30 11:08:37.355373','Harum accusantium voluptatem.','Samsung Galaxy S21',8969,NULL,2),(674,'2024-09-30 11:08:37.360247','2024-09-30 11:08:37.360247','Perferendis dolores vel et hic cupiditate.','Razer Blade Stealth',4620,NULL,3),(675,'2024-09-30 11:08:37.366352','2024-09-30 11:08:37.366352','In repellat molestiae nam.','MSI Pulse GL66',5005,NULL,3),(676,'2024-09-30 11:08:37.371609','2024-09-30 11:08:37.371609','Et laboriosam corporis ratione ipsa pariatur cumque quo.','MSI Prestige 14',4128,NULL,3),(677,'2024-09-30 11:08:37.377615','2024-09-30 11:08:37.377615','Quasi at voluptas deleniti eos.','Huawei MateBook X Pro 2023',942,NULL,3),(678,'2024-09-30 11:08:37.384614','2024-09-30 11:08:37.384614','Et voluptatum dolor.','Apple MacBook Air (M1, 2020)',9180,NULL,3),(679,'2024-09-30 11:08:37.390768','2024-09-30 11:08:37.390768','Eaque et totam.','Xiaomi Mi 10',5792,NULL,2),(680,'2024-09-30 11:08:37.398061','2024-09-30 11:08:37.398061','Dignissimos ad doloremque et reiciendis deleniti soluta illo.','Razer Blade 15 (2023)',5740,NULL,3),(681,'2024-09-30 11:08:37.403862','2024-09-30 11:08:37.403862','Placeat occaecati sint sint sit dolorem.','Acer Swift 5 SF514-55T',6466,NULL,3),(682,'2024-09-30 11:08:37.408748','2024-09-30 11:08:37.408748','Quis pariatur dolores ipsa excepturi nesciunt voluptas culpa.','Dell Inspiron 14',5988,NULL,3),(683,'2024-09-30 11:08:37.414748','2024-09-30 11:08:37.414748','Omnis qui voluptas.','MSI Vector GP66',540,NULL,3),(684,'2024-09-30 11:08:37.420962','2024-09-30 11:08:37.420962','Dolor saepe quia laboriosam aspernatur aut quaerat neque.','OnePlus 13',8079,NULL,2),(685,'2024-09-30 11:08:37.426396','2024-09-30 11:08:37.426396','Aliquam cupiditate tenetur enim suscipit in voluptas.','HP EliteBook x360 1040 G9',3830,NULL,3),(686,'2024-09-30 11:08:37.432026','2024-09-30 11:08:37.432026','Eos blanditiis esse labore iusto a est.','Vivo Y30',2916,NULL,2),(687,'2024-09-30 11:08:37.437874','2024-09-30 11:08:37.437874','Ut possimus sit ex dolores dolore amet culpa.','Dell Inspiron 16 Plus',2547,NULL,3),(688,'2024-09-30 11:08:37.443027','2024-09-30 11:08:37.443027','Quibusdam saepe cum non reprehenderit harum iusto est.','Dell Inspiron 14 2-in-1',2698,NULL,3),(689,'2024-09-30 11:08:37.451788','2024-09-30 11:08:37.451788','Temporibus qui doloremque.','Oppo A53',4981,NULL,2),(690,'2024-09-30 11:08:37.458427','2024-09-30 11:08:37.458427','Aut ipsum ea itaque veritatis.','Lenovo IdeaPad Gaming 3',2123,NULL,3),(691,'2024-09-30 11:08:37.465002','2024-09-30 11:08:37.465002','Aut quasi qui debitis soluta.','Huawei MateBook 14 2022',5829,NULL,3),(692,'2024-09-30 11:08:37.471409','2024-09-30 11:08:37.471409','Libero eum quaerat saepe fugit.','Infinix Note 30 Pro',4886,NULL,2),(693,'2024-09-30 11:08:37.476997','2024-09-30 11:08:37.476997','Et optio pariatur ut voluptatem assumenda.','Sony Xperia 1 II',7216,NULL,2),(694,'2024-09-30 11:08:37.483930','2024-09-30 11:08:37.483930','Officiis quaerat quo libero qui.','Acer Enduro N3',9782,NULL,3),(695,'2024-09-30 11:08:37.488920','2024-09-30 11:08:37.488920','A a sit.','Huawei MateBook E 2022',6322,NULL,3),(696,'2024-09-30 11:08:37.494557','2024-09-30 11:08:37.494557','Sit natus ipsam et asperiores et voluptate beatae.','Apple MacBook Pro 14',6911,NULL,3),(697,'2024-09-30 11:08:37.499791','2024-09-30 11:08:37.499791','Consequatur nihil asperiores rerum quia provident consequuntur.','Gorgeous Copper Hat',5248,NULL,4),(698,'2024-09-30 11:08:37.504760','2024-09-30 11:08:37.504760','Eum dolore fugit.','Realme GT 2',4817,NULL,2),(699,'2024-09-30 11:08:37.510460','2024-09-30 11:08:37.510460','Totam error explicabo eligendi laborum.','Small Wool Chair',4770,NULL,4),(702,'2024-09-30 11:08:37.528939','2024-09-30 11:08:37.528939','Odit maxime eius nesciunt.','Awesome Aluminum Shoes',4710,NULL,4),(704,'2024-09-30 11:08:37.540673','2024-09-30 11:08:37.540673','Neque rerum est.','Practical Linen Table',1211,NULL,4),(706,'2024-09-30 11:08:37.551782','2024-09-30 11:08:37.551782','Laudantium corporis voluptatem ullam incidunt labore dolores ea.','Nokia G50 5G',438,NULL,2),(708,'2024-09-30 11:08:37.564794','2024-09-30 11:08:37.564794','Assumenda delectus sint non quisquam impedit.','Google Pixel 5 XL',1619,NULL,2),(710,'2024-09-30 11:08:37.576650','2024-09-30 11:08:37.576650','Velit accusamus repellat voluptas.','Mediocre Aluminum Plate',2132,NULL,4),(716,'2024-09-30 11:08:37.610026','2024-09-30 11:08:37.610026','Officia id pariatur.','Heavy Duty Aluminum Computer',5595,NULL,4),(719,'2024-09-30 11:08:37.630263','2024-09-30 11:08:37.630263','Sed illum voluptas distinctio.','Rustic Copper Coat',8590,NULL,4),(722,'2024-09-30 11:08:37.650166','2024-09-30 11:08:37.650166','Nobis ducimus facere et omnis molestiae quia enim.','iPhone 11 Pro Max',6815,NULL,2),(724,'2024-09-30 11:08:37.667213','2024-09-30 11:08:37.667213','Dolor optio ut nobis excepturi laborum voluptatum.','Nokia G42 5G',1977,NULL,2),(727,'2024-09-30 11:08:37.684486','2024-09-30 11:08:37.684486','Tenetur nostrum cupiditate ducimus eos ad non.','Oppo A78 5G',7086,NULL,2),(729,'2024-09-30 11:08:37.697694','2024-09-30 11:08:37.697694','Expedita omnis unde.','OnePlus 11',7231,NULL,2),(737,'2024-09-30 11:08:37.746047','2024-09-30 11:08:37.746047','Enim deleniti autem.','Awesome Iron Bench',2255,NULL,4),(739,'2024-09-30 11:08:37.758316','2024-09-30 11:08:37.758316','Quaerat non mollitia sit et.','Realme 13 Pro+ 5G',4222,NULL,2),(741,'2024-09-30 11:08:37.772292','2024-09-30 11:08:37.772292','Adipisci enim velit.','Fantastic Silk Plate',1157,NULL,4),(742,'2024-09-30 11:08:37.778741','2024-09-30 11:08:37.778741','Tempore numquam eum aperiam ut.','Motorola Edge Plus',1283,NULL,2),(743,'2024-09-30 11:08:37.785741','2024-09-30 11:08:37.785741','Qui molestiae esse quam ex qui.','Asus Zenfone 7',4746,NULL,2),(744,'2024-09-30 11:08:37.791339','2024-09-30 11:08:37.791339','Quis voluptatem sunt id impedit.','iPhone SE 4',5364,NULL,2),(747,'2024-09-30 11:08:37.809936','2024-09-30 11:08:37.809936','Et deserunt adipisci et ex enim accusantium enim.','Samsung Galaxy F54 5G',7997,NULL,2),(749,'2024-09-30 11:08:37.826162','2024-09-30 11:08:37.826162','Illo est aliquam suscipit.','Heavy Duty Cotton Pants',8830,NULL,4),(751,'2024-09-30 11:08:37.840932','2024-09-30 11:08:37.840932','Quo et voluptatem praesentium amet voluptatibus et at.','Realme X7',8490,NULL,2),(752,'2024-09-30 11:08:37.848014','2024-09-30 11:08:37.848014','Qui beatae est deleniti temporibus eius.','Asus ROG Phone 5 Ultimate',1184,NULL,2),(754,'2024-09-30 11:08:37.863061','2024-09-30 11:08:37.863061','Non aut dolor quam.','Motorola One Fusion+',5491,NULL,2),(755,'2024-09-30 11:08:37.870078','2024-09-30 11:08:37.870078','Sint similique magnam.','Xiaomi Mi 10',2123,NULL,2),(757,'2024-09-30 11:08:37.886072','2024-09-30 11:08:37.886072','Sed consequatur est ut aut alias quasi.','Sony Xperia 5 III',7188,NULL,2),(759,'2024-09-30 11:08:37.898821','2024-09-30 11:08:37.898821','Repellendus similique veritatis.','Motorola Edge 30 Fusion',4100,NULL,2),(762,'2024-09-30 11:08:37.923827','2024-09-30 11:08:37.923827','Quia consequuntur blanditiis expedita asperiores suscipit.','Practical Marble Bag',6459,NULL,4),(763,'2024-09-30 11:08:37.929824','2024-09-30 11:08:37.929824','Magnam eveniet nihil aut qui.','Samsung Galaxy S20 FE',4205,NULL,2),(764,'2024-09-30 11:08:37.937329','2024-09-30 11:08:37.937329','Dolorem debitis voluptates.','Mediocre Granite Bottle',4446,NULL,4),(765,'2024-09-30 11:08:37.944317','2024-09-30 11:08:37.944317','Animi reiciendis et.','Poco X5 Pro',5593,NULL,2),(767,'2024-09-30 11:08:37.962300','2024-09-30 11:08:37.962300','Aut est adipisci ea labore.','Samsung Galaxy Note 20',4570,NULL,2),(769,'2024-09-30 11:08:37.978854','2024-09-30 11:08:37.978854','Dolor quis architecto.','Small Cotton Bag',4795,NULL,4),(775,'2024-09-30 11:08:38.015903','2024-09-30 11:08:38.015903','Repellat ut suscipit atque nulla et.','Nokia G20',5125,NULL,2),(776,'2024-09-30 11:08:38.022198','2024-09-30 11:08:38.022198','Consequuntur harum sint non.','Motorola Razr 50 Ultra',869,NULL,2),(779,'2024-09-30 11:08:38.039000','2024-09-30 11:08:38.039000','Nihil voluptatem eum.','Durable Plastic Hat',9229,NULL,4),(780,'2024-09-30 11:08:38.044454','2024-09-30 11:08:38.044454','Dolorem porro impedit laudantium.','Sony Xperia 5 V',1408,NULL,2),(785,'2024-09-30 11:08:38.079587','2024-09-30 11:08:38.079587','At iste rerum.','Huawei P30 Lite',6163,NULL,2),(787,'2024-09-30 11:08:38.093771','2024-09-30 11:08:38.093771','Ab quam quia quam.','Motorola G Power',5093,NULL,2),(788,'2024-09-30 11:08:38.100276','2024-09-30 11:08:38.100276','Reiciendis velit laudantium accusantium praesentium magnam non.','Nokia C20',1007,NULL,2),(814,'2024-09-30 11:08:38.264692','2024-09-30 11:08:38.264692','Qui consequuntur porro esse saepe soluta.','Aerodynamic Wool Bag',8014,NULL,4),(824,'2024-09-30 11:08:38.329213','2024-09-30 11:08:38.329213','Facere sit molestiae reprehenderit perspiciatis vero omnis.','Durable Iron Bench',4616,NULL,4),(852,'2024-09-30 11:08:38.541397','2024-09-30 11:08:38.541397','Quod qui et et.','Ergonomic Marble Clock',2312,NULL,4),(862,'2024-09-30 11:08:38.614517','2024-09-30 11:08:38.614517','Ipsam est voluptatem architecto possimus voluptas eum.','Fantastic Leather Keyboard',867,NULL,4),(874,'2024-09-30 11:08:38.705774','2024-09-30 11:08:38.705774','Tempora provident omnis sed in consequatur autem.','Intelligent Copper Clock',7221,NULL,4),(877,'2024-09-30 11:08:38.724979','2024-09-30 11:08:38.724979','Earum esse harum explicabo.','Fantastic Steel Coat',9443,NULL,4),(898,'2024-09-30 11:08:38.869706','2024-09-30 11:08:38.869706','Facilis quia molestiae adipisci iste enim voluptas beatae.','Incredible Copper Plate',1425,NULL,4),(913,'2024-09-30 11:08:38.983207','2024-09-30 11:08:38.983207','Ipsam dolorem dignissimos.','Fantastic Granite Lamp',2219,NULL,4);
/*!40000 ALTER TABLE `products` ENABLE KEYS */;
UNLOCK TABLES;

--
-- Table structure for table `roles`
--

DROP TABLE IF EXISTS `roles`;
/*!40101 SET @saved_cs_client     = @@character_set_client */;
/*!50503 SET character_set_client = utf8mb4 */;
CREATE TABLE `roles` (
                         `id` bigint NOT NULL AUTO_INCREMENT,
                         `name` varchar(255) NOT NULL,
                         PRIMARY KEY (`id`)
) ENGINE=InnoDB AUTO_INCREMENT=3 DEFAULT CHARSET=utf8mb4 COLLATE=utf8mb4_0900_ai_ci;
/*!40101 SET character_set_client = @saved_cs_client */;

--
-- Dumping data for table `roles`
--

LOCK TABLES `roles` WRITE;
/*!40000 ALTER TABLE `roles` DISABLE KEYS */;
INSERT INTO `roles` VALUES (1,'USER'),(2,'ADMIN');
/*!40000 ALTER TABLE `roles` ENABLE KEYS */;
UNLOCK TABLES;

--
-- Table structure for table `social_account`
--

DROP TABLE IF EXISTS `social_account`;
/*!40101 SET @saved_cs_client     = @@character_set_client */;
/*!50503 SET character_set_client = utf8mb4 */;
CREATE TABLE `social_account` (
                                  `id` bigint NOT NULL AUTO_INCREMENT,
                                  `email` varchar(150) DEFAULT NULL,
                                  `name` varchar(100) DEFAULT NULL,
                                  `provider` varchar(20) DEFAULT NULL,
                                  `provider_id` varchar(50) DEFAULT NULL,
                                  `user_id` bigint DEFAULT NULL,
                                  PRIMARY KEY (`id`),
                                  KEY `FKqg7naq00cg9s76a2tljlyafn6` (`user_id`),
                                  CONSTRAINT `FKqg7naq00cg9s76a2tljlyafn6` FOREIGN KEY (`user_id`) REFERENCES `users` (`id`)
) ENGINE=InnoDB DEFAULT CHARSET=utf8mb4 COLLATE=utf8mb4_0900_ai_ci;
/*!40101 SET character_set_client = @saved_cs_client */;

--
-- Dumping data for table `social_account`
--

LOCK TABLES `social_account` WRITE;
/*!40000 ALTER TABLE `social_account` DISABLE KEYS */;
/*!40000 ALTER TABLE `social_account` ENABLE KEYS */;
UNLOCK TABLES;

--
-- Table structure for table `tokens`
--

DROP TABLE IF EXISTS `tokens`;
/*!40101 SET @saved_cs_client     = @@character_set_client */;
/*!50503 SET character_set_client = utf8mb4 */;
CREATE TABLE `tokens` (
                          `id` bigint NOT NULL AUTO_INCREMENT,
                          `expiration_date` datetime(6) DEFAULT NULL,
                          `expired` bit(1) DEFAULT NULL,
                          `revoked` bit(1) DEFAULT NULL,
                          `token` varchar(255) NOT NULL,
                          `token_type` varchar(50) NOT NULL,
                          `user_id` bigint DEFAULT NULL,
                          PRIMARY KEY (`id`),
                          KEY `FK2dylsfo39lgjyqml2tbe0b0ss` (`user_id`),
                          CONSTRAINT `FK2dylsfo39lgjyqml2tbe0b0ss` FOREIGN KEY (`user_id`) REFERENCES `users` (`id`)
) ENGINE=InnoDB DEFAULT CHARSET=utf8mb4 COLLATE=utf8mb4_0900_ai_ci;
/*!40101 SET character_set_client = @saved_cs_client */;

--
-- Dumping data for table `tokens`
--

LOCK TABLES `tokens` WRITE;
/*!40000 ALTER TABLE `tokens` DISABLE KEYS */;
/*!40000 ALTER TABLE `tokens` ENABLE KEYS */;
UNLOCK TABLES;

--
-- Table structure for table `users`
--

DROP TABLE IF EXISTS `users`;
/*!40101 SET @saved_cs_client     = @@character_set_client */;
/*!50503 SET character_set_client = utf8mb4 */;
CREATE TABLE `users` (
                         `id` bigint NOT NULL AUTO_INCREMENT,
                         `created_at` datetime(6) DEFAULT NULL,
                         `updated_at` datetime(6) DEFAULT NULL,
                         `address` varchar(200) DEFAULT NULL,
                         `date_of_birth` datetime(6) DEFAULT NULL,
                         `facebook_account_id` int DEFAULT NULL,
                         `fullname` varchar(100) NOT NULL,
                         `google_account_id` int DEFAULT NULL,
                         `is_active` bit(1) DEFAULT NULL,
                         `password` varchar(255) DEFAULT NULL,
                         `phone_number` varchar(10) DEFAULT NULL,
                         `role_id` bigint DEFAULT NULL,
                         `email` varchar(255) DEFAULT NULL,
                         `full_name` varchar(255) DEFAULT NULL,
                         PRIMARY KEY (`id`),
                         KEY `FKp56c1712k691lhsyewcssf40f` (`role_id`),
                         CONSTRAINT `FKp56c1712k691lhsyewcssf40f` FOREIGN KEY (`role_id`) REFERENCES `roles` (`id`)
) ENGINE=InnoDB AUTO_INCREMENT=7 DEFAULT CHARSET=utf8mb4 COLLATE=utf8mb4_0900_ai_ci;
/*!40101 SET character_set_client = @saved_cs_client */;

--
-- Dumping data for table `users`
--

LOCK TABLES `users` WRITE;
/*!40000 ALTER TABLE `users` DISABLE KEYS */;
INSERT INTO `users` VALUES (1,'2024-09-30 11:03:57.349406','2024-09-30 11:03:57.349406','Hòa Xuân','2001-09-17 07:00:00.000000',0,'nguyen van A',0,_binary '\0','$2a$10$h8ciq1LTlWbO2w606AoL7.oDFR2QumiOIWHpnYlYXc6C18bi2N1Ry','1122334455',1,NULL,NULL),(2,'2024-09-30 11:05:57.270893','2024-09-30 11:05:57.270893','Hòa Xuân','2001-09-17 07:00:00.000000',0,'Nguyen Van B',0,_binary '\0','$2a$10$4YbdIbVH/Dy/vvWJMwiR0uv6Z0rh5wm5d.SISOSbvzHTNeoH5y5VG','123456789',1,NULL,NULL),(3,'2024-09-30 11:06:09.358818','2024-09-30 11:06:09.358818','Hòa Xuân','2001-09-17 07:00:00.000000',0,'Nguyen Van C',0,_binary '\0','$2a$10$on8hyttZ1cR0uYvUpOJKQe2LXwUWJJHQ6Y9HHgcwljxE7p2/WFOYy','112233',1,NULL,NULL),(4,'2024-09-30 11:06:29.107242','2024-09-30 11:06:29.107242','Hòa Xuân','2001-09-17 07:00:00.000000',0,'Nguyen Van D',0,_binary '\0','$2a$10$NkPTefW/DNz8Df1KoTrgTOLCwwafVNTeut.PSNxXCSPpT00kspLc.','11223344',1,NULL,NULL),(5,'2024-09-30 15:33:31.034068','2024-09-30 15:33:31.034068','Hòa Xuân','2001-09-17 07:00:00.000000',0,'Nguyen Van abv',0,_binary '\0','$2a$10$CNNJV8b4mkCq7O6/o4hUIelyUUNaxxoQ5ic42XcD3lAxM1RcBU.Y2','123321',1,NULL,NULL),(6,'2024-10-11 10:15:04.727156','2024-10-11 10:15:04.727156','Hai Chau','2001-09-17 07:00:00.000000',0,'admin',0,_binary '\0','$2a$10$/kZjX5v7wa/VbFeNAEZBaut86tBs3Q6ZaZsmye.k2EY4yf/E3TQ6m','12344321',2,NULL,NULL);
/*!40000 ALTER TABLE `users` ENABLE KEYS */;
UNLOCK TABLES;
/*!40103 SET TIME_ZONE=@OLD_TIME_ZONE */;

/*!40101 SET SQL_MODE=@OLD_SQL_MODE */;
/*!40014 SET FOREIGN_KEY_CHECKS=@OLD_FOREIGN_KEY_CHECKS */;
/*!40014 SET UNIQUE_CHECKS=@OLD_UNIQUE_CHECKS */;
/*!40101 SET CHARACTER_SET_CLIENT=@OLD_CHARACTER_SET_CLIENT */;
/*!40101 SET CHARACTER_SET_RESULTS=@OLD_CHARACTER_SET_RESULTS */;
/*!40101 SET COLLATION_CONNECTION=@OLD_COLLATION_CONNECTION */;
/*!40111 SET SQL_NOTES=@OLD_SQL_NOTES */;

-- Dump completed on 2024-10-15 14:51:44
