-- MySQL dump 10.13  Distrib 8.0.34, for Win64 (x86_64)
--
-- Host: localhost    Database: shopp_app_biti
-- ------------------------------------------------------
-- Server version	8.0.34

/*!40101 SET @OLD_CHARACTER_SET_CLIENT=@@CHARACTER_SET_CLIENT */;
/*!40101 SET @OLD_CHARACTER_SET_RESULTS=@@CHARACTER_SET_RESULTS */;
/*!40101 SET @OLD_COLLATION_CONNECTION=@@COLLATION_CONNECTION */;
/*!50503 SET NAMES utf8 */;
/*!40103 SET @OLD_TIME_ZONE=@@TIME_ZONE */;
/*!40103 SET TIME_ZONE='+00:00' */;
/*!40014 SET @OLD_UNIQUE_CHECKS=@@UNIQUE_CHECKS, UNIQUE_CHECKS=0 */;
/*!40014 SET @OLD_FOREIGN_KEY_CHECKS=@@FOREIGN_KEY_CHECKS, FOREIGN_KEY_CHECKS=0 */;
/*!40101 SET @OLD_SQL_MODE=@@SQL_MODE, SQL_MODE='NO_AUTO_VALUE_ON_ZERO' */;
/*!40111 SET @OLD_SQL_NOTES=@@SQL_NOTES, SQL_NOTES=0 */;

--
-- Table structure for table `cart`
--

DROP TABLE IF EXISTS `cart`;
/*!40101 SET @saved_cs_client     = @@character_set_client */;
/*!50503 SET character_set_client = utf8mb4 */;
CREATE TABLE `cart` (
  `id` bigint NOT NULL AUTO_INCREMENT,
  `quantity` int NOT NULL,
  `product_id` bigint DEFAULT NULL,
  `user_id` bigint DEFAULT NULL,
  PRIMARY KEY (`id`),
  KEY `FKpu4bcbluhsxagirmbdn7dilm5` (`product_id`),
  KEY `FKg5uhi8vpsuy0lgloxk2h4w5o6` (`user_id`),
  CONSTRAINT `FKg5uhi8vpsuy0lgloxk2h4w5o6` FOREIGN KEY (`user_id`) REFERENCES `users` (`id`),
  CONSTRAINT `FKpu4bcbluhsxagirmbdn7dilm5` FOREIGN KEY (`product_id`) REFERENCES `products` (`id`)
) ENGINE=InnoDB AUTO_INCREMENT=37 DEFAULT CHARSET=utf8mb4 COLLATE=utf8mb4_0900_ai_ci;
/*!40101 SET character_set_client = @saved_cs_client */;

--
-- Dumping data for table `cart`
--

LOCK TABLES `cart` WRITE;
/*!40000 ALTER TABLE `cart` DISABLE KEYS */;
INSERT INTO `cart` VALUES (12,5,12,5),(17,20,1,2),(19,4,2,1),(23,12,2,2),(24,5,3,2),(25,2,5,2),(26,10,6,2),(27,3,8,2),(28,4,12,2),(29,3,11,2),(30,7,4,1),(31,5,10,1),(32,6,11,1),(33,10,8,1),(34,5,1,3),(35,7,2,3),(36,4,10,2);
/*!40000 ALTER TABLE `cart` ENABLE KEYS */;
UNLOCK TABLES;

--
-- Table structure for table `categories`
--

DROP TABLE IF EXISTS `categories`;
/*!40101 SET @saved_cs_client     = @@character_set_client */;
/*!50503 SET character_set_client = utf8mb4 */;
CREATE TABLE `categories` (
  `id` bigint NOT NULL AUTO_INCREMENT,
  `name` varchar(255) NOT NULL,
  PRIMARY KEY (`id`)
) ENGINE=InnoDB AUTO_INCREMENT=6 DEFAULT CHARSET=utf8mb4 COLLATE=utf8mb4_0900_ai_ci;
/*!40101 SET character_set_client = @saved_cs_client */;

--
-- Dumping data for table `categories`
--

LOCK TABLES `categories` WRITE;
/*!40000 ALTER TABLE `categories` DISABLE KEYS */;
INSERT INTO `categories` VALUES (2,'Điện thoại'),(3,'Laptop'),(4,'Tai nghe'),(5,'Chuột');
/*!40000 ALTER TABLE `categories` ENABLE KEYS */;
UNLOCK TABLES;

--
-- Table structure for table `order_details`
--

DROP TABLE IF EXISTS `order_details`;
/*!40101 SET @saved_cs_client     = @@character_set_client */;
/*!50503 SET character_set_client = utf8mb4 */;
CREATE TABLE `order_details` (
  `id` bigint NOT NULL AUTO_INCREMENT,
  `color` varchar(255) DEFAULT NULL,
  `number_of_product` int DEFAULT NULL,
  `price` float DEFAULT NULL,
  `total_money` float DEFAULT NULL,
  `order_id` bigint DEFAULT NULL,
  `product_id` bigint DEFAULT NULL,
  PRIMARY KEY (`id`),
  KEY `FKjyu2qbqt8gnvno9oe9j2s2ldk` (`order_id`),
  KEY `FK4q98utpd73imf4yhttm3w0eax` (`product_id`),
  CONSTRAINT `FK4q98utpd73imf4yhttm3w0eax` FOREIGN KEY (`product_id`) REFERENCES `products` (`id`),
  CONSTRAINT `FKjyu2qbqt8gnvno9oe9j2s2ldk` FOREIGN KEY (`order_id`) REFERENCES `orders` (`id`)
) ENGINE=InnoDB DEFAULT CHARSET=utf8mb4 COLLATE=utf8mb4_0900_ai_ci;
/*!40101 SET character_set_client = @saved_cs_client */;

--
-- Dumping data for table `order_details`
--

LOCK TABLES `order_details` WRITE;
/*!40000 ALTER TABLE `order_details` DISABLE KEYS */;
/*!40000 ALTER TABLE `order_details` ENABLE KEYS */;
UNLOCK TABLES;

--
-- Table structure for table `orders`
--

DROP TABLE IF EXISTS `orders`;
/*!40101 SET @saved_cs_client     = @@character_set_client */;
/*!50503 SET character_set_client = utf8mb4 */;
CREATE TABLE `orders` (
  `id` bigint NOT NULL AUTO_INCREMENT,
  `active` bit(1) DEFAULT NULL,
  `address` varchar(255) DEFAULT NULL,
  `email` varchar(100) DEFAULT NULL,
  `fullname` varchar(100) DEFAULT NULL,
  `note` varchar(255) DEFAULT NULL,
  `order_date` datetime(6) DEFAULT NULL,
  `payment_method` varchar(255) DEFAULT NULL,
  `phone_number` varchar(20) NOT NULL,
  `shipping_address` varchar(255) DEFAULT NULL,
  `shipping_date` date DEFAULT NULL,
  `shipping_method` varchar(255) DEFAULT NULL,
  `status` varchar(255) DEFAULT NULL,
  `total_money` float DEFAULT NULL,
  `tracking_number` varchar(255) DEFAULT NULL,
  `user_id` bigint DEFAULT NULL,
  PRIMARY KEY (`id`),
  KEY `FK32ql8ubntj5uh44ph9659tiih` (`user_id`),
  CONSTRAINT `FK32ql8ubntj5uh44ph9659tiih` FOREIGN KEY (`user_id`) REFERENCES `users` (`id`)
) ENGINE=InnoDB AUTO_INCREMENT=4 DEFAULT CHARSET=utf8mb4 COLLATE=utf8mb4_0900_ai_ci;
/*!40101 SET character_set_client = @saved_cs_client */;

--
-- Dumping data for table `orders`
--

LOCK TABLES `orders` WRITE;
/*!40000 ALTER TABLE `orders` DISABLE KEYS */;
INSERT INTO `orders` VALUES (1,_binary '','Hoa Xuan Cam Le','doamn11@gmail.com','doan vu duy',NULL,'2024-09-30 14:03:01.404000','Xe may','123456',NULL,'2024-09-30','shipingppppp','pending',1000,NULL,1),(2,_binary '','Hoa Xuan Cam Le','doamn11@gmail.com','nguyen van a',NULL,'2024-09-30 14:04:22.045000','Xe may','123456789',NULL,'2024-09-30','shipingppppp','pending',1000,NULL,2),(3,_binary '','Hai Chau','nguyenvanb@gmail.com','nguyen van b',NULL,'2024-09-30 14:05:39.361000','Xe may','123456789',NULL,'2024-09-30','shipingppppp','pending',1000,NULL,3);
/*!40000 ALTER TABLE `orders` ENABLE KEYS */;
UNLOCK TABLES;

--
-- Table structure for table `product_images`
--

DROP TABLE IF EXISTS `product_images`;
/*!40101 SET @saved_cs_client     = @@character_set_client */;
/*!50503 SET character_set_client = utf8mb4 */;
CREATE TABLE `product_images` (
  `id` bigint NOT NULL AUTO_INCREMENT,
  `image_url` varchar(300) DEFAULT NULL,
  `product_id` bigint DEFAULT NULL,
  PRIMARY KEY (`id`),
  KEY `FKqnq71xsohugpqwf3c9gxmsuy` (`product_id`),
  CONSTRAINT `FKqnq71xsohugpqwf3c9gxmsuy` FOREIGN KEY (`product_id`) REFERENCES `products` (`id`)
) ENGINE=InnoDB AUTO_INCREMENT=121 DEFAULT CHARSET=utf8mb4 COLLATE=utf8mb4_0900_ai_ci;
/*!40101 SET character_set_client = @saved_cs_client */;

--
-- Dumping data for table `product_images`
--

LOCK TABLES `product_images` WRITE;
/*!40000 ALTER TABLE `product_images` DISABLE KEYS */;
INSERT INTO `product_images` VALUES (9,'484f54a9-6488-4d52-8c2f-44f5a0c5b372_a (1).jpeg',1),(10,'2323cb7b-f252-4e5e-bee9-9747e8a26f41_a (1).jpg',1),(11,'7965ccde-4540-45b2-93d8-b5169dfc5e94_a (1).png',1),(12,'033328a1-fc85-4892-9b87-a0be33578631_a (2).jpeg',2),(13,'ad4d7ef9-5468-4cf5-8f16-162df806e5c6_a (2).jpg',2),(14,'1c6bec15-37dd-4f42-a1a3-479bc7960ba2_a (2).png',2),(15,'1d444a7d-039d-4d3b-82f4-9a74beebca6e_a (3).jpg',3),(16,'c19da855-d883-4c7d-9832-3a7299c133b0_a (3).png',3),(17,'12518e10-17c8-4faf-a9c1-f4372b3b099d_a (4).jpg',4),(18,'835300bf-5ebe-445e-b126-2b27153d05dd_a (4).png',4),(19,'286c6386-44d0-4550-b9af-aa4fe2ea972a_a (5).jpg',5),(20,'5a4a6690-3dc9-43e8-b725-b14ea0ca9855_a (6).jpg',6),(21,'4dea8671-1eb1-4719-b0b3-debc3989b36f_a (7).jpg',6),(22,'229a33e6-7f7e-4566-9f3b-0996049e598e_a (8).jpg',6),(23,'46335788-ccc7-40c1-bce1-2ccd66ffef71_a (9).jpg',7),(24,'8cd5b56f-46e0-4027-8aa3-21de251892e6_a (10).jpg',7),(25,'582735b6-ce3f-4af4-802c-a5a4eec07fe0_a (11).jpg',7),(26,'3e16c00b-d846-47db-ad57-85e11a7d5a55_a (12).jpg',8),(27,'0e7f1c13-13c0-425a-a5ac-e6e70710fd60_a (13).jpg',8),(28,'3aec526d-bc9e-4d51-bc17-e17b0b4a52cf_a (14).jpg',8),(29,'95efc91a-555e-4090-9f4f-9e558c0503f6_a (16).jpg',9),(30,'b1a8f6d5-722e-46d2-8604-cb235bd39837_a (17).jpg',9),(31,'17ce11dd-13ed-4613-9aa5-9bcc5613c3e9_a (18).jpg',9),(32,'008ead3d-d8b5-49c2-8e8d-15907711a75b_a (19).jpg',10),(33,'95bc8ea6-25f5-4b52-b188-2cc6fe5156f4_a (20).jpg',10),(34,'6a5e11d0-6c4b-4e1b-a25a-19adf1f5eef8_a (21).jpg',10),(35,'b602758b-28b4-42ec-bb65-2428b22f10c2_a (22).jpg',11),(36,'80c1e9ce-5ced-4515-8709-f70f205ce4ee_a (23).jpg',11),(37,'cb4c46a3-9ce5-4144-9b2f-cdd6532bb076_a (24).jpg',11),(38,'bf8a9855-5aea-4def-b7d7-aeebe4843d81_a (25).jpg',12),(39,'7dcb1e3a-5bb7-47f0-8f5b-956a5d19c3d2_a (26).jpg',12),(40,'b93ef2a4-503b-4a06-9a69-7da0e256af9c_a (27).jpg',12),(41,'7615a922-fa85-47a3-8c82-bb1e55ca6dcf_a (28).jpg',13),(42,'c1bdf1e0-55ed-4068-a500-0195b1322cfc_a (29).jpg',13),(43,'15204958-9836-478a-8dfa-05bf54a66e47_a (30).jpg',13),(44,'8b66a37a-c070-497a-bb0b-8a5cdd1b0919_a (31).jpg',13),(45,'36bd0361-f54f-462a-8848-2fbcceccbc26_a (32).jpg',13),(46,'f9cb4c37-d0bc-41c3-925e-a3d588caaf09_a (31).jpg',14),(47,'e04d4a20-ac90-4492-b36b-110ea4fe145b_a (32).jpg',14),(48,'2fb6a6a6-67c5-43ac-95c5-a2510c354576_a (33).jpg',14),(49,'edbd9490-961d-4e3d-9e46-ddf2c7ea860f_a (34).jpg',15),(50,'ffe330ad-fd8a-4f0a-a9cb-f734e1481833_a (35).jpg',15),(51,'ba650cca-b656-45cd-a3f1-c128a00647bf_a (36).jpg',15),(52,'5c4f0050-ca5d-4ec6-bf93-9d1e8abbfe01_a (37).jpg',16),(53,'8145e2d7-5955-48db-a584-8316403f59fd_a (38).jpg',16),(54,'31cf0e36-1972-4e9e-bad4-d16fe1a671da_a (39).jpg',16),(55,'a8ad6228-dd03-4506-ae00-a3258b4c23e8_a (40).jpg',17),(56,'1ddba09a-6479-42b4-ba66-7397fde3b2f8_a (41).jpg',17),(57,'499b265c-5825-4bc9-91dc-005a846e4b41_a (42).jpg',17),(58,'12fab40c-eddd-4daf-9913-50cb3db5fe62_a (43).jpg',18),(59,'787061ef-f8ab-4f80-b837-0e662c285e19_a (44).jpg',18),(60,'02bac7cb-50e6-4d6d-bd23-4ff8949cf846_a (45).jpg',18),(61,'742c1fdc-cb57-44e1-93f3-544af05b8020_a (44).jpg',19),(62,'33bff318-279c-4c7f-9dca-8744273f28a8_a (45).jpg',19),(63,'b00b36de-62ca-4b44-a618-71a4a56addf4_a (46).jpg',19),(64,'3afcc824-a6af-4c6c-90e6-46aa8c33fc1f_a (47).jpg',20),(65,'99955a73-fccd-4229-a113-fc0797a9faba_a (48).jpg',20),(66,'6c858437-5923-4e54-aacd-5b493cf501fd_a (49).jpg',20),(67,'a3fff2a6-0a17-4c9e-9b73-aeb039ba3fc9_a (50).jpg',21),(68,'680ff153-de80-47dc-bb29-e4b9cb9e720d_a (51).jpg',21),(69,'2122408d-7ac4-40f1-86e4-0b0cb4e88590_a (52).jpg',21),(70,'2dc16aa6-d53c-491e-9693-c01a4a6267cf_a (53).jpg',22),(71,'cc007be3-5926-4478-8f33-4664c37e9112_a (54).jpg',22),(72,'8d9e4592-9254-41c4-af27-8b181cac1b75_a (55).jpg',22),(73,'29e83485-d2d8-493d-a172-934e2c00f93e_a (56).jpg',23),(74,'6d2257ea-d2c5-4993-bbe6-a06c5f36852e_a (57).jpg',23),(75,'f2d9e7e9-3da7-462d-b309-db79ce314f47_a (58).jpg',23),(76,'0e09d559-e3b6-4d72-9878-de1926b4bcd5_a (59).jpg',24),(77,'75df2e3a-a311-4f50-b09f-b05a5e6cb0ad_a (60).jpg',24),(78,'efad3617-da11-4b6d-85c2-5da522cead68_a (61).jpg',24),(79,'88fd56cb-da7f-46a5-9bfc-ea8e8bf77cb4_a (60).jpg',25),(80,'58f81d9d-9adf-4cc1-8b5c-3ea19056fdcf_a (61).jpg',25),(81,'2b8f91af-9448-42ca-9f1a-de0a2ec98e62_a (62).jpg',25),(82,'95a4ef0a-8d4a-4468-97a4-93391ccf94ce_a (63).jpg',26),(83,'1b300f58-86b5-4004-a650-01fb14b198bc_a (64).jpg',26),(84,'0657ebc0-5981-49e0-9790-8ee75a80f9ac_a (65).jpg',26),(85,'45c39a7a-cb27-4c96-a19f-32d515cfc9fd_a (66).jpg',27),(86,'491d26a0-4ba3-482e-bcaa-9f9d928235c2_a (67).jpg',27),(87,'de9472f3-6580-4b54-8bf0-a17180a56877_a (68).jpg',27),(88,'4166dac4-dd06-4b01-8597-c4b5a8c3c4bb_a (69).jpg',28),(89,'16f92a5e-dd77-4af6-b9e1-5a115002a2ae_a (70).jpg',28),(90,'538a9d69-d014-4681-a705-339c9d94c77b_a (71).jpg',28),(91,'33aed82b-e8fd-460a-a920-1b468e189f55_a (74).jpg',29),(92,'e10b3d88-b197-43e0-99a7-6adc63459978_a (72).jpg',29),(93,'d3dd558b-a731-46b0-8384-43da1352a84e_a (73).jpg',29),(94,'0f9d800c-1c2c-4be1-bc1c-1e9df389f29f_a (75).jpg',30),(95,'c597ce73-71b7-4dca-8de7-897b21e93bd0_a (76).jpg',30),(96,'16117480-9236-4d66-90ce-53d3cff56530_a (77).jpg',30),(97,'de2e70fe-e772-450e-a78c-3cdc212434d2_a (78).jpg',31),(98,'4ac50106-508c-4de5-8fbf-a5e9cc8e4fbb_a (79).jpg',31),(99,'9d68f4fa-baca-4996-b682-1d8960600e17_a (80).jpg',31),(100,'ae10ce69-4c30-47d3-870c-106b74a012bf_a (81).jpg',32),(101,'7587e436-523f-4a5a-a033-e16e28a36c77_a (82).jpg',32),(102,'f9fea4e8-6ecd-459b-96bf-1689a9f9cdba_a (83).jpg',32),(103,'471b4b07-54d7-4e6b-bde4-045c3a4b443f_a (84).jpg',33),(104,'fd8ecd95-0159-42c1-9a4d-1411e7b80822_a (85).jpg',33),(105,'4c021621-7b43-4391-9498-323267f3042c_a (86).jpg',33),(106,'6a57c7b0-0c58-47e7-b785-0292d1c7ccd0_a (87).jpg',34),(107,'492cfcfa-da6b-451b-9829-58708555539f_a (88).jpg',34),(108,'50d4f3f9-8017-4111-bf8b-2fc8694bfad3_a (89).jpg',34),(109,'216ef40b-b241-49b7-b8a5-ff9803277dec_a (90).jpg',35),(110,'5c9adb86-5fe6-4648-a05e-96ea66235bc3_a (91).jpg',35),(111,'c8876b72-4e40-404f-924c-aa91015f990f_a (92).jpg',35),(112,'021c163e-90d9-46a1-b85f-a0aa2baaeacb_a (93).jpg',36),(113,'ea843cc6-7a3e-4911-a55c-4e1af8cbdb08_a (94).jpg',36),(114,'13c05890-e613-4a92-ba74-3c5591883f73_a (95).jpg',36),(115,'66ff7275-3d4e-401c-ab3d-3cb232a84dd3_a (97).jpg',37),(116,'6f4eb866-85ac-4494-bd9b-f64efe987a6d_a (98).jpg',37),(117,'38daab19-1647-4309-acb8-1f173cb36da5_a (99).jpg',37),(118,'f0d27a28-ac33-46ad-bf26-6c1caf1785df_a (100).jpg',38),(119,'02535961-9e36-4651-b315-ad9a2ed5b0aa_a (101).jpg',38),(120,'5d3d6085-0986-42b1-95dd-59abc8834bda_a (102).jpg',38);
/*!40000 ALTER TABLE `product_images` ENABLE KEYS */;
UNLOCK TABLES;

--
-- Table structure for table `products`
--

DROP TABLE IF EXISTS `products`;
/*!40101 SET @saved_cs_client     = @@character_set_client */;
/*!50503 SET character_set_client = utf8mb4 */;
CREATE TABLE `products` (
  `id` bigint NOT NULL AUTO_INCREMENT,
  `created_at` datetime(6) DEFAULT NULL,
  `updated_at` datetime(6) DEFAULT NULL,
  `description` varchar(255) DEFAULT NULL,
  `name` varchar(350) NOT NULL,
  `price` int NOT NULL,
  `thumbnail` varchar(350) DEFAULT NULL,
  `category_id` bigint DEFAULT NULL,
  PRIMARY KEY (`id`),
  KEY `FKog2rp4qthbtt2lfyhfo32lsw9` (`category_id`),
  CONSTRAINT `FKog2rp4qthbtt2lfyhfo32lsw9` FOREIGN KEY (`category_id`) REFERENCES `categories` (`id`)
) ENGINE=InnoDB AUTO_INCREMENT=914 DEFAULT CHARSET=utf8mb4 COLLATE=utf8mb4_0900_ai_ci;
/*!40101 SET character_set_client = @saved_cs_client */;

--
-- Dumping data for table `products`
--

LOCK TABLES `products` WRITE;
/*!40000 ALTER TABLE `products` DISABLE KEYS */;
INSERT INTO `products` VALUES (1,'2024-09-30 11:08:33.061080','2024-09-30 11:08:33.061080','Voluptate fugit est optio hic excepturi.','Lightweight Granite Watch',7596,'484f54a9-6488-4d52-8c2f-44f5a0c5b372_a (1).jpeg',2),(2,'2024-09-30 11:08:33.102872','2024-09-30 11:08:33.102872','Doloribus incidunt earum quidem aperiam enim quo.','Rustic Paper Bench',133,'033328a1-fc85-4892-9b87-a0be33578631_a (2).jpeg',3),(3,'2024-09-30 11:08:33.112697','2024-09-30 11:08:33.112697','Ad illo beatae.','Sleek Bronze Computer',9067,'1d444a7d-039d-4d3b-82f4-9a74beebca6e_a (3).jpg',2),(4,'2024-09-30 11:08:33.119893','2024-09-30 11:08:33.119893','Odit dolorum cum fugiat voluptatum fugiat.','Gorgeous Cotton Computer',8090,'12518e10-17c8-4faf-a9c1-f4372b3b099d_a (4).jpg',3),(5,'2024-09-30 11:08:33.127627','2024-09-30 11:08:33.127627','Incidunt totam in libero quia.','Ergonomic Concrete Wallet',4664,'286c6386-44d0-4550-b9af-aa4fe2ea972a_a (5).jpg',2),(6,'2024-09-30 11:08:33.136147','2024-09-30 11:08:33.136147','Voluptatem molestias quia ab dolore.','Aerodynamic Plastic Shirt',7501,'5a4a6690-3dc9-43e8-b725-b14ea0ca9855_a (6).jpg',3),(7,'2024-09-30 11:08:33.143158','2024-09-30 11:08:33.143158','Et placeat ex.','Aerodynamic Aluminum Bottle',9754,'46335788-ccc7-40c1-bce1-2ccd66ffef71_a (9).jpg',2),(8,'2024-09-30 11:08:33.150611','2024-09-30 11:08:33.150611','Deleniti debitis velit earum eius.','Small Bronze Knife',3031,'3e16c00b-d846-47db-ad57-85e11a7d5a55_a (12).jpg',3),(9,'2024-09-30 11:08:33.158590','2024-09-30 11:08:33.158590','Rem quisquam eius consequuntur.','Mediocre Rubber Knife',903,'95efc91a-555e-4090-9f4f-9e558c0503f6_a (16).jpg',2),(10,'2024-09-30 11:08:33.166095','2024-09-30 11:08:33.166095','Expedita explicabo praesentium temporibus provident non.','Gorgeous Cotton Bag',3410,'008ead3d-d8b5-49c2-8e8d-15907711a75b_a (19).jpg',2),(11,'2024-09-30 11:08:33.182161','2024-09-30 11:08:33.182161','Sit vel qui et eum atque omnis vel.','Small Iron Table',3083,'b602758b-28b4-42ec-bb65-2428b22f10c2_a (22).jpg',3),(12,'2024-09-30 11:08:33.191657','2024-09-30 11:08:33.191657','Officia eum ipsam molestiae animi aut adipisci.','Synergistic Marble Watch',6176,'bf8a9855-5aea-4def-b7d7-aeebe4843d81_a (25).jpg',4),(13,'2024-09-30 11:08:33.199590','2024-09-30 11:08:33.200586','Eveniet sit natus dolor praesentium.','Fantastic Cotton Watch',4056,'7615a922-fa85-47a3-8c82-bb1e55ca6dcf_a (28).jpg',2),(14,'2024-09-30 11:08:33.208098','2024-09-30 11:08:33.208098','Incidunt vero aut.','Heavy Duty Rubber Car',9248,'f9cb4c37-d0bc-41c3-925e-a3d588caaf09_a (31).jpg',3),(15,'2024-09-30 11:08:33.215353','2024-09-30 11:08:33.215353','Omnis quo eos ducimus eum dolore.','Sleek Granite Knife',6231,'edbd9490-961d-4e3d-9e46-ddf2c7ea860f_a (34).jpg',3),(16,'2024-09-30 11:08:33.223565','2024-09-30 11:08:33.223565','Consequatur incidunt natus.','Synergistic Paper Clock',6915,'5c4f0050-ca5d-4ec6-bf93-9d1e8abbfe01_a (37).jpg',2),(17,'2024-09-30 11:08:33.230656','2024-09-30 11:08:33.230656','Ea doloribus dolores.','Gorgeous Aluminum Car',9324,'a8ad6228-dd03-4506-ae00-a3258b4c23e8_a (40).jpg',3),(18,'2024-09-30 11:08:33.238162','2024-09-30 11:08:33.238162','Praesentium repudiandae quos ullam quo nobis facilis.','Sleek Concrete Shoes',6882,'12fab40c-eddd-4daf-9913-50cb3db5fe62_a (43).jpg',3),(19,'2024-09-30 11:08:33.245481','2024-09-30 11:08:33.245481','Dignissimos ut inventore dolor fugit quas accusamus.','Aerodynamic Linen Chair',7282,'742c1fdc-cb57-44e1-93f3-544af05b8020_a (44).jpg',2),(20,'2024-09-30 11:08:33.253084','2024-09-30 11:08:33.253084','Doloribus odio nostrum quisquam.','Small Wool Bottle',8719,'3afcc824-a6af-4c6c-90e6-46aa8c33fc1f_a (47).jpg',4),(21,'2024-09-30 11:08:33.261090','2024-09-30 11:08:33.261090','Quo rerum est vel non.','Heavy Duty Wool Pants',5330,'a3fff2a6-0a17-4c9e-9b73-aeb039ba3fc9_a (50).jpg',3),(22,'2024-09-30 11:08:33.267993','2024-09-30 11:08:33.267993','Et sit eos laudantium dolores voluptatum enim.','Intelligent Aluminum Lamp',3382,'2dc16aa6-d53c-491e-9693-c01a4a6267cf_a (53).jpg',3),(23,'2024-09-30 11:08:33.276098','2024-09-30 11:08:33.276098','Ducimus quas fugiat nostrum expedita cumque laboriosam.','Incredible Plastic Gloves',6257,'29e83485-d2d8-493d-a172-934e2c00f93e_a (56).jpg',4),(24,'2024-09-30 11:08:33.282446','2024-09-30 11:08:33.282446','Quidem laborum molestias dolores enim rerum.','Rustic Bronze Gloves',5479,'0e09d559-e3b6-4d72-9878-de1926b4bcd5_a (59).jpg',3),(25,'2024-09-30 11:08:33.289713','2024-09-30 11:08:33.289713','Id soluta eaque ipsum.','Gorgeous Leather Chair',6670,'88fd56cb-da7f-46a5-9bfc-ea8e8bf77cb4_a (60).jpg',3),(26,'2024-09-30 11:08:33.296764','2024-09-30 11:08:33.296764','Distinctio sapiente itaque minima amet sed non.','Enormous Granite Table',379,'95a4ef0a-8d4a-4468-97a4-93391ccf94ce_a (63).jpg',2),(27,'2024-09-30 11:08:33.303960','2024-09-30 11:08:33.303960','Nihil quia ut blanditiis illum maiores dolore veritatis.','Ergonomic Concrete Bottle',1609,'45c39a7a-cb27-4c96-a19f-32d515cfc9fd_a (66).jpg',2),(28,'2024-09-30 11:08:33.310359','2024-09-30 11:08:33.310359','Modi iure atque et non dignissimos quas aliquid.','Aerodynamic Copper Car',4550,'4166dac4-dd06-4b01-8597-c4b5a8c3c4bb_a (69).jpg',2),(29,'2024-09-30 11:08:33.318412','2024-09-30 11:08:33.318412','Vitae atque corrupti id aut hic modi doloribus.','Heavy Duty Bronze Bench',301,'33aed82b-e8fd-460a-a920-1b468e189f55_a (74).jpg',3),(30,'2024-09-30 11:08:33.324406','2024-09-30 11:08:33.324406','Saepe iusto labore commodi sequi quia.','Awesome Paper Watch',4593,'0f9d800c-1c2c-4be1-bc1c-1e9df389f29f_a (75).jpg',3),(31,'2024-09-30 11:08:33.331471','2024-09-30 11:08:33.331471','Tempora numquam doloribus a aspernatur quaerat consequatur.','Ergonomic Steel Bottle',5129,'de2e70fe-e772-450e-a78c-3cdc212434d2_a (78).jpg',3),(32,'2024-09-30 11:08:33.338672','2024-09-30 11:08:33.338672','Dicta et impedit aut.','Small Granite Chair',5846,'ae10ce69-4c30-47d3-870c-106b74a012bf_a (81).jpg',2),(33,'2024-09-30 11:08:33.345705','2024-09-30 11:08:33.345705','Doloremque est est autem porro delectus.','Intelligent Plastic Chair',51,'471b4b07-54d7-4e6b-bde4-045c3a4b443f_a (84).jpg',3),(34,'2024-09-30 11:08:33.352638','2024-09-30 11:08:33.352638','Asperiores et blanditiis iure occaecati autem delectus eum.','Fantastic Cotton Computer',4665,'6a57c7b0-0c58-47e7-b785-0292d1c7ccd0_a (87).jpg',3),(35,'2024-09-30 11:08:33.359599','2024-09-30 11:08:33.359599','Aspernatur et molestias.','Enormous Aluminum Car',3266,'216ef40b-b241-49b7-b8a5-ff9803277dec_a (90).jpg',2),(36,'2024-09-30 11:08:33.369819','2024-09-30 11:08:33.369819','Error rerum assumenda.','Rustic Plastic Chair',4602,'021c163e-90d9-46a1-b85f-a0aa2baaeacb_a (93).jpg',4),(37,'2024-09-30 11:08:33.376606','2024-09-30 11:08:33.376606','Pariatur rem autem iste.','Enormous Wooden Wallet',6372,'66ff7275-3d4e-401c-ab3d-3cb232a84dd3_a (97).jpg',4),(38,'2024-09-30 11:08:33.384128','2024-09-30 11:08:33.385135','Rerum maiores soluta quia cupiditate.','Intelligent Silk Coat',3048,'f0d27a28-ac33-46ad-bf26-6c1caf1785df_a (100).jpg',3),(39,'2024-09-30 11:08:33.391136','2024-09-30 11:08:33.391136','Voluptatem vero est incidunt rerum.','Incredible Copper Table',4097,NULL,2),(40,'2024-09-30 11:08:33.398134','2024-09-30 11:08:33.398134','Ipsam eligendi officiis distinctio libero animi illo nemo.','Aerodynamic Concrete Watch',3454,NULL,3),(41,'2024-09-30 11:08:33.404060','2024-09-30 11:08:33.404060','Omnis saepe fuga.','Rustic Bronze Wallet',8968,NULL,2),(42,'2024-09-30 11:08:33.413141','2024-09-30 11:08:33.413141','Totam et omnis et accusantium.','Incredible Marble Pants',8981,NULL,3),(43,'2024-09-30 11:08:33.421652','2024-09-30 11:08:33.421652','Exercitationem asperiores eius laudantium impedit.','Synergistic Linen Bottle',3297,NULL,4),(44,'2024-09-30 11:08:33.429073','2024-09-30 11:08:33.429073','Aspernatur architecto beatae cum.','Gorgeous Rubber Plate',8991,NULL,2),(45,'2024-09-30 11:08:33.438959','2024-09-30 11:08:33.438959','Voluptates perspiciatis labore laudantium.','Practical Paper Clock',3029,NULL,2),(46,'2024-09-30 11:08:33.445816','2024-09-30 11:08:33.445816','Dolorum aut dolorum ducimus.','Mediocre Silk Pants',6071,NULL,3),(47,'2024-09-30 11:08:33.452822','2024-09-30 11:08:33.452822','Recusandae labore mollitia minus nihil.','Durable Iron Pants',9772,NULL,4),(48,'2024-09-30 11:08:33.459437','2024-09-30 11:08:33.460896','Sequi esse inventore rerum sit ratione aut sequi.','Ergonomic Aluminum Wallet',9762,NULL,3),(49,'2024-09-30 11:08:33.468803','2024-09-30 11:08:33.468803','Perferendis quibusdam autem deserunt explicabo molestias cupiditate.','Intelligent Leather Bench',3948,NULL,2),(50,'2024-09-30 11:08:33.475073','2024-09-30 11:08:33.475073','Omnis ipsa rem non non aliquid odit ut.','Lightweight Granite Plate',4819,NULL,3),(51,'2024-09-30 11:08:33.482169','2024-09-30 11:08:33.482169','Voluptas iusto aliquid dolores.','Fantastic Leather Car',4731,NULL,3),(52,'2024-09-30 11:08:33.491189','2024-09-30 11:08:33.491189','Exercitationem labore et at explicabo quod.','Durable Cotton Chair',299,NULL,3),(53,'2024-09-30 11:08:33.498330','2024-09-30 11:08:33.498330','Quisquam perspiciatis omnis.','Fantastic Iron Pants',5724,NULL,2),(54,'2024-09-30 11:08:33.505813','2024-09-30 11:08:33.505813','Ut veritatis quidem dolor iure neque.','Practical Plastic Shoes',6204,NULL,2),(55,'2024-09-30 11:08:33.513594','2024-09-30 11:08:33.513594','Quia voluptatem temporibus soluta magnam.','Small Marble Watch',7252,NULL,3),(56,'2024-09-30 11:08:33.520705','2024-09-30 11:08:33.520705','Magni culpa eum voluptas quaerat impedit voluptates deserunt.','Gorgeous Paper Lamp',3990,NULL,3),(57,'2024-09-30 11:08:33.527142','2024-09-30 11:08:33.527142','Sit impedit in ullam.','Aerodynamic Cotton Coat',5121,NULL,2),(58,'2024-09-30 11:08:33.535200','2024-09-30 11:08:33.535200','Natus incidunt ipsum nihil blanditiis beatae.','Fantastic Wooden Knife',2095,NULL,3),(59,'2024-09-30 11:08:33.541358','2024-09-30 11:08:33.541358','Nisi maiores cum hic cum nesciunt adipisci mollitia.','Intelligent Marble Wallet',8415,NULL,3),(60,'2024-09-30 11:08:33.549787','2024-09-30 11:08:33.549787','Veritatis voluptas doloribus voluptatem ea.','Sleek Leather Coat',7967,NULL,3),(61,'2024-09-30 11:08:33.557447','2024-09-30 11:08:33.557447','Tempore tempora totam quaerat incidunt explicabo.','Incredible Granite Bottle',4606,NULL,3),(62,'2024-09-30 11:08:33.564985','2024-09-30 11:08:33.564985','Iste sequi nostrum velit inventore autem.','Heavy Duty Iron Lamp',2247,NULL,4),(63,'2024-09-30 11:08:33.571377','2024-09-30 11:08:33.571377','Ut nesciunt fugit expedita.','Lightweight Steel Bag',876,NULL,3),(64,'2024-09-30 11:08:33.579087','2024-09-30 11:08:33.579087','Distinctio odit qui rerum amet et.','Mediocre Aluminum Computer',6795,NULL,4),(65,'2024-09-30 11:08:33.586890','2024-09-30 11:08:33.586890','Labore error occaecati eos qui autem et.','Practical Leather Car',614,NULL,3),(66,'2024-09-30 11:08:33.592448','2024-09-30 11:08:33.592448','Voluptatum ut magnam veritatis deleniti totam ratione.','Aerodynamic Linen Knife',1005,NULL,2),(67,'2024-09-30 11:08:33.598401','2024-09-30 11:08:33.598401','Et nemo culpa laudantium rerum.','Sleek Silk Hat',3121,NULL,3),(68,'2024-09-30 11:08:33.604283','2024-09-30 11:08:33.604283','Distinctio molestias amet ea veniam error.','Small Aluminum Watch',3462,NULL,2),(69,'2024-09-30 11:08:33.610427','2024-09-30 11:08:33.610427','Nihil repellat quis hic praesentium aliquid unde et.','Practical Silk Shirt',2064,NULL,4),(70,'2024-09-30 11:08:33.615978','2024-09-30 11:08:33.615978','Voluptates facere tenetur quisquam consequatur distinctio.','Incredible Wooden Watch',7123,NULL,2),(71,'2024-09-30 11:08:33.622220','2024-09-30 11:08:33.622220','Soluta cum vitae dolorum consequuntur in.','Heavy Duty Bronze Wallet',4231,NULL,3),(72,'2024-09-30 11:08:33.628998','2024-09-30 11:08:33.628998','Deleniti neque perspiciatis magnam architecto quibusdam.','Rustic Wooden Watch',3186,NULL,3),(73,'2024-09-30 11:08:33.635009','2024-09-30 11:08:33.635009','Sed et iusto cupiditate sunt provident.','Durable Leather Shoes',953,NULL,3),(74,'2024-09-30 11:08:33.639061','2024-09-30 11:08:33.639061','Ea culpa dolorem enim ab.','Lightweight Cotton Clock',1186,NULL,2),(75,'2024-09-30 11:08:33.645326','2024-09-30 11:08:33.646337','Sed consectetur consequatur blanditiis magnam nulla velit.','Practical Iron Bench',2504,NULL,3),(76,'2024-09-30 11:08:33.651583','2024-09-30 11:08:33.651583','Consequatur et error ab.','Enormous Paper Car',5205,NULL,2),(77,'2024-09-30 11:08:33.657782','2024-09-30 11:08:33.657782','Voluptatem ducimus sunt.','Ergonomic Paper Wallet',3021,NULL,3),(78,'2024-09-30 11:08:33.663254','2024-09-30 11:08:33.663254','Aut ducimus aperiam et nihil officiis quia.','Awesome Cotton Table',2411,NULL,3),(79,'2024-09-30 11:08:33.668398','2024-09-30 11:08:33.668398','Consequatur ad praesentium fugit illo.','Gorgeous Wooden Pants',5845,NULL,3),(80,'2024-09-30 11:08:33.674452','2024-09-30 11:08:33.674452','Dolores praesentium error consequatur quam architecto placeat ipsum.','Heavy Duty Marble Bench',9057,NULL,2),(81,'2024-09-30 11:08:33.680020','2024-09-30 11:08:33.680020','Consequatur molestiae dolor minima numquam quaerat.','Rustic Cotton Bottle',4885,NULL,2),(82,'2024-09-30 11:08:33.685807','2024-09-30 11:08:33.685807','Ducimus voluptatibus iste sint ratione tempore eum et.','Fantastic Silk Lamp',1999,NULL,3),(83,'2024-09-30 11:08:33.691673','2024-09-30 11:08:33.691673','Non aut quisquam occaecati.','Aerodynamic Linen Plate',8748,NULL,2),(84,'2024-09-30 11:08:33.701662','2024-09-30 11:08:33.701662','Excepturi cumque assumenda temporibus animi voluptas ut voluptates.','Sleek Steel Coat',7313,NULL,3),(85,'2024-09-30 11:08:33.707824','2024-09-30 11:08:33.707824','Est nulla fugiat recusandae maiores.','Gorgeous Leather Hat',1426,NULL,2),(86,'2024-09-30 11:08:33.714441','2024-09-30 11:08:33.714441','Vitae sed nisi consequatur.','Fantastic Linen Chair',4416,NULL,4),(87,'2024-09-30 11:08:33.721369','2024-09-30 11:08:33.721369','Ducimus et assumenda quis architecto amet dolores esse.','Enormous Rubber Shirt',1271,NULL,3),(88,'2024-09-30 11:08:33.726081','2024-09-30 11:08:33.726081','Qui sed autem deserunt.','Ergonomic Iron Shoes',4135,NULL,3),(89,'2024-09-30 11:08:33.731580','2024-09-30 11:08:33.731580','Nostrum hic est.','Ergonomic Silk Plate',4115,NULL,3),(90,'2024-09-30 11:08:33.738060','2024-09-30 11:08:33.738060','Perferendis minus autem modi reprehenderit animi.','Aerodynamic Wool Knife',4259,NULL,2),(91,'2024-09-30 11:08:33.743525','2024-09-30 11:08:33.743525','Et sed sit perspiciatis odit.','Rustic Wool Shoes',1327,NULL,3),(92,'2024-09-30 11:08:33.749772','2024-09-30 11:08:33.749772','Sunt quidem ipsum totam id dolore tempore quod.','Rustic Iron Watch',6049,NULL,2),(93,'2024-09-30 11:08:33.755600','2024-09-30 11:08:33.755600','Praesentium quam ut.','Intelligent Steel Keyboard',6033,NULL,4),(94,'2024-09-30 11:08:33.761931','2024-09-30 11:08:33.761931','Fugit dolorem fugiat sed.','Sleek Iron Plate',1832,NULL,2),(95,'2024-09-30 11:08:33.767828','2024-09-30 11:08:33.767828','Hic qui tempora.','Heavy Duty Marble Knife',8904,NULL,3),(96,'2024-09-30 11:08:33.773585','2024-09-30 11:08:33.773585','Qui tenetur provident quod aperiam aliquam enim.','Synergistic Copper Watch',8150,NULL,2),(97,'2024-09-30 11:08:33.780349','2024-09-30 11:08:33.780349','Veniam optio laborum vel ea saepe non.','Fantastic Marble Watch',5492,NULL,3),(98,'2024-09-30 11:08:33.788408','2024-09-30 11:08:33.788408','Dignissimos enim doloremque molestias non vel.','Lightweight Silk Car',420,NULL,3),(99,'2024-09-30 11:08:33.795432','2024-09-30 11:08:33.795432','Corporis repellendus doloribus sint amet sequi officiis.','Small Cotton Table',259,NULL,4),(100,'2024-09-30 11:08:33.803220','2024-09-30 11:08:33.803220','Exercitationem et quo asperiores quia corporis natus et.','Heavy Duty Leather Car',2032,NULL,3),(101,'2024-09-30 11:08:33.808891','2024-09-30 11:08:33.808891','Distinctio aut quam aperiam ut.','Rustic Bronze Plate',7837,NULL,2),(102,'2024-09-30 11:08:33.815760','2024-09-30 11:08:33.815760','Sunt facere velit.','Ergonomic Silk Watch',8011,NULL,2),(103,'2024-09-30 11:08:33.821158','2024-09-30 11:08:33.821158','Mollitia repellendus dolorem temporibus consequatur voluptates.','Synergistic Wooden Lamp',4312,NULL,4),(104,'2024-09-30 11:08:33.827274','2024-09-30 11:08:33.827274','Molestiae ut explicabo asperiores.','Gorgeous Concrete Table',345,NULL,2),(105,'2024-09-30 11:08:33.833779','2024-09-30 11:08:33.833779','Animi id animi qui quae iusto et.','Fantastic Plastic Shirt',7367,NULL,2),(106,'2024-09-30 11:08:33.839745','2024-09-30 11:08:33.839745','Ut velit quia aut quibusdam ut aspernatur inventore.','Awesome Iron Chair',2313,NULL,4),(107,'2024-09-30 11:08:33.846354','2024-09-30 11:08:33.846354','Quo deserunt voluptatum blanditiis.','Sleek Concrete Lamp',9453,NULL,3),(108,'2024-09-30 11:08:33.854605','2024-09-30 11:08:33.854605','Non expedita non.','Fantastic Iron Plate',947,NULL,2),(109,'2024-09-30 11:08:33.861863','2024-09-30 11:08:33.861863','Voluptas modi beatae fugit tempora tempora error.','Incredible Paper Clock',1536,NULL,3),(110,'2024-09-30 11:08:33.870595','2024-09-30 11:08:33.870595','At voluptatem vero repellat culpa corrupti.','Intelligent Cotton Chair',9234,NULL,3),(111,'2024-09-30 11:08:33.877469','2024-09-30 11:08:33.877469','Eos optio dolore.','Synergistic Linen Watch',4793,NULL,2),(112,'2024-09-30 11:08:33.883960','2024-09-30 11:08:33.883960','Molestiae velit minus et.','Practical Plastic Computer',4667,NULL,3),(113,'2024-09-30 11:08:33.890092','2024-09-30 11:08:33.890092','Maxime reprehenderit delectus dolorem aut.','Fantastic Silk Chair',4518,NULL,4),(114,'2024-09-30 11:08:33.896312','2024-09-30 11:08:33.896312','Similique nihil temporibus.','Incredible Paper Bottle',1020,NULL,2),(115,'2024-09-30 11:08:33.903010','2024-09-30 11:08:33.903010','Non quia dolores praesentium quis quae cum.','Practical Granite Gloves',2502,NULL,3),(116,'2024-09-30 11:08:33.908838','2024-09-30 11:08:33.908838','Qui ex ipsum qui placeat reprehenderit praesentium velit.','Sleek Steel Shirt',5942,NULL,3),(117,'2024-09-30 11:08:33.915764','2024-09-30 11:08:33.915764','Est provident quia amet blanditiis totam possimus.','Small Linen Bench',2122,NULL,3),(118,'2024-09-30 11:08:33.921065','2024-09-30 11:08:33.921065','Cupiditate vel dicta facere quam ipsum.','Gorgeous Paper Chair',2693,NULL,3),(119,'2024-09-30 11:08:33.927309','2024-09-30 11:08:33.927309','Nisi id dolorum.','Heavy Duty Plastic Clock',3708,NULL,3),(120,'2024-09-30 11:08:33.934204','2024-09-30 11:08:33.934204','Alias consequuntur voluptas aut beatae.','Gorgeous Silk Clock',8327,NULL,3),(121,'2024-09-30 11:08:33.940208','2024-09-30 11:08:33.940208','Aperiam occaecati quibusdam.','Sleek Iron Shoes',3138,NULL,3),(122,'2024-09-30 11:08:33.947030','2024-09-30 11:08:33.947030','Eveniet facere qui quos et unde fugit qui.','Aerodynamic Copper Watch',1962,NULL,2),(123,'2024-09-30 11:08:33.954517','2024-09-30 11:08:33.954517','Quod enim nihil.','Gorgeous Marble Lamp',2802,NULL,4),(124,'2024-09-30 11:08:33.962194','2024-09-30 11:08:33.962194','Quidem minima fugiat beatae deserunt saepe reiciendis.','Heavy Duty Rubber Pants',7301,NULL,2),(125,'2024-09-30 11:08:33.969769','2024-09-30 11:08:33.969769','Nihil sunt nemo ut delectus.','Synergistic Cotton Clock',2391,NULL,3),(126,'2024-09-30 11:08:33.975310','2024-09-30 11:08:33.975310','Magnam incidunt est possimus labore aut.','Incredible Marble Shirt',971,NULL,3),(127,'2024-09-30 11:08:33.985222','2024-09-30 11:08:33.985222','Voluptatibus aut et qui magnam debitis id.','Gorgeous Rubber Clock',1504,NULL,3),(128,'2024-09-30 11:08:33.995018','2024-09-30 11:08:33.995018','Nostrum et et recusandae.','Rustic Plastic Knife',3271,NULL,2),(129,'2024-09-30 11:08:34.005734','2024-09-30 11:08:34.005734','Cum ea sapiente veritatis qui.','Ergonomic Aluminum Car',9882,NULL,3),(130,'2024-09-30 11:08:34.013138','2024-09-30 11:08:34.013138','Doloremque atque adipisci.','Rustic Rubber Computer',6337,NULL,4),(131,'2024-09-30 11:08:34.021162','2024-09-30 11:08:34.021162','Reprehenderit incidunt corporis aut pariatur.','Aerodynamic Paper Plate',1259,NULL,2),(132,'2024-09-30 11:08:34.027346','2024-09-30 11:08:34.027346','Nulla debitis est est eum fuga omnis.','Intelligent Wool Car',3572,NULL,2),(133,'2024-09-30 11:08:34.035199','2024-09-30 11:08:34.035199','Minima sint minus hic sapiente eaque.','Lightweight Cotton Bench',5674,NULL,2),(134,'2024-09-30 11:08:34.040728','2024-09-30 11:08:34.040728','Quia quia sit natus perspiciatis fuga quas.','Aerodynamic Paper Table',6275,NULL,3),(135,'2024-09-30 11:08:34.047778','2024-09-30 11:08:34.047778','Excepturi quo aut distinctio voluptatibus consequuntur odio.','Rustic Bronze Table',8182,NULL,2),(136,'2024-09-30 11:08:34.054786','2024-09-30 11:08:34.054786','Officia totam saepe qui.','Incredible Silk Gloves',9102,NULL,3),(137,'2024-09-30 11:08:34.060947','2024-09-30 11:08:34.060947','Nisi expedita modi enim.','Durable Granite Knife',7268,NULL,3),(138,'2024-09-30 11:08:34.069282','2024-09-30 11:08:34.069282','Illo quisquam quae voluptas et iusto tempora.','Durable Iron Clock',1961,NULL,3),(139,'2024-09-30 11:08:34.075285','2024-09-30 11:08:34.075285','Et neque veniam blanditiis.','Fantastic Plastic Wallet',684,NULL,3),(140,'2024-09-30 11:08:34.081775','2024-09-30 11:08:34.081775','Aut sit omnis eaque harum provident est ut.','Small Linen Knife',4793,NULL,3),(141,'2024-09-30 11:08:34.088854','2024-09-30 11:08:34.088854','Aut sequi deserunt blanditiis.','Ergonomic Wooden Table',9014,NULL,4),(142,'2024-09-30 11:08:34.096387','2024-09-30 11:08:34.096387','Voluptas iusto sint consequatur consequatur quia molestiae.','Awesome Bronze Pants',2597,NULL,4),(143,'2024-09-30 11:08:34.103318','2024-09-30 11:08:34.103318','Consectetur sint sit necessitatibus officiis.','Aerodynamic Cotton Watch',5094,NULL,3),(144,'2024-09-30 11:08:34.109850','2024-09-30 11:08:34.109850','Eveniet animi voluptas.','Synergistic Linen Plate',8487,NULL,4),(145,'2024-09-30 11:08:34.117763','2024-09-30 11:08:34.117763','Aliquam facere qui.','Ergonomic Marble Bench',5966,NULL,3),(146,'2024-09-30 11:08:34.126968','2024-09-30 11:08:34.126968','Dolores rerum ab ipsa minima earum.','Rustic Wool Computer',2462,NULL,4),(147,'2024-09-30 11:08:34.134558','2024-09-30 11:08:34.134558','Ab iste qui ex dolorum.','Awesome Granite Watch',9367,NULL,4),(148,'2024-09-30 11:08:34.140672','2024-09-30 11:08:34.140672','Consequatur qui ab officia et nisi nihil dignissimos.','Incredible Silk Wallet',7073,NULL,3),(149,'2024-09-30 11:08:34.147773','2024-09-30 11:08:34.147773','Ea id qui quis non eligendi ea illum.','Practical Paper Watch',6645,NULL,4),(150,'2024-09-30 11:08:34.154251','2024-09-30 11:08:34.154251','Magnam iure eum quia veritatis.','Enormous Marble Wallet',7849,NULL,2),(151,'2024-09-30 11:08:34.159577','2024-09-30 11:08:34.159577','Hic consequuntur sed maiores eaque soluta eum qui.','Heavy Duty Bronze Shoes',823,NULL,3),(152,'2024-09-30 11:08:34.166352','2024-09-30 11:08:34.166352','Quia et rerum.','Rustic Linen Pants',5639,NULL,3),(153,'2024-09-30 11:08:34.172192','2024-09-30 11:08:34.172192','Voluptate eos occaecati aut aut non sed praesentium.','Heavy Duty Granite Clock',1722,NULL,4),(154,'2024-09-30 11:08:34.179202','2024-09-30 11:08:34.179202','Ullam quos qui qui.','Practical Marble Bottle',7479,NULL,2),(155,'2024-09-30 11:08:34.186953','2024-09-30 11:08:34.186953','Sit ab architecto atque temporibus maxime.','Durable Marble Lamp',2204,NULL,2),(156,'2024-09-30 11:08:34.193706','2024-09-30 11:08:34.193706','Placeat et voluptatibus enim qui.','Sleek Plastic Knife',7548,NULL,3),(157,'2024-09-30 11:08:34.202989','2024-09-30 11:08:34.202989','Sunt iusto autem tenetur eaque quo voluptatum.','Mediocre Granite Shoes',6676,NULL,3),(158,'2024-09-30 11:08:34.209390','2024-09-30 11:08:34.209390','Veritatis laborum quis facilis.','Mediocre Cotton Gloves',4274,NULL,3),(159,'2024-09-30 11:08:34.215868','2024-09-30 11:08:34.215868','Quae dolores quae saepe.','Rustic Plastic Bench',4349,NULL,4),(160,'2024-09-30 11:08:34.222749','2024-09-30 11:08:34.222749','Voluptates quis fuga enim rerum error.','Incredible Wooden Chair',6602,NULL,3),(161,'2024-09-30 11:08:34.226496','2024-09-30 11:08:34.226496','Inventore vel distinctio qui quaerat odit libero aspernatur.','Rustic Wool Bench',6450,NULL,3),(162,'2024-09-30 11:08:34.233183','2024-09-30 11:08:34.233183','At deserunt et.','Mediocre Linen Shoes',3208,NULL,3),(163,'2024-09-30 11:08:34.237966','2024-09-30 11:08:34.237966','Voluptatem harum dolor culpa dolores.','Durable Paper Clock',4233,NULL,2),(164,'2024-09-30 11:08:34.242380','2024-09-30 11:08:34.242380','Dolores asperiores fugiat ullam ut sed.','Intelligent Plastic Keyboard',7995,NULL,4),(165,'2024-09-30 11:08:34.248608','2024-09-30 11:08:34.248608','Et aperiam et provident in voluptas ea.','Lightweight Rubber Coat',8351,NULL,4),(166,'2024-09-30 11:08:34.252608','2024-09-30 11:08:34.252608','Voluptates voluptas ut tempore quia.','Gorgeous Granite Clock',6948,NULL,3),(167,'2024-09-30 11:08:34.258906','2024-09-30 11:08:34.258906','Quibusdam dolorem dolores.','Mediocre Cotton Computer',2768,NULL,3),(168,'2024-09-30 11:08:34.264226','2024-09-30 11:08:34.264226','Voluptatem et voluptates corporis.','Synergistic Steel Bag',4413,NULL,2),(169,'2024-09-30 11:08:34.270261','2024-09-30 11:08:34.270261','Dolorem numquam tempora autem.','Sleek Aluminum Pants',7474,NULL,3),(170,'2024-09-30 11:08:34.275734','2024-09-30 11:08:34.275734','Officia ipsum quia ut.','Incredible Iron Bench',6836,NULL,2),(171,'2024-09-30 11:08:34.281006','2024-09-30 11:08:34.281006','Mollitia quidem qui qui sunt asperiores veniam.','Intelligent Copper Chair',2882,NULL,3),(172,'2024-09-30 11:08:34.286092','2024-09-30 11:08:34.286092','Vel omnis quisquam qui aut ut.','Sleek Iron Pants',4484,NULL,4),(173,'2024-09-30 11:08:34.291327','2024-09-30 11:08:34.291327','Omnis non aut ipsa enim repellendus suscipit eius.','Mediocre Concrete Plate',6000,NULL,3),(174,'2024-09-30 11:08:34.297860','2024-09-30 11:08:34.297860','Eius accusamus dignissimos.','Small Leather Chair',6016,NULL,3),(175,'2024-09-30 11:08:34.303069','2024-09-30 11:08:34.303069','Voluptatum delectus distinctio in harum.','Ergonomic Plastic Keyboard',44,NULL,2),(176,'2024-09-30 11:08:34.308733','2024-09-30 11:08:34.308733','Voluptas dolorem sunt ex vitae.','Intelligent Linen Bottle',6697,NULL,3),(177,'2024-09-30 11:08:34.313401','2024-09-30 11:08:34.313401','Eum ut porro eos iusto suscipit.','Practical Copper Clock',1859,NULL,3),(178,'2024-09-30 11:08:34.319410','2024-09-30 11:08:34.319410','Cupiditate et laboriosam consequuntur laborum molestiae.','Intelligent Marble Clock',8751,NULL,2),(179,'2024-09-30 11:08:34.324919','2024-09-30 11:08:34.324919','Atque est quia possimus accusamus voluptatem nesciunt.','Intelligent Marble Knife',7963,NULL,3),(180,'2024-09-30 11:08:34.329920','2024-09-30 11:08:34.329920','Doloribus adipisci laborum facere quia.','Gorgeous Plastic Shoes',3990,NULL,4),(181,'2024-09-30 11:08:34.336135','2024-09-30 11:08:34.336135','Est ipsum optio iusto.','Incredible Wooden Plate',2853,NULL,4),(182,'2024-09-30 11:08:34.341479','2024-09-30 11:08:34.341479','Laboriosam quis est.','Aerodynamic Silk Gloves',1716,NULL,3),(183,'2024-09-30 11:08:34.348357','2024-09-30 11:08:34.348357','Nostrum atque aut placeat sint voluptatem nihil debitis.','Ergonomic Linen Lamp',5694,NULL,3),(184,'2024-09-30 11:08:34.354218','2024-09-30 11:08:34.354218','Quae architecto doloremque reiciendis ab est eaque.','Ergonomic Steel Knife',4088,NULL,3),(185,'2024-09-30 11:08:34.360339','2024-09-30 11:08:34.360339','Est in consequuntur molestiae omnis sit quo officiis.','Incredible Rubber Shoes',9399,NULL,3),(186,'2024-09-30 11:08:34.367768','2024-09-30 11:08:34.367768','Accusamus ut suscipit iure voluptas.','Intelligent Bronze Coat',5411,NULL,4),(187,'2024-09-30 11:08:34.373413','2024-09-30 11:08:34.373413','Rerum provident nemo delectus et laboriosam.','Fantastic Bronze Coat',4859,NULL,3),(188,'2024-09-30 11:08:34.378997','2024-09-30 11:08:34.378997','Quos saepe fuga libero in non at.','Fantastic Leather Bottle',6035,NULL,3),(189,'2024-09-30 11:08:34.384790','2024-09-30 11:08:34.384790','Deleniti expedita cumque.','Mediocre Bronze Keyboard',6574,NULL,2),(190,'2024-09-30 11:08:34.390263','2024-09-30 11:08:34.390263','Ipsum quam officia velit incidunt libero.','Practical Copper Shoes',1319,NULL,3),(191,'2024-09-30 11:08:34.396608','2024-09-30 11:08:34.396608','Modi mollitia et quia.','Awesome Silk Coat',9577,NULL,2),(192,'2024-09-30 11:08:34.404277','2024-09-30 11:08:34.404277','Et omnis non non sed.','Gorgeous Bronze Lamp',684,NULL,3),(193,'2024-09-30 11:08:34.411045','2024-09-30 11:08:34.411045','Et possimus iusto reprehenderit est dignissimos.','Aerodynamic Wooden Shirt',9733,NULL,3),(194,'2024-09-30 11:08:34.419715','2024-09-30 11:08:34.419715','Corrupti molestiae corporis odit soluta quisquam.','Fantastic Plastic Keyboard',3020,NULL,3),(195,'2024-09-30 11:08:34.424936','2024-09-30 11:08:34.424936','Facere quidem non dolorem sit dolor perspiciatis.','Durable Leather Computer',7238,NULL,3),(196,'2024-09-30 11:08:34.431293','2024-09-30 11:08:34.431293','Aperiam iure ea veritatis et occaecati ipsum.','Incredible Concrete Clock',5405,NULL,2),(197,'2024-09-30 11:08:34.437299','2024-09-30 11:08:34.437299','Rem eos velit dolorem sed doloribus vitae.','Mediocre Iron Shirt',6803,NULL,3),(198,'2024-09-30 11:08:34.443930','2024-09-30 11:08:34.443930','Necessitatibus et non alias tenetur suscipit vel.','Awesome Cotton Shirt',3538,NULL,4),(199,'2024-09-30 11:08:34.451005','2024-09-30 11:08:34.451005','Ipsa placeat in necessitatibus at odit ut et.','Sleek Rubber Bench',322,NULL,3),(200,'2024-09-30 11:08:34.456000','2024-09-30 11:08:34.457003','At quasi odit optio et.','Heavy Duty Wooden Shoes',6336,NULL,3),(201,'2024-09-30 11:08:34.463186','2024-09-30 11:08:34.463186','Nobis laborum quibusdam eligendi dicta.','Awesome Aluminum Plate',7659,NULL,2),(202,'2024-09-30 11:08:34.469263','2024-09-30 11:08:34.469263','Et expedita voluptatem excepturi dolorem dignissimos.','Intelligent Copper Table',4456,NULL,4),(203,'2024-09-30 11:08:34.475261','2024-09-30 11:08:34.475261','Quam architecto eum commodi est praesentium.','Aerodynamic Paper Lamp',7848,NULL,3),(204,'2024-09-30 11:08:34.481613','2024-09-30 11:08:34.481613','Enim optio sapiente.','Intelligent Rubber Gloves',6179,NULL,3),(205,'2024-09-30 11:08:34.487868','2024-09-30 11:08:34.487868','Ducimus velit quas.','Fantastic Plastic Chair',6044,NULL,4),(206,'2024-09-30 11:08:34.492988','2024-09-30 11:08:34.492988','Et rem autem dolorem minima.','Incredible Iron Gloves',6584,NULL,3),(207,'2024-09-30 11:08:34.498747','2024-09-30 11:08:34.498747','Eaque non recusandae.','Mediocre Linen Clock',270,NULL,3),(208,'2024-09-30 11:08:34.505487','2024-09-30 11:08:34.505487','Corporis magni ab in sed dolor cupiditate voluptas.','Lightweight Iron Table',6361,NULL,3),(209,'2024-09-30 11:08:34.511541','2024-09-30 11:08:34.511541','Voluptas a et dolor id.','Small Plastic Gloves',3222,NULL,3),(210,'2024-09-30 11:08:34.519256','2024-09-30 11:08:34.519256','Magni excepturi sit sed dicta.','Small Iron Car',5855,NULL,3),(211,'2024-09-30 11:08:34.525416','2024-09-30 11:08:34.525416','Aut consequatur debitis iusto aliquam et.','Small Iron Coat',3883,NULL,3),(212,'2024-09-30 11:08:34.532881','2024-09-30 11:08:34.532881','Eos quia iste.','Ergonomic Iron Wallet',6592,NULL,2),(213,'2024-09-30 11:08:34.539952','2024-09-30 11:08:34.539952','Corporis amet suscipit eaque repellat quo amet.','Rustic Rubber Pants',1381,NULL,2),(214,'2024-09-30 11:08:34.545461','2024-09-30 11:08:34.545461','Nobis aperiam eligendi.','Gorgeous Wooden Bottle',2628,NULL,4),(215,'2024-09-30 11:08:34.552276','2024-09-30 11:08:34.552276','Nulla ipsum sunt.','Small Bronze Hat',7672,NULL,3),(216,'2024-09-30 11:08:34.559198','2024-09-30 11:08:34.559198','Magnam sapiente repellendus ut pariatur dolorum esse.','Awesome Paper Bench',7296,NULL,2),(217,'2024-09-30 11:08:34.575017','2024-09-30 11:08:34.575017','Expedita a et suscipit adipisci.','Aerodynamic Bronze Lamp',8336,NULL,2),(218,'2024-09-30 11:08:34.580848','2024-09-30 11:08:34.580848','Omnis sed expedita a voluptatem error et.','Practical Aluminum Knife',5273,NULL,3),(219,'2024-09-30 11:08:34.587821','2024-09-30 11:08:34.587821','Itaque esse nulla.','Small Aluminum Computer',3784,NULL,3),(220,'2024-09-30 11:08:34.593444','2024-09-30 11:08:34.593444','Consequatur eligendi et perferendis ut animi tempora.','Heavy Duty Marble Shirt',8261,NULL,3),(221,'2024-09-30 11:08:34.600047','2024-09-30 11:08:34.600047','Facere aut cumque illo molestiae vero fugit.','Synergistic Rubber Clock',5546,NULL,2),(222,'2024-09-30 11:08:34.606579','2024-09-30 11:08:34.606579','Accusamus quaerat et assumenda fugiat blanditiis quod.','Enormous Concrete Chair',9749,NULL,2),(223,'2024-09-30 11:08:34.617915','2024-09-30 11:08:34.617915','Optio adipisci non.','Synergistic Steel Shoes',2992,NULL,3),(224,'2024-09-30 11:08:34.623929','2024-09-30 11:08:34.623929','Cupiditate voluptatem ducimus delectus velit voluptas.','Heavy Duty Linen Bottle',6359,NULL,3),(225,'2024-09-30 11:08:34.629916','2024-09-30 11:08:34.629916','Alias nihil reiciendis consequatur mollitia eum.','Small Linen Table',631,NULL,3),(226,'2024-09-30 11:08:34.636680','2024-09-30 11:08:34.636680','Beatae commodi rerum non sunt tempora.','Heavy Duty Paper Shoes',244,NULL,3),(227,'2024-09-30 11:08:34.641608','2024-09-30 11:08:34.641608','Veritatis saepe repellendus iste.','Incredible Marble Hat',584,NULL,4),(228,'2024-09-30 11:08:34.647514','2024-09-30 11:08:34.647514','Et laborum fugiat fugiat aut quis nulla.','Durable Plastic Plate',4286,NULL,2),(229,'2024-09-30 11:08:34.654135','2024-09-30 11:08:34.654135','Aut debitis nesciunt at voluptas.','Incredible Silk Bottle',8283,NULL,3),(230,'2024-09-30 11:08:34.659711','2024-09-30 11:08:34.659711','Quasi dolorum est.','Mediocre Concrete Chair',7093,NULL,3),(231,'2024-09-30 11:08:34.665872','2024-09-30 11:08:34.665872','Rerum ut consectetur.','Heavy Duty Granite Pants',5971,NULL,3),(232,'2024-09-30 11:08:34.671352','2024-09-30 11:08:34.671352','Et numquam laudantium eligendi quo eum.','Practical Iron Coat',5731,NULL,2),(233,'2024-09-30 11:08:34.676737','2024-09-30 11:08:34.676737','Explicabo nulla perspiciatis sequi sunt.','Ergonomic Silk Lamp',9357,NULL,2),(234,'2024-09-30 11:08:34.683067','2024-09-30 11:08:34.683067','Magni qui cupiditate autem delectus consequatur.','Ergonomic Linen Keyboard',8347,NULL,3),(235,'2024-09-30 11:08:34.689204','2024-09-30 11:08:34.689204','Voluptatem dolorem qui.','Ergonomic Copper Keyboard',7965,NULL,3),(236,'2024-09-30 11:08:34.693434','2024-09-30 11:08:34.693434','Quos maiores quod placeat fugit tempore.','Mediocre Marble Computer',9654,NULL,2),(237,'2024-09-30 11:08:34.698551','2024-09-30 11:08:34.698551','Officia est provident.','Small Rubber Plate',3834,NULL,3),(238,'2024-09-30 11:08:34.703687','2024-09-30 11:08:34.703687','Dolore error explicabo distinctio voluptatem sed.','Durable Aluminum Keyboard',7439,NULL,4),(239,'2024-09-30 11:08:34.708264','2024-09-30 11:08:34.708264','Et cupiditate sunt et adipisci voluptatem non.','Fantastic Copper Clock',8284,NULL,3),(240,'2024-09-30 11:08:34.714093','2024-09-30 11:08:34.714093','Recusandae omnis provident soluta exercitationem sit aut.','Mediocre Copper Plate',2448,NULL,3),(241,'2024-09-30 11:08:34.719999','2024-09-30 11:08:34.719999','Molestias ipsam tempora nobis blanditiis omnis.','Fantastic Marble Computer',618,NULL,3),(242,'2024-09-30 11:08:34.725171','2024-09-30 11:08:34.725171','Vel et sit non error qui.','Lightweight Linen Hat',8501,NULL,2),(243,'2024-09-30 11:08:34.730531','2024-09-30 11:08:34.730531','Et eos dolores.','Mediocre Wool Clock',1857,NULL,4),(244,'2024-09-30 11:08:34.739423','2024-09-30 11:08:34.739423','Autem nulla totam voluptate totam ut sint in.','Small Linen Keyboard',3605,NULL,3),(245,'2024-09-30 11:08:34.744627','2024-09-30 11:08:34.744627','Suscipit repellendus maiores.','Small Marble Shirt',5088,NULL,3),(246,'2024-09-30 11:08:34.751304','2024-09-30 11:08:34.751304','Exercitationem culpa velit reprehenderit vero non magnam sunt.','Practical Marble Hat',8792,NULL,3),(247,'2024-09-30 11:08:34.756858','2024-09-30 11:08:34.756858','Ab rerum alias nesciunt tempore necessitatibus cum eos.','Synergistic Linen Clock',3405,NULL,3),(248,'2024-09-30 11:08:34.762894','2024-09-30 11:08:34.762894','Praesentium unde consequatur consequatur sit.','Incredible Leather Chair',8929,NULL,3),(249,'2024-09-30 11:08:34.768460','2024-09-30 11:08:34.768460','Neque id ut ut reprehenderit repellendus sit placeat.','Synergistic Marble Shoes',7913,NULL,3),(250,'2024-09-30 11:08:34.773497','2024-09-30 11:08:34.773497','Enim facilis impedit nulla dolore voluptas qui facilis.','Fantastic Silk Keyboard',9412,NULL,2),(251,'2024-09-30 11:08:34.780005','2024-09-30 11:08:34.780005','Laudantium aut maiores dicta nam veniam.','Fantastic Concrete Bench',5755,NULL,2),(252,'2024-09-30 11:08:34.786011','2024-09-30 11:08:34.786011','Impedit mollitia consequatur laboriosam qui facere aut qui.','Awesome Steel Bag',4739,NULL,2),(253,'2024-09-30 11:08:34.789995','2024-09-30 11:08:34.789995','Molestiae nesciunt exercitationem.','Enormous Linen Computer',3717,NULL,3),(254,'2024-09-30 11:08:34.796898','2024-09-30 11:08:34.796898','Sit in omnis facilis et quisquam.','Heavy Duty Leather Hat',4409,NULL,3),(255,'2024-09-30 11:08:34.803037','2024-09-30 11:08:34.803037','Voluptatem voluptatem corrupti quia eum labore blanditiis.','Fantastic Marble Keyboard',7295,NULL,3),(256,'2024-09-30 11:08:34.808702','2024-09-30 11:08:34.808702','Commodi enim et.','Heavy Duty Wool Bag',9421,NULL,4),(257,'2024-09-30 11:08:34.814829','2024-09-30 11:08:34.814829','Et quam iste quos sint aut.','Awesome Wool Gloves',8564,NULL,2),(258,'2024-09-30 11:08:34.820414','2024-09-30 11:08:34.820414','Officia veritatis eius eius.','Synergistic Concrete Plate',5688,NULL,3),(259,'2024-09-30 11:08:34.825451','2024-09-30 11:08:34.825451','Et est ut nihil exercitationem.','Intelligent Linen Coat',8591,NULL,3),(260,'2024-09-30 11:08:34.832642','2024-09-30 11:08:34.832642','Tempora aliquam placeat architecto repellendus ipsa.','Enormous Bronze Keyboard',9177,NULL,3),(261,'2024-09-30 11:08:34.838916','2024-09-30 11:08:34.838916','Reiciendis est aperiam impedit.','Synergistic Steel Lamp',6382,NULL,4),(262,'2024-09-30 11:08:34.845525','2024-09-30 11:08:34.845525','Aut adipisci id porro amet expedita.','Fantastic Iron Chair',5171,NULL,2),(263,'2024-09-30 11:08:34.851535','2024-09-30 11:08:34.851535','Asperiores aut et dolores consectetur incidunt provident aut.','Fantastic Granite Hat',6695,NULL,4),(264,'2024-09-30 11:08:34.856923','2024-09-30 11:08:34.856923','Eum eligendi quae omnis voluptatibus.','Aerodynamic Cotton Pants',4711,NULL,3),(265,'2024-09-30 11:08:34.863150','2024-09-30 11:08:34.863150','Voluptas fugiat placeat itaque quia et hic.','Aerodynamic Aluminum Table',4878,NULL,2),(266,'2024-09-30 11:08:34.869149','2024-09-30 11:08:34.869149','Veritatis incidunt pariatur quaerat exercitationem ex accusamus.','Intelligent Marble Bench',6965,NULL,3),(267,'2024-09-30 11:08:34.873340','2024-09-30 11:08:34.873340','Ad aut dignissimos ipsam ducimus sed.','Lightweight Paper Knife',6755,NULL,2),(268,'2024-09-30 11:08:34.879961','2024-09-30 11:08:34.879961','Quo aut ratione necessitatibus itaque sed.','Enormous Aluminum Hat',1434,NULL,2),(269,'2024-09-30 11:08:34.887991','2024-09-30 11:08:34.887991','Blanditiis itaque architecto iste dolorum expedita.','Fantastic Steel Bottle',7701,NULL,3),(270,'2024-09-30 11:08:34.893858','2024-09-30 11:08:34.893858','Accusamus consequatur et accusantium ut.','Durable Rubber Coat',7666,NULL,3),(271,'2024-09-30 11:08:34.898947','2024-09-30 11:08:34.898947','Culpa commodi ducimus tenetur.','Intelligent Leather Shoes',2999,NULL,3),(272,'2024-09-30 11:08:34.906047','2024-09-30 11:08:34.906047','Voluptas sint possimus voluptatum vel et modi nam.','Durable Granite Table',6328,NULL,3),(273,'2024-09-30 11:08:34.911798','2024-09-30 11:08:34.911798','Maiores officia voluptas qui blanditiis voluptate.','Sleek Iron Wallet',5121,NULL,2),(274,'2024-09-30 11:08:34.920661','2024-09-30 11:08:34.920661','Tenetur qui ex velit.','Enormous Concrete Shirt',7338,NULL,4),(275,'2024-09-30 11:08:34.927025','2024-09-30 11:08:34.927025','Soluta dolor quis.','Heavy Duty Steel Clock',4008,NULL,3),(276,'2024-09-30 11:08:34.933281','2024-09-30 11:08:34.933281','Et at et dolores fugit dolorem quasi molestiae.','Sleek Plastic Gloves',8080,NULL,4),(277,'2024-09-30 11:08:34.939284','2024-09-30 11:08:34.939284','Maiores et voluptas aut.','Durable Marble Bench',4469,NULL,2),(278,'2024-09-30 11:08:34.944612','2024-09-30 11:08:34.944612','Et iusto deserunt.','Synergistic Copper Lamp',1047,NULL,3),(279,'2024-09-30 11:08:34.951832','2024-09-30 11:08:34.951832','Adipisci qui voluptatem eius nihil consequatur libero.','Synergistic Linen Shirt',8136,NULL,3),(280,'2024-09-30 11:08:34.958208','2024-09-30 11:08:34.958208','Dolores vero deserunt sapiente iusto et doloremque.','Practical Paper Lamp',7573,NULL,2),(281,'2024-09-30 11:08:34.963241','2024-09-30 11:08:34.963241','Beatae magnam sit quo expedita et sed dolores.','Durable Wooden Clock',4588,NULL,3),(282,'2024-09-30 11:08:34.970380','2024-09-30 11:08:34.970380','Voluptatem facilis quia id possimus non.','Sleek Rubber Bag',3262,NULL,3),(283,'2024-09-30 11:08:34.976380','2024-09-30 11:08:34.976380','Officiis et cum eos commodi rerum.','Sleek Iron Gloves',9796,NULL,4),(284,'2024-09-30 11:08:34.983377','2024-09-30 11:08:34.983377','Ipsam nihil voluptas voluptate harum quod ex.','Sleek Granite Shirt',1384,NULL,3),(285,'2024-09-30 11:08:34.989605','2024-09-30 11:08:34.989605','Voluptas aspernatur adipisci et quos eius natus libero.','Awesome Silk Bench',8811,NULL,4),(286,'2024-09-30 11:08:34.994391','2024-09-30 11:08:34.994391','Ipsum tempora nobis.','Practical Steel Plate',1539,NULL,2),(287,'2024-09-30 11:08:35.000395','2024-09-30 11:08:35.000395','Et rerum perspiciatis voluptas et aut qui a.','Synergistic Copper Knife',5588,NULL,2),(288,'2024-09-30 11:08:35.005195','2024-09-30 11:08:35.005195','Voluptatibus distinctio vel voluptatum veniam modi qui.','Heavy Duty Concrete Coat',5345,NULL,3),(289,'2024-09-30 11:08:35.011470','2024-09-30 11:08:35.011470','Qui voluptatem culpa non eveniet.','Practical Silk Shoes',2950,NULL,2),(290,'2024-09-30 11:08:35.017296','2024-09-30 11:08:35.017296','Blanditiis molestiae nam illum veritatis repellat.','Sleek Concrete Gloves',4612,NULL,3),(291,'2024-09-30 11:08:35.022055','2024-09-30 11:08:35.022055','Repellendus qui quos sed quia id qui hic.','Heavy Duty Bronze Hat',4177,NULL,2),(292,'2024-09-30 11:08:35.027055','2024-09-30 11:08:35.027055','Suscipit voluptatem et.','Mediocre Wool Knife',4145,NULL,3),(293,'2024-09-30 11:08:35.032177','2024-09-30 11:08:35.032177','Ipsam quasi nisi dolor cupiditate voluptate.','Sleek Marble Coat',4195,NULL,4),(294,'2024-09-30 11:08:35.037175','2024-09-30 11:08:35.037175','Voluptatum enim et distinctio.','Small Linen Shirt',8966,NULL,3),(295,'2024-09-30 11:08:35.042282','2024-09-30 11:08:35.042282','Aperiam non neque.','Gorgeous Steel Bottle',9564,NULL,3),(296,'2024-09-30 11:08:35.047423','2024-09-30 11:08:35.047423','Enim et neque voluptas eos dolore non.','Aerodynamic Plastic Table',3312,NULL,2),(297,'2024-09-30 11:08:35.053431','2024-09-30 11:08:35.053431','Laborum recusandae praesentium quia id sunt nobis.','Durable Bronze Watch',8120,NULL,3),(298,'2024-09-30 11:08:35.057355','2024-09-30 11:08:35.057355','Eaque perferendis magnam placeat ipsa.','Fantastic Paper Table',4765,NULL,3),(299,'2024-09-30 11:08:35.063227','2024-09-30 11:08:35.063227','Cumque et eveniet ea id.','Incredible Leather Bottle',1381,NULL,3),(300,'2024-09-30 11:08:35.068852','2024-09-30 11:08:35.068852','Minus veritatis repudiandae porro.','Rustic Aluminum Watch',5243,NULL,3),(301,'2024-09-30 11:08:35.073035','2024-09-30 11:08:35.073035','Occaecati illo ratione dolores ea molestias.','Durable Linen Clock',8890,NULL,3),(302,'2024-09-30 11:08:35.078459','2024-09-30 11:08:35.078459','Natus voluptatem totam.','Rustic Iron Chair',5076,NULL,2),(303,'2024-09-30 11:08:35.083721','2024-09-30 11:08:35.083721','Placeat maxime quia expedita mollitia.','Durable Wooden Car',2056,NULL,2),(304,'2024-09-30 11:08:35.088645','2024-09-30 11:08:35.088645','Esse mollitia asperiores.','Rustic Aluminum Table',1225,NULL,3),(305,'2024-09-30 11:08:35.093327','2024-09-30 11:08:35.093327','Earum impedit non omnis perferendis aut error.','Small Leather Pants',6259,NULL,3),(306,'2024-09-30 11:08:35.098360','2024-09-30 11:08:35.098360','Quas fugiat excepturi non.','Lightweight Wooden Gloves',1158,NULL,4),(307,'2024-09-30 11:08:35.103833','2024-09-30 11:08:35.103833','Fuga assumenda ut error provident exercitationem quasi et.','Rustic Silk Lamp',6198,NULL,3),(308,'2024-09-30 11:08:35.108132','2024-09-30 11:08:35.108132','Ut repudiandae magni ut sit facere et impedit.','Synergistic Bronze Bottle',8242,NULL,4),(309,'2024-09-30 11:08:35.113627','2024-09-30 11:08:35.113627','Nihil ut harum sed deserunt rerum error aperiam.','Mediocre Aluminum Lamp',4059,NULL,3),(310,'2024-09-30 11:08:35.118082','2024-09-30 11:08:35.118082','Magni repellendus non repellat.','Sleek Paper Bag',5347,NULL,2),(311,'2024-09-30 11:08:35.124395','2024-09-30 11:08:35.124395','Nihil in ex adipisci.','Durable Aluminum Bag',4291,NULL,2),(312,'2024-09-30 11:08:35.129401','2024-09-30 11:08:35.129401','Labore assumenda voluptate ipsam voluptatem et minima.','Sleek Bronze Knife',9880,NULL,3),(313,'2024-09-30 11:08:35.134450','2024-09-30 11:08:35.134450','Illum error reprehenderit nostrum.','Fantastic Granite Chair',5917,NULL,2),(314,'2024-09-30 11:08:35.138866','2024-09-30 11:08:35.138866','Architecto rerum et.','Rustic Granite Shirt',7966,NULL,4),(315,'2024-09-30 11:08:35.143819','2024-09-30 11:08:35.143819','Quo laborum cum molestiae.','Mediocre Rubber Chair',9880,NULL,2),(316,'2024-09-30 11:08:35.148501','2024-09-30 11:08:35.148501','Praesentium ex ipsa ratione sint inventore totam.','Practical Wooden Wallet',3620,NULL,3),(317,'2024-09-30 11:08:35.153575','2024-09-30 11:08:35.153575','Cumque qui sapiente.','Intelligent Granite Pants',9656,NULL,3),(318,'2024-09-30 11:08:35.158254','2024-09-30 11:08:35.158254','Blanditiis non quae aliquid.','Heavy Duty Wool Table',6232,NULL,3),(319,'2024-09-30 11:08:35.164237','2024-09-30 11:08:35.164237','Debitis laboriosam at praesentium.','Heavy Duty Paper Table',4608,NULL,3),(320,'2024-09-30 11:08:35.169054','2024-09-30 11:08:35.169054','Praesentium ut dolore debitis itaque.','Mediocre Wool Chair',2631,NULL,3),(321,'2024-09-30 11:08:35.174061','2024-09-30 11:08:35.174061','Officia fugit voluptatem reiciendis iure.','Sleek Aluminum Bench',7654,NULL,3),(322,'2024-09-30 11:08:35.180927','2024-09-30 11:08:35.180927','Sapiente est tempore cupiditate sed dignissimos.','Lightweight Cotton Plate',3734,NULL,3),(323,'2024-09-30 11:08:35.186150','2024-09-30 11:08:35.186150','Commodi aut distinctio enim voluptas cum sequi.','Rustic Plastic Gloves',8808,NULL,3),(324,'2024-09-30 11:08:35.191200','2024-09-30 11:08:35.191200','Ut voluptatibus reiciendis eligendi illo a occaecati excepturi.','Small Concrete Hat',9743,NULL,3),(325,'2024-09-30 11:08:35.197319','2024-09-30 11:08:35.197319','Temporibus maxime in sint ullam.','Aerodynamic Bronze Bag',4784,NULL,3),(326,'2024-09-30 11:08:35.202498','2024-09-30 11:08:35.202498','Recusandae et explicabo minus dolorem.','Small Granite Keyboard',5448,NULL,3),(327,'2024-09-30 11:08:35.207822','2024-09-30 11:08:35.207822','In adipisci quo iste quibusdam sit repellat omnis.','Rustic Copper Car',3080,NULL,3),(328,'2024-09-30 11:08:35.215223','2024-09-30 11:08:35.215223','Repudiandae et itaque et quisquam.','Gorgeous Linen Lamp',7758,NULL,3),(329,'2024-09-30 11:08:35.221518','2024-09-30 11:08:35.221518','Velit asperiores odit ad velit placeat magni.','Heavy Duty Cotton Lamp',6715,NULL,3),(330,'2024-09-30 11:08:35.226729','2024-09-30 11:08:35.226729','Quidem non eligendi veritatis explicabo est.','Heavy Duty Aluminum Table',4354,NULL,3),(331,'2024-09-30 11:08:35.232080','2024-09-30 11:08:35.232080','Tempore ut rerum voluptatem sed illum beatae.','Ergonomic Rubber Knife',2189,NULL,3),(332,'2024-09-30 11:08:35.237013','2024-09-30 11:08:35.237013','Necessitatibus quia ullam accusamus sint ea soluta.','Heavy Duty Copper Bottle',527,NULL,4),(333,'2024-09-30 11:08:35.241861','2024-09-30 11:08:35.241861','Rerum id quisquam velit et a minus.','Aerodynamic Cotton Shoes',9132,NULL,3),(334,'2024-09-30 11:08:35.246818','2024-09-30 11:08:35.246818','Sequi consectetur quaerat qui qui enim.','Heavy Duty Paper Coat',7931,NULL,2),(335,'2024-09-30 11:08:35.253978','2024-09-30 11:08:35.253978','Fugit iusto deserunt.','Rustic Wooden Coat',255,NULL,2),(336,'2024-09-30 11:08:35.258392','2024-09-30 11:08:35.258392','Consequatur architecto fuga ipsa cum temporibus.','Lightweight Marble Wallet',625,NULL,3),(337,'2024-09-30 11:08:35.263394','2024-09-30 11:08:35.263394','Qui eum voluptate.','Durable Concrete Computer',6751,NULL,2),(338,'2024-09-30 11:08:35.269396','2024-09-30 11:08:35.269396','Eos molestiae dolor vitae.','Practical Rubber Bottle',8463,NULL,3),(339,'2024-09-30 11:08:35.274290','2024-09-30 11:08:35.274290','Ad aperiam et.','Incredible Cotton Car',3561,NULL,3),(340,'2024-09-30 11:08:35.279595','2024-09-30 11:08:35.279595','Nisi facere quisquam quia.','Rustic Cotton Lamp',551,NULL,3),(341,'2024-09-30 11:08:35.285758','2024-09-30 11:08:35.285758','Excepturi est sunt et qui consequatur et accusamus.','Mediocre Granite Bag',1844,NULL,3),(342,'2024-09-30 11:08:35.290532','2024-09-30 11:08:35.290532','Fugit et ullam sed sed.','Practical Aluminum Bag',211,NULL,3),(343,'2024-09-30 11:08:35.296000','2024-09-30 11:08:35.296000','Atque consectetur nisi ut sint sunt.','Intelligent Paper Hat',2906,NULL,2),(344,'2024-09-30 11:08:35.301184','2024-09-30 11:08:35.301184','Qui labore delectus.','Fantastic Steel Watch',8702,NULL,3),(345,'2024-09-30 11:08:35.306484','2024-09-30 11:08:35.306484','Aut id perferendis quia.','Incredible Bronze Shirt',7784,NULL,4),(346,'2024-09-30 11:08:35.311015','2024-09-30 11:08:35.311015','Sunt vero sunt optio harum dolor.','Rustic Copper Table',5710,NULL,3),(347,'2024-09-30 11:08:35.316649','2024-09-30 11:08:35.316649','Adipisci distinctio non.','Heavy Duty Linen Lamp',3466,NULL,3),(348,'2024-09-30 11:08:35.321947','2024-09-30 11:08:35.321947','Voluptatibus mollitia sapiente est nihil molestias ipsam.','Practical Leather Wallet',8700,NULL,2),(349,'2024-09-30 11:08:35.327012','2024-09-30 11:08:35.327012','Tempore perferendis et eveniet consequuntur enim.','Practical Concrete Bag',2201,NULL,4),(350,'2024-09-30 11:08:35.333574','2024-09-30 11:08:35.333574','Voluptatem magni eaque.','Fantastic Granite Gloves',8664,NULL,3),(351,'2024-09-30 11:08:35.338510','2024-09-30 11:08:35.338510','Et minus laborum vero quo rem dolores.','Aerodynamic Silk Lamp',1953,NULL,3),(352,'2024-09-30 11:08:35.344453','2024-09-30 11:08:35.344453','Similique tempore voluptates aliquam.','Enormous Wool Pants',4746,NULL,3),(353,'2024-09-30 11:08:35.350635','2024-09-30 11:08:35.350635','Mollitia placeat non eos nihil placeat quae delectus.','Awesome Bronze Wallet',9816,NULL,2),(354,'2024-09-30 11:08:35.355782','2024-09-30 11:08:35.355782','Aut in harum id sit.','Durable Concrete Bottle',2083,NULL,3),(355,'2024-09-30 11:08:35.360425','2024-09-30 11:08:35.360425','Molestiae itaque explicabo a aliquid est.','Intelligent Bronze Chair',8504,NULL,3),(356,'2024-09-30 11:08:35.366505','2024-09-30 11:08:35.366505','Et quibusdam et voluptatem et neque tenetur expedita.','Fantastic Plastic Bottle',3143,NULL,3),(357,'2024-09-30 11:08:35.371048','2024-09-30 11:08:35.371048','Ut et ab nesciunt dolore consectetur.','Synergistic Paper Chair',5526,NULL,2),(358,'2024-09-30 11:08:35.378058','2024-09-30 11:08:35.378058','Commodi quaerat omnis veritatis reiciendis ullam delectus.','Lightweight Aluminum Watch',2187,NULL,3),(359,'2024-09-30 11:08:35.383914','2024-09-30 11:08:35.383914','Nemo aliquid et tempora saepe est.','Enormous Granite Shoes',6150,NULL,4),(360,'2024-09-30 11:08:35.389688','2024-09-30 11:08:35.389688','Ut dignissimos est temporibus.','Mediocre Plastic Shirt',4840,NULL,3),(361,'2024-09-30 11:08:35.394446','2024-09-30 11:08:35.394446','Impedit vel sit quasi vel.','Enormous Linen Watch',5969,NULL,4),(362,'2024-09-30 11:08:35.400537','2024-09-30 11:08:35.400537','Et voluptate ipsum nesciunt velit.','Small Plastic Chair',1054,NULL,4),(363,'2024-09-30 11:08:35.408168','2024-09-30 11:08:35.408168','Iste qui fugiat cumque commodi.','Small Rubber Watch',52,NULL,4),(364,'2024-09-30 11:08:35.416899','2024-09-30 11:08:35.416899','Dolor maxime sed perspiciatis et consectetur vel nam.','Durable Steel Bag',2838,NULL,2),(365,'2024-09-30 11:08:35.424007','2024-09-30 11:08:35.424007','Ipsa voluptatum molestias illum.','Enormous Linen Pants',1888,NULL,3),(366,'2024-09-30 11:08:35.431171','2024-09-30 11:08:35.431171','Impedit officiis delectus odit autem qui.','Lightweight Wool Bench',1676,NULL,3),(367,'2024-09-30 11:08:35.437687','2024-09-30 11:08:35.437687','Porro quod quia.','Incredible Concrete Bench',329,NULL,3),(368,'2024-09-30 11:08:35.443951','2024-09-30 11:08:35.443951','Quis aut omnis molestias suscipit enim quis iste.','Durable Rubber Gloves',1771,NULL,3),(369,'2024-09-30 11:08:35.451906','2024-09-30 11:08:35.451906','Itaque voluptas ut veniam ad.','Practical Granite Wallet',3897,NULL,3),(370,'2024-09-30 11:08:35.459180','2024-09-30 11:08:35.459180','Modi similique saepe amet eligendi.','Fantastic Leather Wallet',349,NULL,3),(371,'2024-09-30 11:08:35.466184','2024-09-30 11:08:35.466184','Necessitatibus ullam voluptatibus.','Heavy Duty Marble Bag',7059,NULL,3),(372,'2024-09-30 11:08:35.472643','2024-09-30 11:08:35.472643','Quos quod expedita sed.','Ergonomic Granite Table',2617,NULL,4),(373,'2024-09-30 11:08:35.477644','2024-09-30 11:08:35.477644','Officiis provident nihil error omnis.','Fantastic Silk Car',6197,NULL,4),(374,'2024-09-30 11:08:35.483722','2024-09-30 11:08:35.483722','Libero tempore maiores dolores sunt autem.','Small Steel Shirt',8685,NULL,3),(375,'2024-09-30 11:08:35.489723','2024-09-30 11:08:35.489723','Assumenda consectetur nihil dolorem consequatur ea accusantium.','Enormous Silk Shirt',3602,NULL,2),(376,'2024-09-30 11:08:35.494722','2024-09-30 11:08:35.494722','Doloribus similique dignissimos architecto quia excepturi.','Intelligent Steel Chair',3728,NULL,2),(377,'2024-09-30 11:08:35.502015','2024-09-30 11:08:35.502015','Et labore ut id dignissimos quasi.','Fantastic Linen Watch',8749,NULL,2),(378,'2024-09-30 11:08:35.508023','2024-09-30 11:08:35.508023','Mollitia ab ut eos perspiciatis consectetur.','Durable Copper Clock',1955,NULL,2),(379,'2024-09-30 11:08:35.513851','2024-09-30 11:08:35.513851','Qui voluptates error at libero autem veritatis similique.','Incredible Iron Shoes',8407,NULL,3),(380,'2024-09-30 11:08:35.520535','2024-09-30 11:08:35.520535','Laborum dolorem laboriosam illo.','Awesome Paper Shirt',5011,NULL,2),(381,'2024-09-30 11:08:35.526058','2024-09-30 11:08:35.526058','Voluptatem animi quo error et non sit.','Heavy Duty Aluminum Plate',4582,NULL,3),(382,'2024-09-30 11:08:35.532567','2024-09-30 11:08:35.532567','Omnis nobis impedit nihil delectus voluptatem atque.','Awesome Marble Chair',9535,NULL,3),(383,'2024-09-30 11:08:35.539564','2024-09-30 11:08:35.539564','Sit magnam saepe sed modi harum omnis odit.','Sleek Iron Chair',5968,NULL,3),(384,'2024-09-30 11:08:35.547564','2024-09-30 11:08:35.547564','Deleniti cum natus.','Ergonomic Cotton Wallet',9454,NULL,3),(385,'2024-09-30 11:08:35.555496','2024-09-30 11:08:35.555496','Ratione delectus eveniet laboriosam placeat et est.','Aerodynamic Iron Hat',6225,NULL,2),(386,'2024-09-30 11:08:35.565658','2024-09-30 11:08:35.565658','Ad et ipsam suscipit tenetur soluta laborum.','Heavy Duty Wool Hat',6246,NULL,3),(387,'2024-09-30 11:08:35.570772','2024-09-30 11:08:35.570772','Ut illo dicta repudiandae eius exercitationem sit.','Sleek Marble Shirt',2624,NULL,2),(388,'2024-09-30 11:08:35.575427','2024-09-30 11:08:35.575427','Omnis dolor odio et esse.','Practical Marble Computer',3179,NULL,3),(389,'2024-09-30 11:08:35.581289','2024-09-30 11:08:35.581289','Et dolorem corporis harum enim vel.','Gorgeous Cotton Gloves',9312,NULL,4),(390,'2024-09-30 11:08:35.585925','2024-09-30 11:08:35.585925','Eum id omnis quia sequi officiis.','Intelligent Iron Clock',4409,NULL,2),(391,'2024-09-30 11:08:35.590986','2024-09-30 11:08:35.590986','Ea eum nihil porro aut.','Practical Iron Chair',1270,NULL,2),(392,'2024-09-30 11:08:35.597173','2024-09-30 11:08:35.597173','Est ducimus facere nobis iste velit repudiandae.','Small Leather Watch',5530,NULL,3),(393,'2024-09-30 11:08:35.601512','2024-09-30 11:08:35.601512','Voluptatem vitae tenetur quam.','Sleek Concrete Bench',1134,NULL,3),(394,'2024-09-30 11:08:35.606993','2024-09-30 11:08:35.606993','Laborum commodi quisquam eveniet suscipit non.','Sleek Aluminum Bottle',7943,NULL,3),(395,'2024-09-30 11:08:35.612502','2024-09-30 11:08:35.612502','Ut modi dolores qui et modi voluptatum.','Sleek Steel Chair',4313,NULL,3),(396,'2024-09-30 11:08:35.619968','2024-09-30 11:08:35.619968','Magni nostrum ea exercitationem deleniti accusamus.','Sleek Silk Clock',4877,NULL,3),(397,'2024-09-30 11:08:35.627204','2024-09-30 11:08:35.627204','Quaerat maxime perferendis.','Practical Granite Shoes',7746,NULL,4),(398,'2024-09-30 11:08:35.637057','2024-09-30 11:08:35.637057','Fuga adipisci consectetur quia tenetur ipsam ullam totam.','Awesome Wool Watch',6395,NULL,3),(399,'2024-09-30 11:08:35.641922','2024-09-30 11:08:35.641922','Illum omnis optio doloremque excepturi.','Intelligent Rubber Shoes',1478,NULL,3),(400,'2024-09-30 11:08:35.647659','2024-09-30 11:08:35.647659','Nesciunt rerum non molestias porro enim.','Rustic Rubber Coat',1116,NULL,2),(401,'2024-09-30 11:08:35.653776','2024-09-30 11:08:35.653776','Error quo ut repudiandae est doloremque qui laborum.','Incredible Aluminum Watch',2322,NULL,3),(402,'2024-09-30 11:08:35.658058','2024-09-30 11:08:35.658058','Qui soluta expedita quisquam aspernatur.','Rustic Plastic Bag',3579,NULL,3),(403,'2024-09-30 11:08:35.664089','2024-09-30 11:08:35.664089','Labore illo exercitationem ducimus temporibus debitis commodi.','Awesome Copper Chair',7089,NULL,3),(404,'2024-09-30 11:08:35.669477','2024-09-30 11:08:35.669477','Cum id aut repellendus voluptatem nemo.','Intelligent Aluminum Bench',281,NULL,3),(405,'2024-09-30 11:08:35.673799','2024-09-30 11:08:35.673799','Qui natus dolorum enim ipsam quibusdam dignissimos.','Heavy Duty Cotton Car',9081,NULL,3),(406,'2024-09-30 11:08:35.679813','2024-09-30 11:08:35.679813','Ratione cum necessitatibus ducimus amet ad.','Incredible Linen Lamp',718,NULL,3),(407,'2024-09-30 11:08:35.685586','2024-09-30 11:08:35.685586','Maiores esse voluptatum aliquid quos dolore.','Aerodynamic Concrete Coat',6998,NULL,4),(408,'2024-09-30 11:08:35.689959','2024-09-30 11:08:35.689959','Quam sapiente perspiciatis vel saepe nostrum eos.','Durable Marble Hat',7627,NULL,4),(409,'2024-09-30 11:08:35.695967','2024-09-30 11:08:35.695967','Velit illo quaerat eos aut modi consequatur.','Lightweight Aluminum Chair',8400,NULL,2),(410,'2024-09-30 11:08:35.702142','2024-09-30 11:08:35.702142','Ex eos amet perspiciatis.','Gorgeous Silk Chair',3418,NULL,4),(411,'2024-09-30 11:08:35.708147','2024-09-30 11:08:35.708147','Totam voluptate aut repellat nesciunt recusandae aperiam aspernatur.','Intelligent Rubber Shirt',3987,NULL,2),(412,'2024-09-30 11:08:35.713827','2024-09-30 11:08:35.713827','Culpa vitae hic possimus impedit incidunt voluptas rerum.','Incredible Copper Lamp',8678,NULL,2),(413,'2024-09-30 11:08:35.719103','2024-09-30 11:08:35.719103','Autem architecto cupiditate laudantium sit quo alias.','Intelligent Paper Table',3860,NULL,3),(414,'2024-09-30 11:08:35.723996','2024-09-30 11:08:35.723996','Nobis sed nihil veniam est est.','Durable Rubber Shoes',7454,NULL,2),(415,'2024-09-30 11:08:35.728930','2024-09-30 11:08:35.728930','Dolorem quis praesentium possimus quae saepe.','Enormous Linen Gloves',4384,NULL,2),(416,'2024-09-30 11:08:35.735295','2024-09-30 11:08:35.735295','Temporibus ratione doloribus sequi possimus autem.','Aerodynamic Marble Watch',7499,NULL,3),(417,'2024-09-30 11:08:35.739504','2024-09-30 11:08:35.739504','Tempora possimus aut asperiores asperiores cupiditate vero.','Intelligent Copper Watch',4828,NULL,4),(418,'2024-09-30 11:08:35.744877','2024-09-30 11:08:35.744877','Molestiae sit vel voluptatem ea qui officiis ad.','Sleek Silk Bottle',3083,NULL,3),(419,'2024-09-30 11:08:35.753390','2024-09-30 11:08:35.753390','Aut omnis dolore optio sunt corrupti.','Mediocre Granite Chair',4095,NULL,3),(420,'2024-09-30 11:08:35.758686','2024-09-30 11:08:35.758686','Odit delectus voluptatibus dignissimos.','Lightweight Silk Lamp',5650,NULL,3),(421,'2024-09-30 11:08:35.764874','2024-09-30 11:08:35.764874','Numquam et sunt voluptatum.','Fantastic Linen Shoes',5085,NULL,3),(422,'2024-09-30 11:08:35.770525','2024-09-30 11:08:35.770525','Vitae provident repellendus assumenda corrupti omnis.','Mediocre Leather Pants',3688,NULL,3),(423,'2024-09-30 11:08:35.775688','2024-09-30 11:08:35.775688','Voluptatem est sapiente quas dignissimos.','Lightweight Plastic Car',9241,NULL,3),(424,'2024-09-30 11:08:35.781701','2024-09-30 11:08:35.781701','Officiis eligendi magni id exercitationem ratione sunt.','Sleek Paper Chair',1893,NULL,3),(425,'2024-09-30 11:08:35.787324','2024-09-30 11:08:35.787324','Saepe alias eligendi quidem laborum debitis suscipit.','Enormous Plastic Knife',1665,NULL,2),(426,'2024-09-30 11:08:35.792678','2024-09-30 11:08:35.792678','Eos autem ea sit consequatur et impedit voluptatem.','Enormous Wooden Bag',7598,NULL,3),(427,'2024-09-30 11:08:35.799718','2024-09-30 11:08:35.799718','Eum quia distinctio nostrum autem.','Small Granite Wallet',765,NULL,2),(428,'2024-09-30 11:08:35.805138','2024-09-30 11:08:35.805138','Molestias inventore officia repellat vero ea molestiae.','Heavy Duty Iron Car',1887,NULL,3),(429,'2024-09-30 11:08:35.809731','2024-09-30 11:08:35.809731','Fugiat ea ea et ut et optio.','Gorgeous Steel Shirt',26,NULL,2),(430,'2024-09-30 11:08:35.816803','2024-09-30 11:08:35.816803','Accusantium consequatur eum.','Rustic Granite Bottle',4400,NULL,3),(431,'2024-09-30 11:08:35.823534','2024-09-30 11:08:35.823534','Possimus quo ipsa et laudantium aut et.','Mediocre Copper Gloves',6346,NULL,3),(432,'2024-09-30 11:08:35.830547','2024-09-30 11:08:35.830547','Non suscipit qui modi repudiandae nihil enim qui.','Lightweight Aluminum Gloves',2262,NULL,3),(433,'2024-09-30 11:08:35.836914','2024-09-30 11:08:35.836914','Rerum enim sit possimus sapiente animi.','Ergonomic Copper Wallet',6489,NULL,3),(434,'2024-09-30 11:08:35.842590','2024-09-30 11:08:35.842590','Explicabo totam est amet voluptate repudiandae.','Rustic Cotton Hat',4657,NULL,2),(435,'2024-09-30 11:08:35.849110','2024-09-30 11:08:35.849110','Possimus nisi distinctio qui consequatur aliquid et tempora.','Mediocre Wool Plate',44,NULL,3),(436,'2024-09-30 11:08:35.854013','2024-09-30 11:08:35.854013','Eaque illo impedit expedita ipsum suscipit eum.','Intelligent Concrete Hat',6030,NULL,4),(437,'2024-09-30 11:08:35.859055','2024-09-30 11:08:35.859055','Autem non ut magni facere nemo.','Awesome Granite Car',4064,NULL,3),(438,'2024-09-30 11:08:35.866071','2024-09-30 11:08:35.866071','Iure ut officia dolor molestiae.','Ergonomic Bronze Car',1547,NULL,2),(439,'2024-09-30 11:08:35.871630','2024-09-30 11:08:35.871630','Laborum dolorem qui.','Fantastic Bronze Shirt',6016,NULL,3),(440,'2024-09-30 11:08:35.876272','2024-09-30 11:08:35.876272','Quasi eum earum doloremque.','Aerodynamic Marble Bag',4102,NULL,3),(441,'2024-09-30 11:08:35.882361','2024-09-30 11:08:35.882361','Et qui sint in omnis quod autem.','Intelligent Leather Gloves',4244,NULL,2),(442,'2024-09-30 11:08:35.889661','2024-09-30 11:08:35.889661','Possimus dolorum dignissimos molestiae.','Ergonomic Paper Keyboard',583,NULL,3),(443,'2024-09-30 11:08:35.894455','2024-09-30 11:08:35.894455','Adipisci aut id sapiente assumenda ex.','Lightweight Silk Coat',164,NULL,2),(444,'2024-09-30 11:08:35.900471','2024-09-30 11:08:35.900471','Dolorum ut laborum blanditiis incidunt perspiciatis.','Heavy Duty Cotton Bag',6311,NULL,3),(445,'2024-09-30 11:08:35.906736','2024-09-30 11:08:35.906736','Similique modi eligendi dolores quibusdam et.','Intelligent Concrete Shoes',7349,NULL,3),(446,'2024-09-30 11:08:35.914296','2024-09-30 11:08:35.914296','Incidunt quas perferendis alias autem ipsum iusto dolores.','Practical Silk Chair',1637,NULL,2),(447,'2024-09-30 11:08:35.919789','2024-09-30 11:08:35.919789','Alias enim non.','Fantastic Silk Computer',668,NULL,3),(448,'2024-09-30 11:08:35.924640','2024-09-30 11:08:35.924640','Ullam et ducimus et quis numquam.','Fantastic Marble Bottle',4021,NULL,2),(449,'2024-09-30 11:08:35.931610','2024-09-30 11:08:35.931610','Aut amet cumque magnam eos fuga.','Awesome Leather Car',7033,NULL,2),(450,'2024-09-30 11:08:35.937607','2024-09-30 11:08:35.937607','Vel fuga adipisci voluptatibus temporibus qui.','Heavy Duty Plastic Pants',5645,NULL,2),(451,'2024-09-30 11:08:35.944647','2024-09-30 11:08:35.944647','Qui hic architecto pariatur rerum suscipit ut.','Mediocre Granite Table',2563,NULL,3),(452,'2024-09-30 11:08:35.951894','2024-09-30 11:08:35.951894','Fugit omnis earum.','Ergonomic Silk Wallet',8173,NULL,3),(453,'2024-09-30 11:08:35.957180','2024-09-30 11:08:35.957180','Accusamus dolores ab iste numquam quia quisquam.','Lightweight Rubber Pants',6882,NULL,3),(454,'2024-09-30 11:08:35.962947','2024-09-30 11:08:35.962947','Optio fugiat et nemo voluptas.','Incredible Concrete Chair',175,NULL,3),(455,'2024-09-30 11:08:35.970774','2024-09-30 11:08:35.970774','A unde debitis dolores voluptatem sapiente facilis.','Fantastic Linen Plate',2016,NULL,2),(456,'2024-09-30 11:08:35.975905','2024-09-30 11:08:35.975905','Ullam molestias numquam rerum.','Aerodynamic Rubber Watch',897,NULL,3),(457,'2024-09-30 11:08:35.982778','2024-09-30 11:08:35.982778','Voluptatem distinctio sit.','Aerodynamic Granite Shirt',5667,NULL,4),(458,'2024-09-30 11:08:35.988484','2024-09-30 11:08:35.988484','Autem ipsum libero ut.','Lightweight Bronze Wallet',420,NULL,2),(459,'2024-09-30 11:08:35.993987','2024-09-30 11:08:35.993987','Ab magni ut.','Heavy Duty Rubber Knife',1218,NULL,3),(460,'2024-09-30 11:08:35.999626','2024-09-30 11:08:35.999626','Ut suscipit cupiditate vel veritatis odit nihil.','Mediocre Wool Watch',7208,NULL,3),(461,'2024-09-30 11:08:36.006590','2024-09-30 11:08:36.006590','Rerum reiciendis blanditiis ullam quibusdam quo placeat.','Heavy Duty Wool Bottle',9306,NULL,3),(462,'2024-09-30 11:08:36.011994','2024-09-30 11:08:36.011994','Modi quisquam qui mollitia quasi aut voluptatum laudantium.','Mediocre Wooden Computer',2744,NULL,3),(463,'2024-09-30 11:08:36.019756','2024-09-30 11:08:36.019756','Est non aut sed.','Durable Plastic Chair',3584,NULL,3),(464,'2024-09-30 11:08:36.026257','2024-09-30 11:08:36.026257','Nesciunt voluptatem in minus.','Heavy Duty Silk Clock',6381,NULL,3),(465,'2024-09-30 11:08:36.032434','2024-09-30 11:08:36.032434','Ut earum fuga iure.','Enormous Marble Computer',2796,NULL,2),(466,'2024-09-30 11:08:36.041035','2024-09-30 11:08:36.041035','Et aut sit asperiores harum et.','Awesome Copper Wallet',9518,NULL,4),(467,'2024-09-30 11:08:36.046497','2024-09-30 11:08:36.046497','Laboriosam quia autem omnis voluptas.','Small Silk Keyboard',1450,NULL,3),(468,'2024-09-30 11:08:36.051628','2024-09-30 11:08:36.051628','Tempore commodi rem.','Rustic Wooden Clock',8715,NULL,4),(469,'2024-09-30 11:08:36.058066','2024-09-30 11:08:36.058066','Vero est omnis.','Durable Granite Car',1047,NULL,2),(470,'2024-09-30 11:08:36.062932','2024-09-30 11:08:36.062932','Architecto numquam ut sed et.','Synergistic Concrete Knife',8333,NULL,2),(471,'2024-09-30 11:08:36.068920','2024-09-30 11:08:36.068920','Modi quasi rerum eveniet itaque.','Incredible Steel Watch',300,NULL,3),(472,'2024-09-30 11:08:36.076540','2024-09-30 11:08:36.076540','Nulla alias quia nobis et quo.','Sleek Copper Bag',4528,NULL,2),(473,'2024-09-30 11:08:36.084393','2024-09-30 11:08:36.084393','Ipsa dolore architecto autem deserunt sint.','Practical Rubber Pants',7880,NULL,2),(474,'2024-09-30 11:08:36.092122','2024-09-30 11:08:36.092122','Aperiam aut qui sapiente officia provident porro reprehenderit.','Mediocre Granite Plate',4324,NULL,3),(475,'2024-09-30 11:08:36.098279','2024-09-30 11:08:36.098279','Eveniet officiis non ex autem omnis pariatur possimus.','Lightweight Plastic Bottle',902,NULL,3),(476,'2024-09-30 11:08:36.104443','2024-09-30 11:08:36.104443','Labore modi accusantium quae.','Intelligent Wooden Shirt',2645,NULL,3),(477,'2024-09-30 11:08:36.111079','2024-09-30 11:08:36.111079','Debitis doloribus dicta iure.','Awesome Copper Hat',8913,NULL,4),(478,'2024-09-30 11:08:36.116286','2024-09-30 11:08:36.116286','Omnis atque ut nihil adipisci.','Mediocre Granite Coat',4129,NULL,2),(479,'2024-09-30 11:08:36.124389','2024-09-30 11:08:36.124389','Officiis eum enim.','Gorgeous Steel Pants',9158,NULL,4),(480,'2024-09-30 11:08:36.131457','2024-09-30 11:08:36.131457','Eos aut et ad aut in.','Practical Plastic Plate',574,NULL,4),(481,'2024-09-30 11:08:36.137780','2024-09-30 11:08:36.137780','Corporis vero sed eius debitis quia deleniti ad.','Practical Linen Keyboard',4382,NULL,2),(482,'2024-09-30 11:08:36.142723','2024-09-30 11:08:36.142723','Odio dignissimos ut enim iste.','Mediocre Copper Shirt',7940,NULL,3),(483,'2024-09-30 11:08:36.149888','2024-09-30 11:08:36.149888','Aut officia porro cumque sed earum nisi quasi.','Lightweight Rubber Table',490,NULL,4),(484,'2024-09-30 11:08:36.157693','2024-09-30 11:08:36.157693','Sint animi veniam adipisci odio animi reiciendis dolorum.','Synergistic Silk Computer',5896,NULL,2),(485,'2024-09-30 11:08:36.166037','2024-09-30 11:08:36.166037','Molestiae ipsam laudantium ea itaque officia corrupti sunt.','Sleek Rubber Clock',995,NULL,3),(486,'2024-09-30 11:08:36.173435','2024-09-30 11:08:36.173435','Quaerat placeat rerum quia.','Practical Rubber Bench',5871,NULL,3),(487,'2024-09-30 11:08:36.178891','2024-09-30 11:08:36.178891','Ducimus iusto incidunt occaecati iste.','Practical Linen Pants',5250,NULL,3),(488,'2024-09-30 11:08:36.185033','2024-09-30 11:08:36.185033','Beatae et aperiam dolorum esse quidem beatae beatae.','Awesome Silk Gloves',9471,NULL,2),(489,'2024-09-30 11:08:36.191487','2024-09-30 11:08:36.191487','Quidem dolores sunt vitae et.','Heavy Duty Wooden Gloves',4812,NULL,3),(490,'2024-09-30 11:08:36.197935','2024-09-30 11:08:36.197935','Et maxime est eos quam.','Enormous Paper Computer',8675,NULL,3),(491,'2024-09-30 11:08:36.203945','2024-09-30 11:08:36.203945','Illo officia in omnis.','Mediocre Concrete Bottle',253,NULL,3),(492,'2024-09-30 11:08:36.208945','2024-09-30 11:08:36.208945','Itaque et nostrum est laboriosam facere.','Sleek Bronze Keyboard',9692,NULL,3),(493,'2024-09-30 11:08:36.215365','2024-09-30 11:08:36.215365','Repellendus quia veniam voluptate optio et alias.','Enormous Cotton Car',2171,NULL,3),(494,'2024-09-30 11:08:36.222083','2024-09-30 11:08:36.222083','Quaerat nisi ipsam est voluptatem quibusdam perferendis.','Incredible Marble Clock',7636,NULL,3),(495,'2024-09-30 11:08:36.229388','2024-09-30 11:08:36.229388','Aspernatur sunt voluptas animi placeat.','Intelligent Paper Watch',6316,NULL,3),(496,'2024-09-30 11:08:36.236400','2024-09-30 11:08:36.236400','Pariatur quasi aut modi accusamus.','Practical Leather Bottle',4006,NULL,4),(497,'2024-09-30 11:08:36.242024','2024-09-30 11:08:36.242024','Illo explicabo non.','Heavy Duty Marble Gloves',6803,NULL,2),(498,'2024-09-30 11:08:36.246701','2024-09-30 11:08:36.246701','Fugiat qui possimus minima qui ut.','Gorgeous Wooden Shirt',5212,NULL,2),(499,'2024-09-30 11:08:36.252275','2024-09-30 11:08:36.252275','Quia qui ut neque vel.','Lightweight Leather Bag',8831,NULL,3),(500,'2024-09-30 11:08:36.257430','2024-09-30 11:08:36.257430','Veritatis a voluptatem suscipit voluptatum.','Lightweight Steel Keyboard',6570,NULL,2),(501,'2024-09-30 11:08:36.262428','2024-09-30 11:08:36.262428','Mollitia aut ad et deleniti voluptas.','Fantastic Marble Bag',1578,NULL,3),(502,'2024-09-30 11:08:36.271678','2024-09-30 11:08:36.271678','Dicta quia unde.','Enormous Copper Wallet',8998,NULL,3),(503,'2024-09-30 11:08:36.282309','2024-09-30 11:08:36.282309','Asperiores et commodi veniam est.','Lightweight Linen Table',1862,NULL,3),(504,'2024-09-30 11:08:36.290792','2024-09-30 11:08:36.290792','Incidunt distinctio nisi id eveniet quod neque commodi.','Rustic Paper Plate',3359,NULL,2),(505,'2024-09-30 11:08:36.299010','2024-09-30 11:08:36.299010','Totam repudiandae maxime quo autem.','Ergonomic Granite Keyboard',1086,NULL,2),(506,'2024-09-30 11:08:36.306060','2024-09-30 11:08:36.306060','Nulla illum debitis corrupti.','Synergistic Copper Keyboard',4614,NULL,3),(507,'2024-09-30 11:08:36.312022','2024-09-30 11:08:36.312022','Maxime fugiat odio et ratione autem nobis ullam.','Durable Steel Bottle',998,NULL,2),(508,'2024-09-30 11:08:36.318249','2024-09-30 11:08:36.318249','A reiciendis et temporibus.','Practical Wool Wallet',8706,NULL,3),(509,'2024-09-30 11:08:36.323241','2024-09-30 11:08:36.323241','Assumenda omnis aliquam hic.','Ergonomic Granite Knife',3030,NULL,3),(510,'2024-09-30 11:08:36.328274','2024-09-30 11:08:36.328274','Veniam aut animi magnam quas corporis aut.','Small Silk Lamp',4861,NULL,3),(511,'2024-09-30 11:08:36.335475','2024-09-30 11:08:36.335475','Ut vel suscipit a rerum aliquam molestias quas.','Intelligent Copper Shoes',9711,NULL,2),(512,'2024-09-30 11:08:36.339920','2024-09-30 11:08:36.339920','Repellendus voluptatibus eos repellendus voluptas incidunt et dolor.','Ergonomic Wooden Bottle',941,NULL,3),(513,'2024-09-30 11:08:36.348162','2024-09-30 11:08:36.348162','Modi est unde soluta voluptate iusto ab aspernatur.','Mediocre Paper Computer',9585,NULL,3),(514,'2024-09-30 11:08:36.353658','2024-09-30 11:08:36.353658','Qui animi placeat tempore ut vero.','Incredible Wooden Gloves',5692,NULL,4),(515,'2024-09-30 11:08:36.358620','2024-09-30 11:08:36.358620','Repellat minima debitis autem molestiae saepe quia.','Awesome Steel Plate',3821,NULL,2),(516,'2024-09-30 11:08:36.364481','2024-09-30 11:08:36.364481','Et deleniti molestiae.','Incredible Plastic Lamp',7985,NULL,3),(517,'2024-09-30 11:08:36.370003','2024-09-30 11:08:36.370003','Accusamus neque accusamus voluptas dolores.','Fantastic Cotton Coat',5833,NULL,4),(518,'2024-09-30 11:08:36.374937','2024-09-30 11:08:36.374937','Occaecati ipsa quis voluptas quos facere perferendis dolore.','Synergistic Plastic Bag',6782,NULL,2),(519,'2024-09-30 11:08:36.380821','2024-09-30 11:08:36.380821','Ea tenetur quaerat optio earum veniam numquam temporibus.','Incredible Steel Wallet',3577,NULL,3),(520,'2024-09-30 11:08:36.386101','2024-09-30 11:08:36.386101','Quod culpa ut.','Sleek Leather Bag',5861,NULL,3),(521,'2024-09-30 11:08:36.391612','2024-09-30 11:08:36.391612','Porro et accusantium aut quis aliquam.','Heavy Duty Copper Gloves',3254,NULL,3),(522,'2024-09-30 11:08:36.397633','2024-09-30 11:08:36.397633','Ut in sunt omnis sapiente.','Fantastic Wool Plate',6063,NULL,3),(523,'2024-09-30 11:08:36.404090','2024-09-30 11:08:36.404090','Nihil numquam voluptatum ut mollitia et quia.','Intelligent Linen Keyboard',7067,NULL,4),(524,'2024-09-30 11:08:36.409705','2024-09-30 11:08:36.409705','Voluptatibus perspiciatis in et aut est saepe.','Fantastic Bronze Watch',1022,NULL,2),(525,'2024-09-30 11:08:36.416535','2024-09-30 11:08:36.416535','Cumque repudiandae rerum qui molestias facilis.','Awesome Bronze Hat',3763,NULL,4),(526,'2024-09-30 11:08:36.421762','2024-09-30 11:08:36.421762','Sit sed dolor temporibus assumenda et.','Enormous Linen Table',4799,NULL,3),(527,'2024-09-30 11:08:36.428709','2024-09-30 11:08:36.428709','Atque ipsam et officia quis omnis vel voluptatem.','Small Bronze Clock',2768,NULL,3),(528,'2024-09-30 11:08:36.436568','2024-09-30 11:08:36.436568','Et quos deleniti similique earum.','Rustic Concrete Car',804,NULL,2),(529,'2024-09-30 11:08:36.442655','2024-09-30 11:08:36.442655','Possimus accusantium ut.','Small Aluminum Gloves',4093,NULL,2),(530,'2024-09-30 11:08:36.449320','2024-09-30 11:08:36.449320','Autem quo facere et repellendus alias tempora.','Heavy Duty Aluminum Bottle',3013,NULL,2),(531,'2024-09-30 11:08:36.454885','2024-09-30 11:08:36.454885','Vel blanditiis velit quo fugiat a.','Durable Linen Hat',9621,NULL,2),(532,'2024-09-30 11:08:36.461554','2024-09-30 11:08:36.461554','Qui est voluptatem sit voluptatem omnis dicta iusto.','Lightweight Wool Shoes',4481,NULL,4),(533,'2024-09-30 11:08:36.468003','2024-09-30 11:08:36.468003','Ut ut iure ut perspiciatis.','Synergistic Marble Gloves',6161,NULL,3),(534,'2024-09-30 11:08:36.474105','2024-09-30 11:08:36.474105','Modi aut consequatur consequuntur recusandae.','Heavy Duty Steel Bag',4708,NULL,3),(535,'2024-09-30 11:08:36.480678','2024-09-30 11:08:36.480678','Et ea et dolorem.','Practical Steel Bag',6274,NULL,3),(536,'2024-09-30 11:08:36.487243','2024-09-30 11:08:36.487243','Aspernatur veritatis ut cumque eligendi aut corrupti.','Synergistic Paper Wallet',7384,NULL,3),(537,'2024-09-30 11:08:36.492816','2024-09-30 11:08:36.492816','Minus sunt et.','Sleek Aluminum Shirt',3802,NULL,3),(538,'2024-09-30 11:08:36.497818','2024-09-30 11:08:36.497818','Placeat molestias quia ea eos omnis hic veritatis.','Rustic Paper Watch',5591,NULL,3),(539,'2024-09-30 11:08:36.504267','2024-09-30 11:08:36.504267','Et et officiis necessitatibus amet vel praesentium.','Incredible Marble Lamp',8055,NULL,4),(540,'2024-09-30 11:08:36.509291','2024-09-30 11:08:36.509291','Ullam magnam repudiandae iste odit nostrum.','Aerodynamic Iron Chair',7926,NULL,3),(541,'2024-09-30 11:08:36.518098','2024-09-30 11:08:36.518098','Adipisci deserunt quisquam necessitatibus.','Durable Paper Pants',8179,NULL,3),(542,'2024-09-30 11:08:36.524349','2024-09-30 11:08:36.524349','Adipisci est autem.','Enormous Cotton Shoes',1002,NULL,3),(543,'2024-09-30 11:08:36.530491','2024-09-30 11:08:36.530491','Et deleniti exercitationem sint sint.','Incredible Iron Car',4053,NULL,3),(544,'2024-09-30 11:08:36.535910','2024-09-30 11:08:36.535910','Et vel commodi.','Lightweight Marble Bench',5488,NULL,2),(545,'2024-09-30 11:08:36.542393','2024-09-30 11:08:36.542393','Optio et facere et debitis numquam.','Rustic Leather Chair',9699,NULL,2),(546,'2024-09-30 11:08:36.548608','2024-09-30 11:08:36.548608','Numquam magnam aut quis et et repudiandae ut.','Heavy Duty Plastic Bottle',9857,NULL,2),(547,'2024-09-30 11:08:36.555600','2024-09-30 11:08:36.555600','Maxime ex numquam sit consectetur amet asperiores.','Mediocre Copper Keyboard',498,NULL,2),(548,'2024-09-30 11:08:36.561176','2024-09-30 11:08:36.561176','Laboriosam itaque ipsum fugiat et nostrum praesentium error.','Small Paper Lamp',5382,NULL,3),(549,'2024-09-30 11:08:36.566628','2024-09-30 11:08:36.566628','Eos rerum qui esse consequuntur veritatis unde.','Enormous Paper Clock',681,NULL,3),(550,'2024-09-30 11:08:36.572776','2024-09-30 11:08:36.572776','Repudiandae asperiores quia.','Mediocre Bronze Bench',1023,NULL,2),(551,'2024-09-30 11:08:36.577783','2024-09-30 11:08:36.577783','Assumenda et quia at.','Intelligent Paper Chair',2057,NULL,4),(552,'2024-09-30 11:08:36.584948','2024-09-30 11:08:36.584948','Officia voluptatum quia sed molestiae.','Gorgeous Aluminum Keyboard',5871,NULL,4),(553,'2024-09-30 11:08:36.590193','2024-09-30 11:08:36.590193','Aperiam quam placeat accusamus inventore sequi dolorem.','Incredible Wool Pants',7299,NULL,3),(554,'2024-09-30 11:08:36.596221','2024-09-30 11:08:36.596221','Sint omnis ipsa ipsa quo necessitatibus.','Sleek Linen Clock',8916,NULL,3),(555,'2024-09-30 11:08:36.602927','2024-09-30 11:08:36.602927','Reprehenderit a qui facere.','Durable Leather Car',3961,NULL,4),(556,'2024-09-30 11:08:36.608462','2024-09-30 11:08:36.608462','Porro est voluptatibus maxime nulla.','Aerodynamic Cotton Table',1436,NULL,2),(557,'2024-09-30 11:08:36.614178','2024-09-30 11:08:36.614178','Est et quisquam accusantium.','Heavy Duty Steel Shirt',4530,NULL,3),(558,'2024-09-30 11:08:36.619510','2024-09-30 11:08:36.619510','Sint vitae soluta.','Durable Leather Hat',809,NULL,2),(559,'2024-09-30 11:08:36.624945','2024-09-30 11:08:36.624945','Eum omnis praesentium quasi sapiente.','Enormous Silk Table',3269,NULL,2),(560,'2024-09-30 11:08:36.632718','2024-09-30 11:08:36.632718','In amet voluptatibus ut in saepe expedita nulla.','Heavy Duty Wool Wallet',5293,NULL,4),(561,'2024-09-30 11:08:36.638289','2024-09-30 11:08:36.638289','Voluptatem sit ipsa.','Rustic Wool Knife',9611,NULL,2),(562,'2024-09-30 11:08:36.643621','2024-09-30 11:08:36.643621','Vel dolores facilis ipsum iure ut.','Aerodynamic Linen Table',3353,NULL,3),(563,'2024-09-30 11:08:36.650475','2024-09-30 11:08:36.650475','Rerum necessitatibus officia modi.','Fantastic Copper Wallet',4436,NULL,2),(564,'2024-09-30 11:08:36.655755','2024-09-30 11:08:36.655755','Nisi corporis labore et quo.','Heavy Duty Paper Wallet',3615,NULL,2),(565,'2024-09-30 11:08:36.660938','2024-09-30 11:08:36.660938','In rerum fuga quia sit et.','Mediocre Bronze Computer',2318,NULL,3),(566,'2024-09-30 11:08:36.669223','2024-09-30 11:08:36.669223','Non mollitia et saepe minima et nihil incidunt.','Synergistic Granite Clock',9098,NULL,3),(567,'2024-09-30 11:08:36.674231','2024-09-30 11:08:36.674231','Inventore quibusdam ea a omnis aspernatur veniam.','Awesome Rubber Keyboard',7641,NULL,4),(568,'2024-09-30 11:08:36.680439','2024-09-30 11:08:36.680439','Qui laboriosam optio ut modi et.','Mediocre Wooden Table',6033,NULL,3),(569,'2024-09-30 11:08:36.687068','2024-09-30 11:08:36.687068','Quis minus at autem fuga non.','Small Linen Plate',9739,NULL,4),(570,'2024-09-30 11:08:36.691515','2024-09-30 11:08:36.691515','Distinctio repudiandae nemo placeat corrupti ut nobis.','Fantastic Cotton Keyboard',5277,NULL,4),(571,'2024-09-30 11:08:36.696831','2024-09-30 11:08:36.696831','Dolorem voluptatum est assumenda sequi eveniet maiores.','Aerodynamic Iron Pants',9128,NULL,3),(572,'2024-09-30 11:08:36.704399','2024-09-30 11:08:36.704399','Fugit sit ut et.','Gorgeous Silk Plate',7689,NULL,2),(573,'2024-09-30 11:08:36.709030','2024-09-30 11:08:36.709030','Facere repellendus autem reprehenderit earum dolorem.','Rustic Leather Table',8063,NULL,3),(574,'2024-09-30 11:08:36.715079','2024-09-30 11:08:36.715079','Et molestiae libero officiis qui.','Aerodynamic Aluminum Coat',3272,NULL,3),(575,'2024-09-30 11:08:36.720220','2024-09-30 11:08:36.720220','Est accusamus ut.','Intelligent Iron Lamp',7033,NULL,3),(576,'2024-09-30 11:08:36.725719','2024-09-30 11:08:36.725719','Ea nesciunt maiores provident rerum deserunt neque.','Mediocre Paper Coat',8279,NULL,3),(577,'2024-09-30 11:08:36.730920','2024-09-30 11:08:36.730920','Consequatur qui optio alias dicta necessitatibus at.','Mediocre Wool Car',5855,NULL,3),(578,'2024-09-30 11:08:36.736916','2024-09-30 11:08:36.736916','Nihil nisi minus consequatur.','Enormous Silk Hat',1015,NULL,2),(579,'2024-09-30 11:08:36.741695','2024-09-30 11:08:36.741695','Quidem natus et eos et maiores.','Rustic Paper Shoes',9257,NULL,2),(580,'2024-09-30 11:08:36.748261','2024-09-30 11:08:36.748261','Et tenetur sed doloremque expedita.','Durable Wool Computer',5412,NULL,3),(581,'2024-09-30 11:08:36.755261','2024-09-30 11:08:36.755261','Omnis consequatur facere.','Mediocre Cotton Bench',632,NULL,2),(582,'2024-09-30 11:08:36.759947','2024-09-30 11:08:36.759947','A molestias saepe consequatur nesciunt qui harum quod.','Aerodynamic Linen Watch',6498,NULL,3),(583,'2024-09-30 11:08:36.765932','2024-09-30 11:08:36.765932','Rem officia dolor assumenda et.','Heavy Duty Concrete Computer',4981,NULL,3),(584,'2024-09-30 11:08:36.771219','2024-09-30 11:08:36.771219','Dicta hic alias.','Durable Rubber Shirt',9234,NULL,3),(585,'2024-09-30 11:08:36.776616','2024-09-30 11:08:36.776616','Accusamus iusto nemo autem.','Rustic Iron Knife',8337,NULL,3),(586,'2024-09-30 11:08:36.783021','2024-09-30 11:08:36.783021','Dolore magni debitis fugiat est.','Synergistic Wooden Coat',6851,NULL,3),(587,'2024-09-30 11:08:36.789021','2024-09-30 11:08:36.789021','Voluptatem sit enim facere.','Lightweight Linen Coat',4766,NULL,3),(588,'2024-09-30 11:08:36.793755','2024-09-30 11:08:36.793755','Rerum voluptatem dicta perferendis soluta dolor.','Synergistic Leather Keyboard',8730,NULL,2),(589,'2024-09-30 11:08:36.799708','2024-09-30 11:08:36.799708','Cupiditate vel qui fuga mollitia qui ad.','Synergistic Aluminum Gloves',2632,NULL,3),(590,'2024-09-30 11:08:36.805429','2024-09-30 11:08:36.805429','Recusandae saepe rem velit id.','Heavy Duty Leather Shirt',3935,NULL,2),(591,'2024-09-30 11:08:36.810382','2024-09-30 11:08:36.810382','Nesciunt nisi quod aliquam.','Small Aluminum Pants',6783,NULL,2),(592,'2024-09-30 11:08:36.816428','2024-09-30 11:08:36.816428','Dolores possimus accusantium.','Sleek Wooden Pants',8576,NULL,3),(593,'2024-09-30 11:08:36.822580','2024-09-30 11:08:36.822580','Omnis blanditiis qui qui quae expedita.','Heavy Duty Steel Coat',6716,NULL,3),(594,'2024-09-30 11:08:36.830387','2024-09-30 11:08:36.830387','Quo facere in sint occaecati in iste.','Heavy Duty Cotton Hat',3662,NULL,2),(595,'2024-09-30 11:08:36.837683','2024-09-30 11:08:36.837683','Quas aliquam provident similique corporis voluptatem omnis.','Aerodynamic Concrete Computer',3667,NULL,2),(596,'2024-09-30 11:08:36.843721','2024-09-30 11:08:36.843721','Ea voluptatum iusto error ea suscipit non qui.','Heavy Duty Copper Knife',2172,NULL,3),(597,'2024-09-30 11:08:36.852527','2024-09-30 11:08:36.852527','Ea quia et molestias explicabo maxime odit magnam.','Gorgeous Wooden Bag',2792,NULL,4),(598,'2024-09-30 11:08:36.858106','2024-09-30 11:08:36.858106','Cumque optio earum dignissimos unde eligendi nihil dicta.','Small Cotton Lamp',4141,NULL,2),(599,'2024-09-30 11:08:36.864634','2024-09-30 11:08:36.864634','Repellat praesentium veniam.','Ergonomic Iron Bag',87,NULL,3),(600,'2024-09-30 11:08:36.869862','2024-09-30 11:08:36.869862','Illo aut omnis tenetur.','Gorgeous Wooden Watch',7402,NULL,3),(601,'2024-09-30 11:08:36.875422','2024-09-30 11:08:36.875422','Sint fuga eum totam nostrum delectus.','Aerodynamic Concrete Lamp',8643,NULL,3),(602,'2024-09-30 11:08:36.882193','2024-09-30 11:08:36.882193','Eaque autem nihil voluptatem et.','Sleek Plastic Plate',6044,NULL,3),(603,'2024-09-30 11:08:36.889117','2024-09-30 11:08:36.889117','Beatae repellat incidunt.','Fantastic Steel Lamp',885,NULL,3),(604,'2024-09-30 11:08:36.894588','2024-09-30 11:08:36.894588','Officia quod animi sequi laboriosam quo.','Intelligent Leather Keyboard',3187,NULL,3),(605,'2024-09-30 11:08:36.901234','2024-09-30 11:08:36.901234','Fugiat blanditiis dignissimos in.','Mediocre Rubber Coat',3044,NULL,4),(606,'2024-09-30 11:08:36.907260','2024-09-30 11:08:36.907260','Error earum qui itaque voluptatem.','Mediocre Leather Plate',2396,NULL,3),(607,'2024-09-30 11:08:36.914623','2024-09-30 11:08:36.914623','Voluptatem praesentium aut adipisci aut iusto.','Awesome Marble Gloves',7274,NULL,3),(608,'2024-09-30 11:08:36.922874','2024-09-30 11:08:36.922874','Vel mollitia rerum omnis nesciunt excepturi ad.','Gorgeous Paper Clock',2478,NULL,3),(609,'2024-09-30 11:08:36.932143','2024-09-30 11:08:36.932143','Illo asperiores modi sequi.','Rustic Leather Hat',8708,NULL,3),(610,'2024-09-30 11:08:36.938144','2024-09-30 11:08:36.938144','Minus doloremque facilis totam sit repellat.','Intelligent Plastic Knife',3770,NULL,3),(611,'2024-09-30 11:08:36.945319','2024-09-30 11:08:36.945319','Accusamus perspiciatis quis laudantium quia magni nisi nemo.','Intelligent Wool Clock',5401,NULL,2),(612,'2024-09-30 11:08:36.954531','2024-09-30 11:08:36.954531','Hic voluptas temporibus qui sint tempora quia.','Synergistic Bronze Coat',5978,NULL,3),(613,'2024-09-30 11:08:36.960533','2024-09-30 11:08:36.960533','In iure enim amet voluptatem.','Aerodynamic Marble Computer',7749,NULL,3),(614,'2024-09-30 11:08:36.968835','2024-09-30 11:08:36.968835','Modi ut enim.','Rustic Silk Knife',6228,NULL,4),(615,'2024-09-30 11:08:36.974081','2024-09-30 11:08:36.974081','Quia vel consequatur quidem.','Gorgeous Paper Gloves',6185,NULL,3),(616,'2024-09-30 11:08:36.980334','2024-09-30 11:08:36.981334','Suscipit nulla et impedit sint.','Aerodynamic Cotton Plate',925,NULL,2),(617,'2024-09-30 11:08:36.988883','2024-09-30 11:08:36.988883','Ea ut quam ab.','Sleek Linen Knife',8040,NULL,3),(618,'2024-09-30 11:08:36.993885','2024-09-30 11:08:36.993885','Inventore officia voluptatibus quod.','Aerodynamic Plastic Gloves',8202,NULL,3),(619,'2024-09-30 11:08:37.002203','2024-09-30 11:08:37.002203','Molestiae numquam aspernatur dignissimos consectetur qui soluta est.','Incredible Bronze Plate',5563,NULL,3),(620,'2024-09-30 11:08:37.009660','2024-09-30 11:08:37.009660','Omnis vel dolorem voluptates placeat quis.','Sleek Leather Keyboard',9853,NULL,3),(621,'2024-09-30 11:08:37.016543','2024-09-30 11:08:37.016543','Occaecati ut itaque et velit non deserunt animi.','Sleek Steel Plate',4396,NULL,2),(622,'2024-09-30 11:08:37.023546','2024-09-30 11:08:37.023546','Deleniti consequatur doloremque et consequatur animi est.','Awesome Bronze Computer',7902,NULL,2),(623,'2024-09-30 11:08:37.039417','2024-09-30 11:08:37.039417','Sed delectus dolor et consequatur quam.','Durable Iron Car',4141,NULL,2),(624,'2024-09-30 11:08:37.045060','2024-09-30 11:08:37.045060','Porro alias quaerat earum quia.','Small Wool Plate',2741,NULL,2),(625,'2024-09-30 11:08:37.051609','2024-09-30 11:08:37.051609','Velit eos et enim unde.','Intelligent Linen Table',8428,NULL,2),(626,'2024-09-30 11:08:37.058640','2024-09-30 11:08:37.058640','Id et tempora molestiae error porro error.','Lightweight Granite Lamp',9862,NULL,2),(627,'2024-09-30 11:08:37.064742','2024-09-30 11:08:37.064742','Soluta similique animi beatae laboriosam qui commodi.','Mediocre Cotton Bag',1245,NULL,3),(628,'2024-09-30 11:08:37.071074','2024-09-30 11:08:37.071074','Ullam vel laudantium.','Gorgeous Wool Bench',6452,NULL,3),(629,'2024-09-30 11:08:37.075320','2024-09-30 11:08:37.075320','Officiis sed qui et explicabo est cum.','Sleek Wooden Coat',3337,NULL,4),(630,'2024-09-30 11:08:37.081512','2024-09-30 11:08:37.081512','Tenetur blanditiis delectus harum.','Mediocre Steel Pants',6982,NULL,3),(631,'2024-09-30 11:08:37.087463','2024-09-30 11:08:37.087463','Veritatis reprehenderit ab asperiores pariatur.','Aerodynamic Steel Computer',8016,NULL,3),(632,'2024-09-30 11:08:37.091888','2024-09-30 11:08:37.091888','Pariatur exercitationem dolore nisi.','Durable Aluminum Pants',73,NULL,3),(633,'2024-09-30 11:08:37.098381','2024-09-30 11:08:37.098381','Aliquam quod ut.','Synergistic Plastic Clock',2610,NULL,3),(634,'2024-09-30 11:08:37.104124','2024-09-30 11:08:37.104124','Dolor aut omnis dignissimos et et sunt.','Rustic Silk Watch',8712,NULL,4),(635,'2024-09-30 11:08:37.108791','2024-09-30 11:08:37.108791','Ducimus necessitatibus aut reiciendis optio et reprehenderit atque.','Incredible Linen Knife',2056,NULL,3),(636,'2024-09-30 11:08:37.115381','2024-09-30 11:08:37.115381','Natus voluptas consectetur.','Intelligent Wooden Knife',1933,NULL,2),(637,'2024-09-30 11:08:37.120386','2024-09-30 11:08:37.120386','Eligendi est ad dolorum et dolorem qui culpa.','Lightweight Bronze Clock',7890,NULL,2),(638,'2024-09-30 11:08:37.126382','2024-09-30 11:08:37.126382','Et tenetur possimus in voluptatum eveniet rem modi.','Heavy Duty Cotton Bench',5308,NULL,3),(639,'2024-09-30 11:08:37.132383','2024-09-30 11:08:37.132383','Nemo eum distinctio et veritatis rerum nemo tenetur.','Awesome Plastic Plate',5979,NULL,3),(640,'2024-09-30 11:08:37.139381','2024-09-30 11:08:37.139381','Dolorem molestiae in officiis.','Rustic Bronze Bench',7032,NULL,2),(641,'2024-09-30 11:08:37.148212','2024-09-30 11:08:37.148212','Minima quo reprehenderit fugiat provident voluptas ut.','Sleek Linen Pants',289,NULL,2),(642,'2024-09-30 11:08:37.155254','2024-09-30 11:08:37.155254','Cum occaecati nulla eaque qui perferendis.','Rustic Leather Pants',5065,NULL,4),(643,'2024-09-30 11:08:37.160577','2024-09-30 11:08:37.160577','Non tempore possimus.','Practical Cotton Watch',3468,NULL,3),(644,'2024-09-30 11:08:37.167044','2024-09-30 11:08:37.167044','Omnis doloremque enim ipsam.','Ergonomic Linen Knife',7050,NULL,4),(645,'2024-09-30 11:08:37.173202','2024-09-30 11:08:37.173202','Necessitatibus fuga aut id.','Aerodynamic Wooden Knife',6398,NULL,3),(646,'2024-09-30 11:08:37.180539','2024-09-30 11:08:37.180539','Voluptatem non eligendi nobis vel adipisci.','Enormous Bronze Chair',9168,NULL,3),(647,'2024-09-30 11:08:37.187910','2024-09-30 11:08:37.187910','Consequatur et voluptas autem est.','Fantastic Rubber Table',2532,NULL,4),(648,'2024-09-30 11:08:37.196587','2024-09-30 11:08:37.196587','Non qui at vel.','Practical Silk Bottle',1158,NULL,3),(649,'2024-09-30 11:08:37.204812','2024-09-30 11:08:37.204812','Non maiores minima fuga ut possimus aliquam.','Lightweight Concrete Coat',9211,NULL,3),(650,'2024-09-30 11:08:37.211818','2024-09-30 11:08:37.211818','Et sapiente maiores minima.','Enormous Wooden Bottle',7119,NULL,3),(651,'2024-09-30 11:08:37.220904','2024-09-30 11:08:37.220904','Error eos iure.','Mediocre Granite Bench',8124,NULL,3),(652,'2024-09-30 11:08:37.227644','2024-09-30 11:08:37.227644','Blanditiis sint qui nemo impedit voluptate.','Heavy Duty Cotton Knife',4730,NULL,3),(653,'2024-09-30 11:08:37.234919','2024-09-30 11:08:37.234919','Et earum rem cupiditate.','Lightweight Plastic Keyboard',3138,NULL,3),(654,'2024-09-30 11:08:37.242113','2024-09-30 11:08:37.242113','Quidem voluptate neque suscipit culpa aut.','Intelligent Paper Pants',5172,NULL,3),(655,'2024-09-30 11:08:37.248909','2024-09-30 11:08:37.248909','Doloribus aperiam est iusto laboriosam.','Incredible Leather Clock',4521,NULL,3),(656,'2024-09-30 11:08:37.253907','2024-09-30 11:08:37.253907','Accusamus et sint asperiores quae eaque quia.','Enormous Wool Clock',2655,NULL,2),(657,'2024-09-30 11:08:37.260726','2024-09-30 11:08:37.260726','Suscipit qui quidem velit molestiae repellendus dignissimos.','Gorgeous Linen Shoes',7023,NULL,3),(658,'2024-09-30 11:08:37.266764','2024-09-30 11:08:37.266764','Nesciunt officia nam et magni ea.','Synergistic Linen Keyboard',1773,NULL,2),(659,'2024-09-30 11:08:37.272578','2024-09-30 11:08:37.272578','Occaecati fugiat ea optio dolorem quis.','Lightweight Iron Coat',8780,NULL,2),(660,'2024-09-30 11:08:37.277642','2024-09-30 11:08:37.277642','Deleniti officia porro perspiciatis velit ut eum at.','Intelligent Steel Shoes',5535,NULL,4),(661,'2024-09-30 11:08:37.283500','2024-09-30 11:08:37.283500','Rem aut est natus molestiae voluptas rerum sit.','Mediocre Rubber Keyboard',3749,NULL,3),(662,'2024-09-30 11:08:37.288536','2024-09-30 11:08:37.288536','Quis voluptas adipisci quos omnis quia soluta quas.','Practical Linen Wallet',4236,NULL,4),(663,'2024-09-30 11:08:37.295202','2024-09-30 11:08:37.295202','Cupiditate sit doloremque eaque.','Ergonomic Paper Bench',258,NULL,2),(664,'2024-09-30 11:08:37.301567','2024-09-30 11:08:37.301567','Aliquam ea occaecati iste.','Ergonomic Rubber Bench',7567,NULL,3),(665,'2024-09-30 11:08:37.307026','2024-09-30 11:08:37.307026','Facilis est ut ad velit assumenda omnis.','Lightweight Silk Hat',9886,NULL,2),(666,'2024-09-30 11:08:37.312904','2024-09-30 11:08:37.312904','Odio ut odit eum rerum adipisci.','Mediocre Rubber Computer',2567,NULL,3),(667,'2024-09-30 11:08:37.319651','2024-09-30 11:08:37.319651','Exercitationem aut aut illo quam eos quod ad.','Enormous Granite Coat',5636,NULL,3),(668,'2024-09-30 11:08:37.326331','2024-09-30 11:08:37.326331','Unde sed facere unde repudiandae alias.','Small Bronze Wallet',8486,NULL,3),(669,'2024-09-30 11:08:37.332351','2024-09-30 11:08:37.332351','Aut cum fugiat ea doloremque nemo beatae nulla.','Gorgeous Steel Coat',8163,NULL,3),(670,'2024-09-30 11:08:37.338004','2024-09-30 11:08:37.338004','Amet perspiciatis aperiam aliquam ea esse facilis.','Fantastic Plastic Computer',956,NULL,3),(671,'2024-09-30 11:08:37.343211','2024-09-30 11:08:37.343211','Quidem quis nam eius inventore aliquid.','Lightweight Aluminum Keyboard',5113,NULL,3),(672,'2024-09-30 11:08:37.349796','2024-09-30 11:08:37.349796','Sed rem mollitia.','Intelligent Cotton Coat',4711,NULL,2),(673,'2024-09-30 11:08:37.355373','2024-09-30 11:08:37.355373','Harum accusantium voluptatem.','Lightweight Wooden Wallet',8969,NULL,2),(674,'2024-09-30 11:08:37.360247','2024-09-30 11:08:37.360247','Perferendis dolores vel et hic cupiditate.','Ergonomic Rubber Lamp',4620,NULL,3),(675,'2024-09-30 11:08:37.366352','2024-09-30 11:08:37.366352','In repellat molestiae nam.','Rustic Iron Gloves',5005,NULL,3),(676,'2024-09-30 11:08:37.371609','2024-09-30 11:08:37.371609','Et laboriosam corporis ratione ipsa pariatur cumque quo.','Small Copper Shirt',4128,NULL,3),(677,'2024-09-30 11:08:37.377615','2024-09-30 11:08:37.377615','Quasi at voluptas deleniti eos.','Gorgeous Plastic Keyboard',942,NULL,3),(678,'2024-09-30 11:08:37.384614','2024-09-30 11:08:37.384614','Et voluptatum dolor.','Aerodynamic Marble Keyboard',9180,NULL,3),(679,'2024-09-30 11:08:37.390768','2024-09-30 11:08:37.390768','Eaque et totam.','Sleek Cotton Shoes',5792,NULL,2),(680,'2024-09-30 11:08:37.398061','2024-09-30 11:08:37.398061','Dignissimos ad doloremque et reiciendis deleniti soluta illo.','Mediocre Leather Gloves',5740,NULL,3),(681,'2024-09-30 11:08:37.403862','2024-09-30 11:08:37.403862','Placeat occaecati sint sint sit dolorem.','Practical Paper Plate',6466,NULL,3),(682,'2024-09-30 11:08:37.408748','2024-09-30 11:08:37.408748','Quis pariatur dolores ipsa excepturi nesciunt voluptas culpa.','Aerodynamic Steel Chair',5988,NULL,3),(683,'2024-09-30 11:08:37.414748','2024-09-30 11:08:37.414748','Omnis qui voluptas.','Awesome Wooden Shirt',540,NULL,3),(684,'2024-09-30 11:08:37.420962','2024-09-30 11:08:37.420962','Dolor saepe quia laboriosam aspernatur aut quaerat neque.','Awesome Wooden Bench',8079,NULL,2),(685,'2024-09-30 11:08:37.426396','2024-09-30 11:08:37.426396','Aliquam cupiditate tenetur enim suscipit in voluptas.','Practical Granite Coat',3830,NULL,3),(686,'2024-09-30 11:08:37.432026','2024-09-30 11:08:37.432026','Eos blanditiis esse labore iusto a est.','Fantastic Linen Hat',2916,NULL,2),(687,'2024-09-30 11:08:37.437874','2024-09-30 11:08:37.437874','Ut possimus sit ex dolores dolore amet culpa.','Synergistic Silk Wallet',2547,NULL,3),(688,'2024-09-30 11:08:37.443027','2024-09-30 11:08:37.443027','Quibusdam saepe cum non reprehenderit harum iusto est.','Rustic Paper Pants',2698,NULL,3),(689,'2024-09-30 11:08:37.451788','2024-09-30 11:08:37.451788','Temporibus qui doloremque.','Small Rubber Bottle',4981,NULL,2),(690,'2024-09-30 11:08:37.458427','2024-09-30 11:08:37.458427','Aut ipsum ea itaque veritatis.','Small Copper Chair',2123,NULL,3),(691,'2024-09-30 11:08:37.465002','2024-09-30 11:08:37.465002','Aut quasi qui debitis soluta.','Rustic Wool Wallet',5829,NULL,3),(692,'2024-09-30 11:08:37.471409','2024-09-30 11:08:37.471409','Libero eum quaerat saepe fugit.','Aerodynamic Copper Clock',4886,NULL,2),(693,'2024-09-30 11:08:37.476997','2024-09-30 11:08:37.476997','Et optio pariatur ut voluptatem assumenda.','Rustic Granite Keyboard',7216,NULL,2),(694,'2024-09-30 11:08:37.483930','2024-09-30 11:08:37.483930','Officiis quaerat quo libero qui.','Mediocre Rubber Car',9782,NULL,3),(695,'2024-09-30 11:08:37.488920','2024-09-30 11:08:37.488920','A a sit.','Synergistic Wooden Pants',6322,NULL,3),(696,'2024-09-30 11:08:37.494557','2024-09-30 11:08:37.494557','Sit natus ipsam et asperiores et voluptate beatae.','Awesome Copper Knife',6911,NULL,3),(697,'2024-09-30 11:08:37.499791','2024-09-30 11:08:37.499791','Consequatur nihil asperiores rerum quia provident consequuntur.','Gorgeous Copper Hat',5248,NULL,4),(698,'2024-09-30 11:08:37.504760','2024-09-30 11:08:37.504760','Eum dolore fugit.','Enormous Marble Pants',4817,NULL,2),(699,'2024-09-30 11:08:37.510460','2024-09-30 11:08:37.510460','Totam error explicabo eligendi laborum.','Small Wool Chair',4770,NULL,4),(700,'2024-09-30 11:08:37.515755','2024-09-30 11:08:37.515755','Dicta assumenda aspernatur eos pariatur.','Synergistic Rubber Bottle',1116,NULL,3),(701,'2024-09-30 11:08:37.521760','2024-09-30 11:08:37.521760','Cupiditate corporis non corporis voluptas.','Enormous Concrete Wallet',2360,NULL,3),(702,'2024-09-30 11:08:37.528939','2024-09-30 11:08:37.528939','Odit maxime eius nesciunt.','Awesome Aluminum Shoes',4710,NULL,4),(703,'2024-09-30 11:08:37.534869','2024-09-30 11:08:37.534869','Unde est voluptas.','Lightweight Paper Gloves',8990,NULL,3),(704,'2024-09-30 11:08:37.540673','2024-09-30 11:08:37.540673','Neque rerum est.','Practical Linen Table',1211,NULL,4),(705,'2024-09-30 11:08:37.545421','2024-09-30 11:08:37.545421','Earum quo maxime modi.','Aerodynamic Silk Shoes',7214,NULL,3),(706,'2024-09-30 11:08:37.551782','2024-09-30 11:08:37.551782','Laudantium corporis voluptatem ullam incidunt labore dolores ea.','Mediocre Copper Shoes',438,NULL,2),(707,'2024-09-30 11:08:37.559556','2024-09-30 11:08:37.559556','Perferendis et quos.','Gorgeous Steel Wallet',995,NULL,3),(708,'2024-09-30 11:08:37.564794','2024-09-30 11:08:37.564794','Assumenda delectus sint non quisquam impedit.','Synergistic Bronze Hat',1619,NULL,2),(709,'2024-09-30 11:08:37.570538','2024-09-30 11:08:37.570538','Consequatur est et animi ipsam saepe similique.','Awesome Concrete Wallet',298,NULL,3),(710,'2024-09-30 11:08:37.576650','2024-09-30 11:08:37.576650','Velit accusamus repellat voluptas.','Mediocre Aluminum Plate',2132,NULL,4),(711,'2024-09-30 11:08:37.582729','2024-09-30 11:08:37.582729','At at quasi a voluptates placeat.','Aerodynamic Bronze Car',4647,NULL,3),(712,'2024-09-30 11:08:37.588010','2024-09-30 11:08:37.588010','Harum qui ab aut.','Intelligent Copper Wallet',2869,NULL,3),(713,'2024-09-30 11:08:37.592974','2024-09-30 11:08:37.592974','Veritatis nam amet vero.','Lightweight Silk Plate',8584,NULL,3),(714,'2024-09-30 11:08:37.597973','2024-09-30 11:08:37.597973','Aut explicabo corporis.','Enormous Wooden Lamp',3291,NULL,3),(715,'2024-09-30 11:08:37.604846','2024-09-30 11:08:37.604846','Veritatis dolores ducimus commodi non.','Awesome Marble Bench',2132,NULL,3),(716,'2024-09-30 11:08:37.610026','2024-09-30 11:08:37.610026','Officia id pariatur.','Heavy Duty Aluminum Computer',5595,NULL,4),(717,'2024-09-30 11:08:37.615926','2024-09-30 11:08:37.615926','Et molestiae magnam dolor sit.','Ergonomic Linen Chair',2737,NULL,3),(718,'2024-09-30 11:08:37.624041','2024-09-30 11:08:37.624041','Aut ipsam illo voluptatem nesciunt dolor quia rerum.','Mediocre Wooden Bench',6117,NULL,3),(719,'2024-09-30 11:08:37.630263','2024-09-30 11:08:37.630263','Sed illum voluptas distinctio.','Rustic Copper Coat',8590,NULL,4),(720,'2024-09-30 11:08:37.637764','2024-09-30 11:08:37.637764','Laudantium odit quasi.','Enormous Iron Wallet',1687,NULL,3),(721,'2024-09-30 11:08:37.643590','2024-09-30 11:08:37.643590','Molestias ut reprehenderit mollitia expedita et ipsa odio.','Lightweight Plastic Computer',4781,NULL,3),(722,'2024-09-30 11:08:37.650166','2024-09-30 11:08:37.650166','Nobis ducimus facere et omnis molestiae quia enim.','Intelligent Iron Car',6815,NULL,2),(723,'2024-09-30 11:08:37.658007','2024-09-30 11:08:37.658007','Corrupti dolor nobis non debitis sunt quibusdam atque.','Awesome Marble Lamp',821,NULL,3),(724,'2024-09-30 11:08:37.667213','2024-09-30 11:08:37.667213','Dolor optio ut nobis excepturi laborum voluptatum.','Fantastic Paper Hat',1977,NULL,2),(725,'2024-09-30 11:08:37.672845','2024-09-30 11:08:37.672845','Voluptatem velit exercitationem consequatur qui dolorum enim non.','Mediocre Wooden Watch',2527,NULL,3),(726,'2024-09-30 11:08:37.678013','2024-09-30 11:08:37.678013','Repudiandae odio iusto enim amet quia.','Mediocre Copper Knife',6319,NULL,3),(727,'2024-09-30 11:08:37.684486','2024-09-30 11:08:37.684486','Tenetur nostrum cupiditate ducimus eos ad non.','Practical Copper Bottle',7086,NULL,2),(728,'2024-09-30 11:08:37.691367','2024-09-30 11:08:37.691367','Qui et sunt illum.','Gorgeous Steel Plate',2237,NULL,3),(729,'2024-09-30 11:08:37.697694','2024-09-30 11:08:37.697694','Expedita omnis unde.','Awesome Iron Lamp',7231,NULL,2),(730,'2024-09-30 11:08:37.703724','2024-09-30 11:08:37.703724','Dolore aut ut possimus odio itaque.','Practical Silk Car',2816,NULL,3),(731,'2024-09-30 11:08:37.709522','2024-09-30 11:08:37.709522','Omnis quo ipsum voluptatum.','Incredible Wooden Table',4693,NULL,3),(732,'2024-09-30 11:08:37.715912','2024-09-30 11:08:37.715912','Vel quod molestias officia et.','Intelligent Paper Computer',7318,NULL,3),(733,'2024-09-30 11:08:37.722254','2024-09-30 11:08:37.722254','In pariatur quia dolores voluptas quis numquam.','Durable Aluminum Car',736,NULL,3),(734,'2024-09-30 11:08:37.727810','2024-09-30 11:08:37.727810','Sed officiis voluptatum et sed.','Intelligent Silk Bottle',2101,NULL,3),(735,'2024-09-30 11:08:37.733744','2024-09-30 11:08:37.733744','Qui unde provident tempore cumque.','Enormous Iron Table',4542,NULL,3),(736,'2024-09-30 11:08:37.740578','2024-09-30 11:08:37.740578','Ut iste facilis aut et et asperiores.','Fantastic Paper Car',9050,NULL,3),(737,'2024-09-30 11:08:37.746047','2024-09-30 11:08:37.746047','Enim deleniti autem.','Awesome Iron Bench',2255,NULL,4),(738,'2024-09-30 11:08:37.752684','2024-09-30 11:08:37.752684','Hic totam velit et sed animi.','Gorgeous Iron Bottle',3214,NULL,3),(739,'2024-09-30 11:08:37.758316','2024-09-30 11:08:37.758316','Quaerat non mollitia sit et.','Small Steel Clock',4222,NULL,2),(740,'2024-09-30 11:08:37.764457','2024-09-30 11:08:37.764457','Atque quis quis ea dolorem.','Small Wooden Shoes',5348,NULL,3),(741,'2024-09-30 11:08:37.772292','2024-09-30 11:08:37.772292','Adipisci enim velit.','Fantastic Silk Plate',1157,NULL,4),(742,'2024-09-30 11:08:37.778741','2024-09-30 11:08:37.778741','Tempore numquam eum aperiam ut.','Enormous Linen Car',1283,NULL,2),(743,'2024-09-30 11:08:37.785741','2024-09-30 11:08:37.785741','Qui molestiae esse quam ex qui.','Enormous Silk Bench',4746,NULL,2),(744,'2024-09-30 11:08:37.791339','2024-09-30 11:08:37.791339','Quis voluptatem sunt id impedit.','Small Bronze Pants',5364,NULL,2),(745,'2024-09-30 11:08:37.798466','2024-09-30 11:08:37.798466','Odit sed veniam incidunt et.','Incredible Wooden Coat',4632,NULL,3),(746,'2024-09-30 11:08:37.804508','2024-09-30 11:08:37.804508','Adipisci et fugiat.','Incredible Bronze Gloves',4011,NULL,3),(747,'2024-09-30 11:08:37.809936','2024-09-30 11:08:37.809936','Et deserunt adipisci et ex enim accusantium enim.','Rustic Bronze Bottle',7997,NULL,2),(748,'2024-09-30 11:08:37.818028','2024-09-30 11:08:37.818028','Incidunt voluptas eaque voluptas ex eveniet.','Intelligent Bronze Computer',1464,NULL,3),(749,'2024-09-30 11:08:37.826162','2024-09-30 11:08:37.826162','Illo est aliquam suscipit.','Heavy Duty Cotton Pants',8830,NULL,4),(750,'2024-09-30 11:08:37.833292','2024-09-30 11:08:37.833292','Rerum quia nam et voluptatem nihil doloribus nihil.','Ergonomic Paper Shirt',6837,NULL,3),(751,'2024-09-30 11:08:37.840932','2024-09-30 11:08:37.840932','Quo et voluptatem praesentium amet voluptatibus et at.','Small Steel Bag',8490,NULL,2),(752,'2024-09-30 11:08:37.848014','2024-09-30 11:08:37.848014','Qui beatae est deleniti temporibus eius.','Practical Linen Shirt',1184,NULL,2),(753,'2024-09-30 11:08:37.855500','2024-09-30 11:08:37.855500','Sit alias quia aut doloremque.','Intelligent Paper Plate',8788,NULL,3),(754,'2024-09-30 11:08:37.863061','2024-09-30 11:08:37.863061','Non aut dolor quam.','Fantastic Wooden Car',5491,NULL,2),(755,'2024-09-30 11:08:37.870078','2024-09-30 11:08:37.870078','Sint similique magnam.','Incredible Rubber Chair',2123,NULL,2),(756,'2024-09-30 11:08:37.877741','2024-09-30 11:08:37.877741','Consequatur et quis rem maxime.','Rustic Leather Wallet',4210,NULL,3),(757,'2024-09-30 11:08:37.886072','2024-09-30 11:08:37.886072','Sed consequatur est ut aut alias quasi.','Heavy Duty Iron Knife',7188,NULL,2),(758,'2024-09-30 11:08:37.892279','2024-09-30 11:08:37.892279','Enim in eaque sunt dolorem harum repudiandae facilis.','Heavy Duty Granite Wallet',1678,NULL,3),(759,'2024-09-30 11:08:37.898821','2024-09-30 11:08:37.898821','Repellendus similique veritatis.','Fantastic Wooden Shoes',4100,NULL,2),(760,'2024-09-30 11:08:37.905630','2024-09-30 11:08:37.905630','Quidem sint deleniti nemo quo excepturi ut.','Rustic Concrete Gloves',4306,NULL,3),(761,'2024-09-30 11:08:37.915706','2024-09-30 11:08:37.915706','Nihil qui non inventore.','Practical Wooden Hat',6003,NULL,3),(762,'2024-09-30 11:08:37.923827','2024-09-30 11:08:37.923827','Quia consequuntur blanditiis expedita asperiores suscipit.','Practical Marble Bag',6459,NULL,4),(763,'2024-09-30 11:08:37.929824','2024-09-30 11:08:37.929824','Magnam eveniet nihil aut qui.','Durable Wool Coat',4205,NULL,2),(764,'2024-09-30 11:08:37.937329','2024-09-30 11:08:37.937329','Dolorem debitis voluptates.','Mediocre Granite Bottle',4446,NULL,4),(765,'2024-09-30 11:08:37.944317','2024-09-30 11:08:37.944317','Animi reiciendis et.','Durable Bronze Lamp',5593,NULL,2),(766,'2024-09-30 11:08:37.952738','2024-09-30 11:08:37.952738','Non qui modi voluptatibus nostrum.','Lightweight Plastic Shirt',7832,NULL,3),(767,'2024-09-30 11:08:37.962300','2024-09-30 11:08:37.962300','Aut est adipisci ea labore.','Incredible Paper Hat',4570,NULL,2),(768,'2024-09-30 11:08:37.971384','2024-09-30 11:08:37.971384','Perferendis fuga esse reiciendis quibusdam quia.','Heavy Duty Rubber Bench',2430,NULL,3),(769,'2024-09-30 11:08:37.978854','2024-09-30 11:08:37.978854','Dolor quis architecto.','Small Cotton Bag',4795,NULL,4),(770,'2024-09-30 11:08:37.986188','2024-09-30 11:08:37.986188','Quo et et voluptatum omnis impedit totam asperiores.','Aerodynamic Paper Coat',9877,NULL,3),(771,'2024-09-30 11:08:37.992244','2024-09-30 11:08:37.992244','Aut et dignissimos ut.','Durable Iron Shoes',5549,NULL,3),(772,'2024-09-30 11:08:37.998837','2024-09-30 11:08:37.998837','Beatae dolorum illo ut quibusdam necessitatibus.','Enormous Leather Plate',1069,NULL,3),(773,'2024-09-30 11:08:38.004514','2024-09-30 11:08:38.004514','Labore nam molestiae voluptas repudiandae tenetur eum consequatur.','Rustic Steel Plate',9880,NULL,3),(774,'2024-09-30 11:08:38.010037','2024-09-30 11:08:38.010037','Fuga est rem quia.','Durable Linen Bag',8223,NULL,3),(775,'2024-09-30 11:08:38.015903','2024-09-30 11:08:38.015903','Repellat ut suscipit atque nulla et.','Awesome Granite Wallet',5125,NULL,2),(776,'2024-09-30 11:08:38.022198','2024-09-30 11:08:38.022198','Consequuntur harum sint non.','Enormous Plastic Bottle',869,NULL,2),(777,'2024-09-30 11:08:38.026408','2024-09-30 11:08:38.026408','Dolor et delectus.','Mediocre Aluminum Pants',4087,NULL,3),(778,'2024-09-30 11:08:38.033990','2024-09-30 11:08:38.033990','Ut ad non.','Fantastic Linen Clock',7850,NULL,3),(779,'2024-09-30 11:08:38.039000','2024-09-30 11:08:38.039000','Nihil voluptatem eum.','Durable Plastic Hat',9229,NULL,4),(780,'2024-09-30 11:08:38.044454','2024-09-30 11:08:38.044454','Dolorem porro impedit laudantium.','Durable Linen Gloves',1408,NULL,2),(781,'2024-09-30 11:08:38.051726','2024-09-30 11:08:38.051726','Delectus consectetur eum ea qui eligendi beatae quibusdam.','Heavy Duty Linen Watch',9865,NULL,3),(782,'2024-09-30 11:08:38.058754','2024-09-30 11:08:38.058754','Laborum aperiam minus labore natus ut velit.','Durable Paper Knife',2275,NULL,3),(783,'2024-09-30 11:08:38.065116','2024-09-30 11:08:38.065116','At iure fuga doloremque repellat quaerat.','Ergonomic Plastic Watch',4574,NULL,3),(784,'2024-09-30 11:08:38.073495','2024-09-30 11:08:38.073495','Maiores dolore illum.','Practical Rubber Computer',3433,NULL,3),(785,'2024-09-30 11:08:38.079587','2024-09-30 11:08:38.079587','At iste rerum.','Lightweight Iron Knife',6163,NULL,2),(786,'2024-09-30 11:08:38.086405','2024-09-30 11:08:38.086405','Rerum est asperiores dolor ea eveniet repudiandae.','Synergistic Silk Watch',4166,NULL,3),(787,'2024-09-30 11:08:38.093771','2024-09-30 11:08:38.093771','Ab quam quia quam.','Sleek Copper Keyboard',5093,NULL,2),(788,'2024-09-30 11:08:38.100276','2024-09-30 11:08:38.100276','Reiciendis velit laudantium accusantium praesentium magnam non.','Enormous Bronze Bottle',1007,NULL,2),(789,'2024-09-30 11:08:38.106627','2024-09-30 11:08:38.106627','Sequi eos dicta nisi consequuntur eum.','Gorgeous Marble Table',8427,NULL,2),(790,'2024-09-30 11:08:38.113738','2024-09-30 11:08:38.113738','Qui alias quo nihil.','Awesome Concrete Shirt',1744,NULL,2),(791,'2024-09-30 11:08:38.120921','2024-09-30 11:08:38.120921','Sunt quia magni in et quae voluptas fuga.','Intelligent Plastic Computer',5858,NULL,3),(792,'2024-09-30 11:08:38.126021','2024-09-30 11:08:38.126021','Ut ad enim nulla quae.','Synergistic Wooden Watch',329,NULL,3),(793,'2024-09-30 11:08:38.133066','2024-09-30 11:08:38.133066','Repellendus voluptate nesciunt et consequatur.','Mediocre Marble Chair',7881,NULL,3),(794,'2024-09-30 11:08:38.139518','2024-09-30 11:08:38.139518','Qui sunt cum.','Rustic Copper Hat',908,NULL,3),(795,'2024-09-30 11:08:38.144943','2024-09-30 11:08:38.144943','Et earum architecto id dolores facere voluptatem iste.','Fantastic Granite Pants',6883,NULL,3),(796,'2024-09-30 11:08:38.151245','2024-09-30 11:08:38.151245','Voluptatem omnis consequuntur nostrum et illum in.','Enormous Rubber Bag',7876,NULL,3),(797,'2024-09-30 11:08:38.156828','2024-09-30 11:08:38.156828','Hic non pariatur omnis.','Aerodynamic Wool Watch',368,NULL,3),(798,'2024-09-30 11:08:38.162841','2024-09-30 11:08:38.162841','Ipsam pariatur veniam occaecati ut cupiditate.','Small Wooden Bench',7645,NULL,3),(799,'2024-09-30 11:08:38.168836','2024-09-30 11:08:38.168836','Maiores dolor quasi maiores.','Practical Cotton Bottle',6699,NULL,3),(800,'2024-09-30 11:08:38.175284','2024-09-30 11:08:38.175284','Ea ipsum est dolorem.','Heavy Duty Cotton Table',9292,NULL,3),(801,'2024-09-30 11:08:38.181736','2024-09-30 11:08:38.181736','Et eos deleniti soluta.','Aerodynamic Plastic Shoes',290,NULL,3),(802,'2024-09-30 11:08:38.188277','2024-09-30 11:08:38.188277','Accusantium dignissimos vel reiciendis asperiores aut rerum.','Rustic Rubber Hat',1778,NULL,2),(803,'2024-09-30 11:08:38.193790','2024-09-30 11:08:38.193790','Est sed fugiat.','Incredible Rubber Computer',4320,NULL,3),(804,'2024-09-30 11:08:38.201280','2024-09-30 11:08:38.201280','Et consequatur voluptatibus omnis eius sit dolorem voluptas.','Small Concrete Table',8463,NULL,3),(805,'2024-09-30 11:08:38.207470','2024-09-30 11:08:38.207470','Aut quaerat est.','Heavy Duty Aluminum Shoes',2108,NULL,3),(806,'2024-09-30 11:08:38.213922','2024-09-30 11:08:38.213922','Provident reiciendis et sit qui molestiae iste aut.','Fantastic Steel Keyboard',8595,NULL,3),(807,'2024-09-30 11:08:38.221227','2024-09-30 11:08:38.221227','Ut veniam architecto aut.','Ergonomic Plastic Plate',7127,NULL,3),(808,'2024-09-30 11:08:38.227633','2024-09-30 11:08:38.227633','Voluptas qui et.','Awesome Cotton Coat',2596,NULL,3),(809,'2024-09-30 11:08:38.232897','2024-09-30 11:08:38.232897','Natus aut aut optio at.','Mediocre Steel Chair',6704,NULL,3),(810,'2024-09-30 11:08:38.238861','2024-09-30 11:08:38.238861','Est libero porro fuga iste aut.','Sleek Marble Clock',1348,NULL,2),(811,'2024-09-30 11:08:38.243898','2024-09-30 11:08:38.243898','Ducimus illo sint voluptatem consequuntur quia earum laboriosam.','Synergistic Marble Car',4178,NULL,2),(812,'2024-09-30 11:08:38.250825','2024-09-30 11:08:38.250825','Accusantium recusandae non eos dolorum perferendis.','Mediocre Wooden Bottle',1382,NULL,3),(813,'2024-09-30 11:08:38.257184','2024-09-30 11:08:38.257184','Voluptatem fuga et.','Small Steel Chair',6607,NULL,3),(814,'2024-09-30 11:08:38.264692','2024-09-30 11:08:38.264692','Qui consequuntur porro esse saepe soluta.','Aerodynamic Wool Bag',8014,NULL,4),(815,'2024-09-30 11:08:38.271949','2024-09-30 11:08:38.271949','Aut voluptatem consectetur quaerat soluta beatae.','Durable Paper Watch',7120,NULL,3),(816,'2024-09-30 11:08:38.281349','2024-09-30 11:08:38.281349','Ut nulla voluptatem enim architecto accusamus reiciendis odio.','Practical Iron Gloves',1587,NULL,3),(817,'2024-09-30 11:08:38.288236','2024-09-30 11:08:38.288236','Assumenda eum neque cupiditate fugiat impedit et autem.','Lightweight Concrete Bag',8731,NULL,3),(818,'2024-09-30 11:08:38.293244','2024-09-30 11:08:38.293244','Eaque libero dolore delectus et iusto molestias.','Incredible Cotton Lamp',9281,NULL,3),(819,'2024-09-30 11:08:38.300273','2024-09-30 11:08:38.300273','At ea nobis porro architecto.','Sleek Silk Gloves',7528,NULL,2),(820,'2024-09-30 11:08:38.305686','2024-09-30 11:08:38.305686','Quia dolor qui non aut quae harum.','Aerodynamic Bronze Keyboard',5942,NULL,2),(821,'2024-09-30 11:08:38.311490','2024-09-30 11:08:38.311490','Molestiae impedit tempore.','Synergistic Paper Watch',4799,NULL,3),(822,'2024-09-30 11:08:38.317480','2024-09-30 11:08:38.317480','Repellendus molestias excepturi perspiciatis doloremque aut.','Practical Rubber Wallet',9477,NULL,2),(823,'2024-09-30 11:08:38.323852','2024-09-30 11:08:38.323852','Dolorum mollitia facilis.','Durable Granite Wallet',3120,NULL,3),(824,'2024-09-30 11:08:38.329213','2024-09-30 11:08:38.329213','Facere sit molestiae reprehenderit perspiciatis vero omnis.','Durable Iron Bench',4616,NULL,4),(825,'2024-09-30 11:08:38.335506','2024-09-30 11:08:38.335506','Provident dicta omnis totam doloremque.','Heavy Duty Iron Wallet',473,NULL,3),(826,'2024-09-30 11:08:38.341762','2024-09-30 11:08:38.341762','Accusamus sed dolor.','Aerodynamic Silk Computer',8859,NULL,2),(827,'2024-09-30 11:08:38.349068','2024-09-30 11:08:38.349068','Et aut sunt voluptates non dolores.','Aerodynamic Linen Coat',1413,NULL,3),(828,'2024-09-30 11:08:38.355730','2024-09-30 11:08:38.355730','Neque illum in et est consequuntur.','Small Cotton Chair',6965,NULL,3),(829,'2024-09-30 11:08:38.362453','2024-09-30 11:08:38.362453','Rem voluptatem neque voluptas amet et temporibus.','Small Aluminum Clock',332,NULL,3),(830,'2024-09-30 11:08:38.372371','2024-09-30 11:08:38.372371','Eveniet ullam velit.','Synergistic Granite Coat',6473,NULL,2),(831,'2024-09-30 11:08:38.381082','2024-09-30 11:08:38.381082','Molestiae qui illo est sint hic impedit quibusdam.','Durable Wool Wallet',6705,NULL,3),(832,'2024-09-30 11:08:38.389053','2024-09-30 11:08:38.389053','Debitis aspernatur nesciunt quibusdam voluptatibus odit sed.','Rustic Granite Clock',3052,NULL,3),(833,'2024-09-30 11:08:38.394476','2024-09-30 11:08:38.394476','Dolor ducimus in at.','Small Steel Car',9192,NULL,3),(834,'2024-09-30 11:08:38.400923','2024-09-30 11:08:38.400923','Quisquam quis ea ut.','Durable Copper Table',6121,NULL,2),(835,'2024-09-30 11:08:38.407068','2024-09-30 11:08:38.407068','Quod vero harum enim repellat odio eligendi hic.','Sleek Rubber Gloves',9659,NULL,3),(836,'2024-09-30 11:08:38.415069','2024-09-30 11:08:38.415069','Nisi et voluptatum aut occaecati.','Small Marble Clock',8244,NULL,2),(837,'2024-09-30 11:08:38.423797','2024-09-30 11:08:38.424794','Cumque eaque necessitatibus.','Intelligent Bronze Shoes',7584,NULL,3),(838,'2024-09-30 11:08:38.433757','2024-09-30 11:08:38.433757','Enim voluptates autem amet libero qui ut magni.','Small Iron Chair',1444,NULL,3),(839,'2024-09-30 11:08:38.442046','2024-09-30 11:08:38.442046','Laboriosam corporis ab perspiciatis rerum blanditiis necessitatibus.','Rustic Steel Watch',2547,NULL,3),(840,'2024-09-30 11:08:38.449564','2024-09-30 11:08:38.449564','Et sequi dolor.','Intelligent Linen Chair',6905,NULL,3),(841,'2024-09-30 11:08:38.457056','2024-09-30 11:08:38.457056','Omnis eum ea.','Synergistic Granite Knife',7701,NULL,3),(842,'2024-09-30 11:08:38.467909','2024-09-30 11:08:38.467909','Et sit molestiae provident necessitatibus quia.','Rustic Plastic Car',3293,NULL,3),(843,'2024-09-30 11:08:38.476726','2024-09-30 11:08:38.476726','Odio saepe nostrum sint sunt voluptas et.','Rustic Granite Computer',5679,NULL,2),(844,'2024-09-30 11:08:38.483397','2024-09-30 11:08:38.483397','Reprehenderit dolorum illo culpa esse vel ducimus necessitatibus.','Gorgeous Iron Chair',7729,NULL,3),(845,'2024-09-30 11:08:38.490340','2024-09-30 11:08:38.490340','Pariatur cum et deleniti consectetur.','Small Marble Keyboard',6807,NULL,3),(846,'2024-09-30 11:08:38.497130','2024-09-30 11:08:38.497130','Excepturi expedita sunt velit in aspernatur earum.','Gorgeous Bronze Car',668,NULL,3),(847,'2024-09-30 11:08:38.504633','2024-09-30 11:08:38.505937','Doloribus ipsam laborum.','Gorgeous Copper Watch',9653,NULL,2),(848,'2024-09-30 11:08:38.512583','2024-09-30 11:08:38.512583','Repellat expedita soluta et dignissimos quo.','Ergonomic Concrete Chair',8020,NULL,3),(849,'2024-09-30 11:08:38.521179','2024-09-30 11:08:38.521179','Aliquid sequi laborum.','Lightweight Granite Bench',1701,NULL,3),(850,'2024-09-30 11:08:38.528558','2024-09-30 11:08:38.528558','Consequuntur vel ullam ut eaque.','Awesome Steel Lamp',8916,NULL,3),(851,'2024-09-30 11:08:38.535198','2024-09-30 11:08:38.535198','Alias eum est.','Sleek Paper Bottle',3165,NULL,3),(852,'2024-09-30 11:08:38.541397','2024-09-30 11:08:38.541397','Quod qui et et.','Ergonomic Marble Clock',2312,NULL,4),(853,'2024-09-30 11:08:38.549416','2024-09-30 11:08:38.549416','Quidem aspernatur consequuntur et nisi possimus cupiditate amet.','Ergonomic Plastic Table',8442,NULL,3),(854,'2024-09-30 11:08:38.556359','2024-09-30 11:08:38.556359','Iure repudiandae voluptas sunt accusamus aliquam unde omnis.','Incredible Iron Shirt',4426,NULL,3),(855,'2024-09-30 11:08:38.563803','2024-09-30 11:08:38.563803','Ea adipisci voluptate.','Ergonomic Aluminum Knife',7552,NULL,3),(856,'2024-09-30 11:08:38.571338','2024-09-30 11:08:38.571338','Ut ut qui voluptatibus.','Mediocre Silk Lamp',9265,NULL,3),(857,'2024-09-30 11:08:38.578967','2024-09-30 11:08:38.578967','Numquam dolores adipisci.','Practical Leather Table',9251,NULL,2),(858,'2024-09-30 11:08:38.586723','2024-09-30 11:08:38.586723','Alias numquam aut aliquam sequi.','Practical Plastic Bag',1186,NULL,3),(859,'2024-09-30 11:08:38.593438','2024-09-30 11:08:38.593438','Sit libero commodi facere aut dolor.','Mediocre Cotton Coat',1633,NULL,3),(860,'2024-09-30 11:08:38.600574','2024-09-30 11:08:38.600574','Cupiditate magni dolorem dolorum.','Durable Leather Bag',3741,NULL,3),(861,'2024-09-30 11:08:38.607350','2024-09-30 11:08:38.607350','Dicta porro aliquam dignissimos.','Gorgeous Linen Clock',217,NULL,3),(862,'2024-09-30 11:08:38.614517','2024-09-30 11:08:38.614517','Ipsam est voluptatem architecto possimus voluptas eum.','Fantastic Leather Keyboard',867,NULL,4),(863,'2024-09-30 11:08:38.622973','2024-09-30 11:08:38.622973','Delectus ut totam rerum harum qui rem.','Sleek Plastic Watch',5190,NULL,3),(864,'2024-09-30 11:08:38.630426','2024-09-30 11:08:38.630426','Iusto maiores occaecati.','Enormous Marble Bench',1581,NULL,2),(865,'2024-09-30 11:08:38.636885','2024-09-30 11:08:38.636885','Earum non voluptatem deleniti in.','Intelligent Cotton Pants',4165,NULL,3),(866,'2024-09-30 11:08:38.645429','2024-09-30 11:08:38.645429','Doloremque magnam aut.','Enormous Copper Bottle',2164,NULL,2),(867,'2024-09-30 11:08:38.652327','2024-09-30 11:08:38.652327','Illo doloribus rerum magnam.','Enormous Wool Computer',1113,NULL,3),(868,'2024-09-30 11:08:38.658543','2024-09-30 11:08:38.658543','Quis perferendis vel corrupti illum sed fuga omnis.','Intelligent Steel Gloves',3073,NULL,3),(869,'2024-09-30 11:08:38.666881','2024-09-30 11:08:38.666881','Beatae minus sequi aspernatur.','Practical Rubber Hat',1141,NULL,2),(870,'2024-09-30 11:08:38.675619','2024-09-30 11:08:38.675619','Voluptate delectus aut dolores repudiandae fuga facere.','Mediocre Copper Bottle',9590,NULL,3),(871,'2024-09-30 11:08:38.686451','2024-09-30 11:08:38.686451','Iusto et ipsa perspiciatis voluptatem consequatur.','Intelligent Leather Knife',5535,NULL,3),(872,'2024-09-30 11:08:38.692542','2024-09-30 11:08:38.692542','Sit ipsa et nobis tempora maxime molestiae et.','Sleek Concrete Watch',2059,NULL,3),(873,'2024-09-30 11:08:38.700120','2024-09-30 11:08:38.700120','Aut laudantium fugit eaque eaque veritatis.','Practical Silk Table',6763,NULL,2),(874,'2024-09-30 11:08:38.705774','2024-09-30 11:08:38.705774','Tempora provident omnis sed in consequatur autem.','Intelligent Copper Clock',7221,NULL,4),(875,'2024-09-30 11:08:38.711117','2024-09-30 11:08:38.711117','Rerum iste eveniet est quos.','Fantastic Paper Bag',8802,NULL,3),(876,'2024-09-30 11:08:38.718446','2024-09-30 11:08:38.718446','Libero qui voluptatibus rem quam.','Fantastic Plastic Plate',413,NULL,3),(877,'2024-09-30 11:08:38.724979','2024-09-30 11:08:38.724979','Earum esse harum explicabo.','Fantastic Steel Coat',9443,NULL,4),(878,'2024-09-30 11:08:38.731926','2024-09-30 11:08:38.731926','Nam fugit vero omnis id.','Synergistic Paper Shoes',8373,NULL,3),(879,'2024-09-30 11:08:38.739726','2024-09-30 11:08:38.739726','Voluptates explicabo tenetur.','Sleek Granite Shoes',1744,NULL,3),(880,'2024-09-30 11:08:38.745073','2024-09-30 11:08:38.745073','Consequuntur ut non dicta ipsam.','Enormous Paper Bag',8759,NULL,3),(881,'2024-09-30 11:08:38.751424','2024-09-30 11:08:38.751424','Natus repellendus reprehenderit recusandae corrupti.','Mediocre Marble Plate',913,NULL,3),(882,'2024-09-30 11:08:38.758245','2024-09-30 11:08:38.758245','Amet cum autem commodi sit et rerum.','Lightweight Wool Bottle',694,NULL,3),(883,'2024-09-30 11:08:38.765889','2024-09-30 11:08:38.765889','Cupiditate autem cum inventore aut vero velit.','Intelligent Rubber Clock',7516,NULL,3),(884,'2024-09-30 11:08:38.772019','2024-09-30 11:08:38.772019','Voluptatum illo sunt.','Awesome Wooden Lamp',8197,NULL,3),(885,'2024-09-30 11:08:38.778026','2024-09-30 11:08:38.778026','Ratione consectetur culpa quasi nihil architecto natus omnis.','Small Copper Computer',4871,NULL,3),(886,'2024-09-30 11:08:38.787911','2024-09-30 11:08:38.787911','Repellendus est est et nulla architecto.','Ergonomic Plastic Hat',4353,NULL,3),(887,'2024-09-30 11:08:38.792972','2024-09-30 11:08:38.792972','At impedit vel numquam quia.','Rustic Steel Bottle',4274,NULL,3),(888,'2024-09-30 11:08:38.801165','2024-09-30 11:08:38.801165','Laudantium explicabo ratione laborum.','Incredible Linen Gloves',4057,NULL,2),(889,'2024-09-30 11:08:38.806123','2024-09-30 11:08:38.806123','Suscipit quo expedita hic qui consequatur voluptatem.','Ergonomic Wooden Bench',5589,NULL,2),(890,'2024-09-30 11:08:38.813335','2024-09-30 11:08:38.813335','Et consequatur sunt et eius consequuntur sit.','Heavy Duty Leather Keyboard',7440,NULL,3),(891,'2024-09-30 11:08:38.820363','2024-09-30 11:08:38.820363','Explicabo asperiores inventore.','Durable Linen Watch',9520,NULL,2),(892,'2024-09-30 11:08:38.826651','2024-09-30 11:08:38.826651','Quod unde ut consectetur.','Mediocre Steel Shirt',973,NULL,3),(893,'2024-09-30 11:08:38.833968','2024-09-30 11:08:38.833968','Illo eveniet et recusandae tempora qui.','Small Leather Keyboard',1049,NULL,3),(894,'2024-09-30 11:08:38.839547','2024-09-30 11:08:38.839547','Error provident a est quos et voluptas.','Heavy Duty Cotton Plate',4367,NULL,2),(895,'2024-09-30 11:08:38.845930','2024-09-30 11:08:38.845930','Provident sit et fugiat.','Sleek Plastic Bottle',5732,NULL,3),(896,'2024-09-30 11:08:38.853524','2024-09-30 11:08:38.853524','Fugiat est velit quasi.','Enormous Wool Car',2855,NULL,2),(897,'2024-09-30 11:08:38.861846','2024-09-30 11:08:38.861846','Qui qui veniam qui minus consequatur.','Durable Plastic Clock',4659,NULL,3),(898,'2024-09-30 11:08:38.869706','2024-09-30 11:08:38.869706','Facilis quia molestiae adipisci iste enim voluptas beatae.','Incredible Copper Plate',1425,NULL,4),(899,'2024-09-30 11:08:38.878026','2024-09-30 11:08:38.878026','Porro commodi quibusdam cupiditate qui ipsa aut soluta.','Mediocre Iron Gloves',8644,NULL,3),(900,'2024-09-30 11:08:38.887053','2024-09-30 11:08:38.887053','Temporibus nemo ratione aliquam eius autem quasi.','Sleek Wooden Bag',9622,NULL,3),(901,'2024-09-30 11:08:38.896868','2024-09-30 11:08:38.896868','Placeat aut cumque ab dolorum harum eius.','Rustic Bronze Bag',3113,NULL,3),(902,'2024-09-30 11:08:38.904282','2024-09-30 11:08:38.904282','Suscipit architecto tempore.','Aerodynamic Linen Shoes',7307,NULL,2),(903,'2024-09-30 11:08:38.909986','2024-09-30 11:08:38.909986','Explicabo sit quia.','Ergonomic Steel Clock',1588,NULL,3),(904,'2024-09-30 11:08:38.916537','2024-09-30 11:08:38.916537','Et libero autem voluptatem voluptatem molestiae omnis qui.','Durable Marble Keyboard',133,NULL,2),(905,'2024-09-30 11:08:38.923864','2024-09-30 11:08:38.923864','Et atque blanditiis et.','Enormous Paper Shirt',9743,NULL,3),(906,'2024-09-30 11:08:38.931808','2024-09-30 11:08:38.931808','Dolorum ut quod voluptatem natus.','Practical Wool Bench',9886,NULL,3),(907,'2024-09-30 11:08:38.940259','2024-09-30 11:08:38.940259','Occaecati et quis quidem.','Heavy Duty Wool Keyboard',9630,NULL,3),(908,'2024-09-30 11:08:38.946879','2024-09-30 11:08:38.946879','Iure sint labore ducimus a.','Fantastic Linen Computer',7734,NULL,3),(909,'2024-09-30 11:08:38.954996','2024-09-30 11:08:38.954996','Tempore error velit repellendus aut officiis.','Synergistic Concrete Bench',8923,NULL,3),(910,'2024-09-30 11:08:38.962628','2024-09-30 11:08:38.962628','Assumenda fuga dolore unde occaecati tempore.','Small Wooden Coat',2757,NULL,3),(911,'2024-09-30 11:08:38.970424','2024-09-30 11:08:38.970424','Fuga dignissimos eaque reiciendis quod exercitationem officiis.','Fantastic Wool Clock',7024,NULL,2),(912,'2024-09-30 11:08:38.976921','2024-09-30 11:08:38.976921','Nihil dignissimos vel asperiores cumque.','Lightweight Granite Pants',4106,NULL,3),(913,'2024-09-30 11:08:38.983207','2024-09-30 11:08:38.983207','Ipsam dolorem dignissimos.','Fantastic Granite Lamp',2219,NULL,4);
/*!40000 ALTER TABLE `products` ENABLE KEYS */;
UNLOCK TABLES;

--
-- Table structure for table `roles`
--

DROP TABLE IF EXISTS `roles`;
/*!40101 SET @saved_cs_client     = @@character_set_client */;
/*!50503 SET character_set_client = utf8mb4 */;
CREATE TABLE `roles` (
  `id` bigint NOT NULL AUTO_INCREMENT,
  `name` varchar(255) NOT NULL,
  PRIMARY KEY (`id`)
) ENGINE=InnoDB AUTO_INCREMENT=3 DEFAULT CHARSET=utf8mb4 COLLATE=utf8mb4_0900_ai_ci;
/*!40101 SET character_set_client = @saved_cs_client */;

--
-- Dumping data for table `roles`
--

LOCK TABLES `roles` WRITE;
/*!40000 ALTER TABLE `roles` DISABLE KEYS */;
INSERT INTO `roles` VALUES (1,'USER'),(2,'ADMIN');
/*!40000 ALTER TABLE `roles` ENABLE KEYS */;
UNLOCK TABLES;

--
-- Table structure for table `social_account`
--

DROP TABLE IF EXISTS `social_account`;
/*!40101 SET @saved_cs_client     = @@character_set_client */;
/*!50503 SET character_set_client = utf8mb4 */;
CREATE TABLE `social_account` (
  `id` bigint NOT NULL AUTO_INCREMENT,
  `email` varchar(150) DEFAULT NULL,
  `name` varchar(100) DEFAULT NULL,
  `provider` varchar(20) DEFAULT NULL,
  `provider_id` varchar(50) DEFAULT NULL,
  `user_id` bigint DEFAULT NULL,
  PRIMARY KEY (`id`),
  KEY `FKqg7naq00cg9s76a2tljlyafn6` (`user_id`),
  CONSTRAINT `FKqg7naq00cg9s76a2tljlyafn6` FOREIGN KEY (`user_id`) REFERENCES `users` (`id`)
) ENGINE=InnoDB DEFAULT CHARSET=utf8mb4 COLLATE=utf8mb4_0900_ai_ci;
/*!40101 SET character_set_client = @saved_cs_client */;

--
-- Dumping data for table `social_account`
--

LOCK TABLES `social_account` WRITE;
/*!40000 ALTER TABLE `social_account` DISABLE KEYS */;
/*!40000 ALTER TABLE `social_account` ENABLE KEYS */;
UNLOCK TABLES;

--
-- Table structure for table `tokens`
--

DROP TABLE IF EXISTS `tokens`;
/*!40101 SET @saved_cs_client     = @@character_set_client */;
/*!50503 SET character_set_client = utf8mb4 */;
CREATE TABLE `tokens` (
  `id` bigint NOT NULL AUTO_INCREMENT,
  `expiration_date` datetime(6) DEFAULT NULL,
  `expired` bit(1) DEFAULT NULL,
  `revoked` bit(1) DEFAULT NULL,
  `token` varchar(255) NOT NULL,
  `token_type` varchar(50) NOT NULL,
  `user_id` bigint DEFAULT NULL,
  PRIMARY KEY (`id`),
  KEY `FK2dylsfo39lgjyqml2tbe0b0ss` (`user_id`),
  CONSTRAINT `FK2dylsfo39lgjyqml2tbe0b0ss` FOREIGN KEY (`user_id`) REFERENCES `users` (`id`)
) ENGINE=InnoDB DEFAULT CHARSET=utf8mb4 COLLATE=utf8mb4_0900_ai_ci;
/*!40101 SET character_set_client = @saved_cs_client */;

--
-- Dumping data for table `tokens`
--

LOCK TABLES `tokens` WRITE;
/*!40000 ALTER TABLE `tokens` DISABLE KEYS */;
/*!40000 ALTER TABLE `tokens` ENABLE KEYS */;
UNLOCK TABLES;

--
-- Table structure for table `users`
--

DROP TABLE IF EXISTS `users`;
/*!40101 SET @saved_cs_client     = @@character_set_client */;
/*!50503 SET character_set_client = utf8mb4 */;
CREATE TABLE `users` (
  `id` bigint NOT NULL AUTO_INCREMENT,
  `created_at` datetime(6) DEFAULT NULL,
  `updated_at` datetime(6) DEFAULT NULL,
  `address` varchar(200) DEFAULT NULL,
  `date_of_birth` datetime(6) DEFAULT NULL,
  `facebook_account_id` int DEFAULT NULL,
  `fullname` varchar(100) NOT NULL,
  `google_account_id` int DEFAULT NULL,
  `is_active` bit(1) DEFAULT NULL,
  `password` varchar(100) NOT NULL,
  `phone_number` varchar(10) NOT NULL,
  `role_id` bigint DEFAULT NULL,
  PRIMARY KEY (`id`),
  KEY `FKp56c1712k691lhsyewcssf40f` (`role_id`),
  CONSTRAINT `FKp56c1712k691lhsyewcssf40f` FOREIGN KEY (`role_id`) REFERENCES `roles` (`id`)
) ENGINE=InnoDB AUTO_INCREMENT=6 DEFAULT CHARSET=utf8mb4 COLLATE=utf8mb4_0900_ai_ci;
/*!40101 SET character_set_client = @saved_cs_client */;

--
-- Dumping data for table `users`
--

LOCK TABLES `users` WRITE;
/*!40000 ALTER TABLE `users` DISABLE KEYS */;
INSERT INTO `users` VALUES (1,'2024-09-30 11:03:57.349406','2024-09-30 11:03:57.349406','Hoa Xuan','2001-09-17 07:00:00.000000',0,'nguyen van A',0,_binary '\0','$2a$10$h8ciq1LTlWbO2w606AoL7.oDFR2QumiOIWHpnYlYXc6C18bi2N1Ry','1122334455',1),(2,'2024-09-30 11:05:57.270893','2024-09-30 11:05:57.270893','Hoa Xuan','2001-09-17 07:00:00.000000',0,'Nguyen Van B',0,_binary '\0','$2a$10$4YbdIbVH/Dy/vvWJMwiR0uv6Z0rh5wm5d.SISOSbvzHTNeoH5y5VG','123456789',1),(3,'2024-09-30 11:06:09.358818','2024-09-30 11:06:09.358818','Hoa Xuan','2001-09-17 07:00:00.000000',0,'Nguyen Van C',0,_binary '\0','$2a$10$on8hyttZ1cR0uYvUpOJKQe2LXwUWJJHQ6Y9HHgcwljxE7p2/WFOYy','112233',1),(4,'2024-09-30 11:06:29.107242','2024-09-30 11:06:29.107242','Hai Chau','2001-09-17 07:00:00.000000',0,'Nguyen Van D',0,_binary '\0','$2a$10$NkPTefW/DNz8Df1KoTrgTOLCwwafVNTeut.PSNxXCSPpT00kspLc.','11223344',1),(5,'2024-09-30 15:33:31.034068','2024-09-30 15:33:31.034068','Hai Chau','2001-09-17 07:00:00.000000',0,'Nguyen Van abv',0,_binary '\0','$2a$10$CNNJV8b4mkCq7O6/o4hUIelyUUNaxxoQ5ic42XcD3lAxM1RcBU.Y2','123321',1);
/*!40000 ALTER TABLE `users` ENABLE KEYS */;
UNLOCK TABLES;
/*!40103 SET TIME_ZONE=@OLD_TIME_ZONE */;

/*!40101 SET SQL_MODE=@OLD_SQL_MODE */;
/*!40014 SET FOREIGN_KEY_CHECKS=@OLD_FOREIGN_KEY_CHECKS */;
/*!40014 SET UNIQUE_CHECKS=@OLD_UNIQUE_CHECKS */;
/*!40101 SET CHARACTER_SET_CLIENT=@OLD_CHARACTER_SET_CLIENT */;
/*!40101 SET CHARACTER_SET_RESULTS=@OLD_CHARACTER_SET_RESULTS */;
/*!40101 SET COLLATION_CONNECTION=@OLD_COLLATION_CONNECTION */;
/*!40111 SET SQL_NOTES=@OLD_SQL_NOTES */;

-- Dump completed on 2024-10-02 14:10:53
